[{"model": "admin.logentry", "pk": 1, "fields": {"action_time": "2024-03-07T15:07:23.659Z", "user": 1, "content_type": 8, "object_id": "1", "object_repr": "دسته بندی", "action_flag": 3, "change_message": ""}}, {"model": "admin.logentry", "pk": 2, "fields": {"action_time": "2024-03-07T15:08:20.050Z", "user": 1, "content_type": 8, "object_id": "2", "object_repr": "اسلایدر صفحه اصلی", "action_flag": 2, "change_message": "[{\"changed\": {\"fields\": [\"File\"]}}]"}}, {"model": "admin.logentry", "pk": 3, "fields": {"action_time": "2024-03-07T15:08:43.741Z", "user": 1, "content_type": 8, "object_id": "12", "object_repr": "بنر اصلی  2", "action_flag": 1, "change_message": "[{\"added\": {}}]"}}, {"model": "admin.logentry", "pk": 4, "fields": {"action_time": "2024-03-07T15:09:02.749Z", "user": 1, "content_type": 8, "object_id": "13", "object_repr": "بنر اصلی 3", "action_flag": 1, "change_message": "[{\"added\": {}}]"}}, {"model": "admin.logentry", "pk": 5, "fields": {"action_time": "2024-03-07T15:09:44.755Z", "user": 1, "content_type": 8, "object_id": "11", "object_repr": "post", "action_flag": 2, "change_message": "[{\"changed\": {\"fields\": [\"File\"]}}]"}}, {"model": "admin.logentry", "pk": 6, "fields": {"action_time": "2024-03-07T15:10:00.283Z", "user": 1, "content_type": 8, "object_id": "10", "object_repr": "Tipax", "action_flag": 2, "change_message": "[{\"changed\": {\"fields\": [\"File\"]}}]"}}, {"model": "admin.logentry", "pk": 7, "fields": {"action_time": "2024-03-07T15:10:30.961Z", "user": 1, "content_type": 8, "object_id": "6", "object_repr": "نایک زوم پگاسوس توربو مشکی", "action_flag": 2, "change_message": "[{\"changed\": {\"fields\": [\"File\"]}}]"}}, {"model": "admin.logentry", "pk": 8, "fields": {"action_time": "2024-03-07T15:10:54.668Z", "user": 1, "content_type": 8, "object_id": "7", "object_repr": "کفش نیوبالانس NewBalance AM574", "action_flag": 2, "change_message": "[{\"changed\": {\"fields\": [\"File\"]}}]"}}, {"model": "admin.logentry", "pk": 9, "fields": {"action_time": "2024-03-07T15:11:08.479Z", "user": 1, "content_type": 8, "object_id": "8", "object_repr": "کفش سالومون اکس تی راش Salomon XT-RUSH", "action_flag": 2, "change_message": "[{\"changed\": {\"fields\": [\"File\"]}}]"}}, {"model": "admin.logentry", "pk": 10, "fields": {"action_time": "2024-03-07T15:11:21.152Z", "user": 1, "content_type": 8, "object_id": "9", "object_repr": "کفش آدیداس Adidas X_PLR", "action_flag": 2, "change_message": "[{\"changed\": {\"fields\": [\"File\"]}}]"}}, {"model": "admin.logentry", "pk": 11, "fields": {"action_time": "2024-03-07T16:41:40.384Z", "user": 1, "content_type": 8, "object_id": "5", "object_repr": "برند نایک", "action_flag": 2, "change_message": "[{\"changed\": {\"fields\": [\"File\"]}}]"}}, {"model": "admin.logentry", "pk": 12, "fields": {"action_time": "2024-03-07T16:41:58.257Z", "user": 1, "content_type": 8, "object_id": "3", "object_repr": "بنر بالایی", "action_flag": 2, "change_message": "[{\"changed\": {\"fields\": [\"File\"]}}]"}}, {"model": "admin.logentry", "pk": 13, "fields": {"action_time": "2024-03-07T16:42:19.159Z", "user": 1, "content_type": 8, "object_id": "4", "object_repr": "بنر پایینی", "action_flag": 2, "change_message": "[{\"changed\": {\"fields\": [\"File\"]}}]"}}, {"model": "admin.logentry", "pk": 14, "fields": {"action_time": "2024-03-07T16:43:53.458Z", "user": 1, "content_type": 25, "object_id": "27", "object_repr": "اکلاس جدا", "action_flag": 2, "change_message": "[{\"changed\": {\"fields\": [\"Title ir\"]}}]"}}, {"model": "admin.logentry", "pk": 15, "fields": {"action_time": "2024-03-07T16:46:32.264Z", "user": 1, "content_type": 20, "object_id": "11", "object_repr": "نیوبالانس - newbalance", "action_flag": 2, "change_message": "[{\"changed\": {\"fields\": [\"Order\"]}}]"}}, {"model": "admin.logentry", "pk": 16, "fields": {"action_time": "2024-03-07T17:18:46.154Z", "user": 1, "content_type": 9, "object_id": "5", "object_repr": "wawa - اسلایدر صفحه اصلی 0x0", "action_flag": 2, "change_message": "[{\"changed\": {\"fields\": [\"Order\"]}}]"}}, {"model": "admin.logentry", "pk": 17, "fields": {"action_time": "2024-03-07T17:19:13.162Z", "user": 1, "content_type": 9, "object_id": "2", "object_repr": "سلام - اسلایدر صفحه اصلی 0x0", "action_flag": 2, "change_message": "[{\"changed\": {\"fields\": [\"Image\"]}}]"}}, {"model": "admin.logentry", "pk": 18, "fields": {"action_time": "2024-03-07T17:19:15.668Z", "user": 1, "content_type": 9, "object_id": "1", "object_repr": "تست - اسلایدر صفحه اصلی 0x0", "action_flag": 2, "change_message": "[{\"changed\": {\"fields\": [\"Image\"]}}]"}}, {"model": "admin.logentry", "pk": 19, "fields": {"action_time": "2024-03-07T18:03:33.975Z", "user": 1, "content_type": 38, "object_id": "1", "object_repr": "پست پیشتاز", "action_flag": 1, "change_message": "[{\"added\": {}}]"}}, {"model": "admin.logentry", "pk": 20, "fields": {"action_time": "2024-03-07T18:03:46.865Z", "user": 1, "content_type": 38, "object_id": "2", "object_repr": "تیپاکس", "action_flag": 1, "change_message": "[{\"added\": {}}]"}}, {"model": "admin.logentry", "pk": 21, "fields": {"action_time": "2024-03-07T18:04:10.574Z", "user": 1, "content_type": 39, "object_id": "1", "object_repr": "تیپاکس ( None ): 0 - رایگان بالای : 0", "action_flag": 1, "change_message": "[{\"added\": {}}]"}}, {"model": "admin.logentry", "pk": 22, "fields": {"action_time": "2024-03-07T18:04:30.761Z", "user": 1, "content_type": 39, "object_id": "2", "object_repr": "پست پیشتاز ( None ): 23,000 - رایگان بالای : 0", "action_flag": 1, "change_message": "[{\"added\": {}}]"}}, {"model": "admin.logentry", "pk": 23, "fields": {"action_time": "2024-03-09T05:03:08.114Z", "user": 1, "content_type": 36, "object_id": "1", "object_repr": "[ taymaz ] 100% (usage : 0)", "action_flag": 1, "change_message": "[{\"added\": {}}]"}}, {"model": "admin.logentry", "pk": 24, "fields": {"action_time": "2024-03-09T07:32:32.192Z", "user": 1, "content_type": 33, "object_id": "10", "object_repr": "None - 09332214332 Count : ( 1 ) : ( Paid ) : ( Processing ) ", "action_flag": 2, "change_message": "[{\"changed\": {\"fields\": [\"Delivery status\"]}}]"}}, {"model": "admin.logentry", "pk": 25, "fields": {"action_time": "2024-03-09T13:04:09.910Z", "user": 1, "content_type": 25, "object_id": "22", "object_repr": "محصول تک", "action_flag": 2, "change_message": "[{\"changed\": {\"name\": \"stock record\", \"object\": \"TKU-standalone-1000\", \"fields\": [\"Num stock\"]}}]"}}, {"model": "admin.logentry", "pk": 26, "fields": {"action_time": "2024-03-09T13:07:15.262Z", "user": 1, "content_type": 25, "object_id": "22", "object_repr": "محصول تک", "action_flag": 2, "change_message": "[{\"changed\": {\"name\": \"stock record\", \"object\": \"TKU-standalone-1000\", \"fields\": [\"Num stock\"]}}]"}}, {"model": "admin.logentry", "pk": 27, "fields": {"action_time": "2024-03-09T13:21:08.230Z", "user": 1, "content_type": 25, "object_id": "22", "object_repr": "محصول تک", "action_flag": 2, "change_message": "[{\"changed\": {\"name\": \"stock record\", \"object\": \"TKU-standalone-1000\", \"fields\": [\"Num stock\"]}}]"}}, {"model": "admin.logentry", "pk": 28, "fields": {"action_time": "2024-03-09T13:27:16.523Z", "user": 1, "content_type": 25, "object_id": "22", "object_repr": "محصول تک", "action_flag": 2, "change_message": "[{\"changed\": {\"name\": \"stock record\", \"object\": \"TKU-standalone-1000\", \"fields\": [\"Num stock\"]}}]"}}, {"model": "admin.logentry", "pk": 29, "fields": {"action_time": "2024-03-09T13:30:07.711Z", "user": 1, "content_type": 25, "object_id": "22", "object_repr": "محصول تک", "action_flag": 2, "change_message": "[{\"changed\": {\"name\": \"stock record\", \"object\": \"TKU-standalone-1000\", \"fields\": [\"Num stock\"]}}]"}}, {"model": "admin.logentry", "pk": 30, "fields": {"action_time": "2024-03-09T13:30:36.853Z", "user": 1, "content_type": 25, "object_id": "22", "object_repr": "محصول تک", "action_flag": 2, "change_message": "[{\"changed\": {\"name\": \"stock record\", \"object\": \"TKU-standalone-1000\", \"fields\": [\"Num stock\"]}}]"}}, {"model": "admin.logentry", "pk": 31, "fields": {"action_time": "2024-03-09T13:35:34.686Z", "user": 1, "content_type": 25, "object_id": "22", "object_repr": "محصول تک", "action_flag": 2, "change_message": "[{\"changed\": {\"name\": \"stock record\", \"object\": \"TKU-standalone-1000\", \"fields\": [\"Num stock\"]}}]"}}, {"model": "admin.logentry", "pk": 32, "fields": {"action_time": "2024-03-09T14:34:08.079Z", "user": 1, "content_type": 25, "object_id": "22", "object_repr": "محصول تک", "action_flag": 2, "change_message": "[{\"changed\": {\"name\": \"stock record\", \"object\": \"TKU-standalone-1000\", \"fields\": [\"Num stock\"]}}]"}}, {"model": "admin.logentry", "pk": 33, "fields": {"action_time": "2024-03-09T14:35:40.954Z", "user": 1, "content_type": 25, "object_id": "22", "object_repr": "محصول تک", "action_flag": 2, "change_message": "[{\"changed\": {\"name\": \"stock record\", \"object\": \"TKU-standalone-1000\", \"fields\": [\"Num stock\"]}}]"}}, {"model": "admin.logentry", "pk": 34, "fields": {"action_time": "2024-03-09T14:36:49.009Z", "user": 1, "content_type": 25, "object_id": "22", "object_repr": "محصول تک", "action_flag": 2, "change_message": "[{\"changed\": {\"name\": \"stock record\", \"object\": \"TKU-standalone-1000\", \"fields\": [\"Num stock\", \"In order limit\"]}}]"}}, {"model": "admin.logentry", "pk": 35, "fields": {"action_time": "2024-03-09T14:37:29.487Z", "user": 1, "content_type": 25, "object_id": "22", "object_repr": "محصول تک", "action_flag": 2, "change_message": "[{\"changed\": {\"name\": \"stock record\", \"object\": \"TKU-standalone-1000\", \"fields\": [\"Num stock\"]}}]"}}, {"model": "admin.logentry", "pk": 36, "fields": {"action_time": "2024-03-09T14:39:41.674Z", "user": 1, "content_type": 25, "object_id": "22", "object_repr": "محصول تک", "action_flag": 2, "change_message": "[{\"changed\": {\"name\": \"stock record\", \"object\": \"TKU-standalone-1000\", \"fields\": [\"Num stock\"]}}]"}}, {"model": "admin.logentry", "pk": 37, "fields": {"action_time": "2024-03-09T14:42:43.707Z", "user": 1, "content_type": 25, "object_id": "22", "object_repr": "محصول تک", "action_flag": 2, "change_message": "[{\"changed\": {\"name\": \"stock record\", \"object\": \"TKU-standalone-1000\", \"fields\": [\"Num stock\"]}}]"}}, {"model": "admin.logentry", "pk": 38, "fields": {"action_time": "2024-03-09T14:43:26.025Z", "user": 1, "content_type": 25, "object_id": "22", "object_repr": "محصول تک", "action_flag": 2, "change_message": "[{\"changed\": {\"name\": \"stock record\", \"object\": \"TKU-standalone-1000\", \"fields\": [\"In order limit\"]}}]"}}, {"model": "admin.logentry", "pk": 39, "fields": {"action_time": "2024-03-10T13:48:57.103Z", "user": 1, "content_type": 25, "object_id": "3", "object_repr": "None", "action_flag": 2, "change_message": "[{\"changed\": {\"name\": \"stock record\", \"object\": \"None\", \"fields\": [\"Num stock\"]}}]"}}, {"model": "admin.logentry", "pk": 40, "fields": {"action_time": "2024-03-11T08:54:42.346Z", "user": 1, "content_type": 36, "object_id": "2", "object_repr": "[ test ] 1,000,000$ (usage : 0)", "action_flag": 1, "change_message": "[{\"added\": {}}]"}}, {"model": "admin.logentry", "pk": 41, "fields": {"action_time": "2024-03-11T09:00:36.361Z", "user": 1, "content_type": 25, "object_id": "3", "object_repr": "None", "action_flag": 2, "change_message": "[{\"changed\": {\"name\": \"stock record\", \"object\": \"None\", \"fields\": [\"Special sale price\"]}}]"}}, {"model": "admin.logentry", "pk": 42, "fields": {"action_time": "2024-03-11T09:01:12.363Z", "user": 1, "content_type": 25, "object_id": "3", "object_repr": "None", "action_flag": 2, "change_message": "[{\"changed\": {\"name\": \"stock record\", \"object\": \"None\", \"fields\": [\"Special sale price\"]}}]"}}, {"model": "admin.logentry", "pk": 43, "fields": {"action_time": "2024-03-11T09:06:26.991Z", "user": 1, "content_type": 25, "object_id": "3", "object_repr": "None", "action_flag": 2, "change_message": "[{\"changed\": {\"name\": \"stock record\", \"object\": \"None\", \"fields\": [\"Special sale price\"]}}]"}}, {"model": "admin.logentry", "pk": 44, "fields": {"action_time": "2024-03-11T09:19:13.876Z", "user": 1, "content_type": 25, "object_id": "3", "object_repr": "None", "action_flag": 2, "change_message": "[{\"changed\": {\"name\": \"stock record\", \"object\": \"None\", \"fields\": [\"Special sale price\"]}}]"}}, {"model": "admin.logentry", "pk": 45, "fields": {"action_time": "2024-03-11T09:28:33.711Z", "user": 1, "content_type": 25, "object_id": "3", "object_repr": "None", "action_flag": 2, "change_message": "[{\"changed\": {\"name\": \"stock record\", \"object\": \"None\", \"fields\": [\"Special sale price\"]}}]"}}, {"model": "admin.logentry", "pk": 46, "fields": {"action_time": "2024-03-11T09:31:19.441Z", "user": 1, "content_type": 25, "object_id": "3", "object_repr": "None", "action_flag": 2, "change_message": "[{\"changed\": {\"name\": \"stock record\", \"object\": \"None\", \"fields\": [\"Special sale price\"]}}]"}}, {"model": "admin.logentry", "pk": 47, "fields": {"action_time": "2024-03-11T09:35:29.143Z", "user": 1, "content_type": 25, "object_id": "3", "object_repr": "None", "action_flag": 2, "change_message": "[{\"changed\": {\"name\": \"stock record\", \"object\": \"None\", \"fields\": [\"Special sale price\"]}}]"}}, {"model": "admin.logentry", "pk": 48, "fields": {"action_time": "2024-03-11T09:38:50.651Z", "user": 1, "content_type": 25, "object_id": "3", "object_repr": "None", "action_flag": 2, "change_message": "[{\"changed\": {\"name\": \"stock record\", \"object\": \"None\", \"fields\": [\"Special sale price start at\", \"Special sale price end at\"]}}]"}}, {"model": "admin.logentry", "pk": 49, "fields": {"action_time": "2024-03-11T09:40:29.396Z", "user": 1, "content_type": 25, "object_id": "3", "object_repr": "None", "action_flag": 2, "change_message": "[{\"changed\": {\"name\": \"stock record\", \"object\": \"None\", \"fields\": [\"Special sale price\"]}}]"}}, {"model": "admin.logentry", "pk": 50, "fields": {"action_time": "2024-03-11T09:48:15.017Z", "user": 1, "content_type": 25, "object_id": "3", "object_repr": "None", "action_flag": 2, "change_message": "[{\"changed\": {\"name\": \"stock record\", \"object\": \"None\", \"fields\": [\"Special sale price\"]}}]"}}, {"model": "admin.logentry", "pk": 51, "fields": {"action_time": "2024-03-14T10:25:21.659Z", "user": 1, "content_type": 33, "object_id": "33", "object_repr": "None - 09981879975 Count : ( 1 ) : ( Open Order ) : ( None ) ", "action_flag": 2, "change_message": "[{\"changed\": {\"fields\": [\"Lock\"]}}]"}}, {"model": "admin.logentry", "pk": 52, "fields": {"action_time": "2024-03-14T10:27:47.070Z", "user": 1, "content_type": 33, "object_id": "34", "object_repr": "None - 09981879975 Count : ( 1 ) : ( Open Order ) : ( None ) ", "action_flag": 2, "change_message": "[{\"changed\": {\"fields\": [\"Lock\", \"Shipping rate\", \"Address\"]}}]"}}, {"model": "admin.logentry", "pk": 53, "fields": {"action_time": "2024-03-14T10:31:07.055Z", "user": 1, "content_type": 33, "object_id": "34", "object_repr": "None - 09981879975 Count : ( 1 ) : ( Open Order ) : ( None ) ", "action_flag": 2, "change_message": "[{\"changed\": {\"fields\": [\"Lock\", \"Shipping rate\", \"Address\"]}}]"}}, {"model": "admin.logentry", "pk": 54, "fields": {"action_time": "2024-03-14T10:33:55.414Z", "user": 1, "content_type": 33, "object_id": "34", "object_repr": "None - 09981879975 Count : ( 1 ) : ( Open Order ) : ( None ) ", "action_flag": 2, "change_message": "[{\"changed\": {\"fields\": [\"Payment status\", \"Delivery status\", \"Shipping rate\", \"Address\", \"Delivery status modified at\", \"Ordered at\", \"Final profit price\", \"Final total items final price\", \"Final total items before discount price\", \"Final coupon effect price\"]}}]"}}, {"model": "admin.logentry", "pk": 55, "fields": {"action_time": "2024-03-14T10:36:00.447Z", "user": 1, "content_type": 33, "object_id": "35", "object_repr": "None - 09981879975 Count : ( 0 ) : ( Open Order ) : ( None ) ", "action_flag": 3, "change_message": ""}}, {"model": "admin.logentry", "pk": 56, "fields": {"action_time": "2024-03-16T13:35:33.786Z", "user": 1, "content_type": 33, "object_id": "37", "object_repr": "None - 09961362681 Count : ( 1 ) : ( Paid ) : ( Delivered ) ", "action_flag": 2, "change_message": "[{\"changed\": {\"fields\": [\"Delivery status\"]}}]"}}, {"model": "admin.logentry", "pk": 57, "fields": {"action_time": "2024-03-19T21:15:55.575Z", "user": 1, "content_type": 18, "object_id": "31", "object_repr": "taymazak1382@gmail.com : 5783", "action_flag": 3, "change_message": ""}}, {"model": "admin.logentry", "pk": 58, "fields": {"action_time": "2024-03-19T21:18:26.309Z", "user": 1, "content_type": 18, "object_id": "32", "object_repr": "taymazak1382@gmail.com : 5605", "action_flag": 3, "change_message": ""}}, {"model": "admin.logentry", "pk": 59, "fields": {"action_time": "2024-03-19T21:21:40.122Z", "user": 1, "content_type": 18, "object_id": "33", "object_repr": "taymazak1382@gmail.com : 9323", "action_flag": 3, "change_message": ""}}, {"model": "admin.logentry", "pk": 60, "fields": {"action_time": "2024-03-19T21:25:33.608Z", "user": 1, "content_type": 18, "object_id": "34", "object_repr": "taymazak1382@gmail.com : 9977", "action_flag": 3, "change_message": ""}}, {"model": "admin.logentry", "pk": 61, "fields": {"action_time": "2024-03-19T21:26:32.716Z", "user": 1, "content_type": 18, "object_id": "35", "object_repr": "taymazak1382@gmail.com : 2059", "action_flag": 3, "change_message": ""}}, {"model": "admin.logentry", "pk": 62, "fields": {"action_time": "2024-03-19T21:31:51.495Z", "user": 1, "content_type": 18, "object_id": "40", "object_repr": "taymawzakjj1382@gmail.com : 5937", "action_flag": 3, "change_message": ""}}, {"model": "admin.logentry", "pk": 63, "fields": {"action_time": "2024-03-19T21:31:51.558Z", "user": 1, "content_type": 18, "object_id": "39", "object_repr": "taymawzak1382@gmail.com : 8248", "action_flag": 3, "change_message": ""}}, {"model": "admin.logentry", "pk": 64, "fields": {"action_time": "2024-03-19T21:31:51.616Z", "user": 1, "content_type": 18, "object_id": "38", "object_repr": "taymazak1382@gmail.com2 : 5145", "action_flag": 3, "change_message": ""}}, {"model": "admin.logentry", "pk": 65, "fields": {"action_time": "2024-03-19T21:31:51.761Z", "user": 1, "content_type": 18, "object_id": "37", "object_repr": "taymazak13812@gmail.com1 : 8597", "action_flag": 3, "change_message": ""}}, {"model": "admin.logentry", "pk": 66, "fields": {"action_time": "2024-03-19T21:31:52.148Z", "user": 1, "content_type": 18, "object_id": "36", "object_repr": "taymazak1382@gmail.com : 1098", "action_flag": 3, "change_message": ""}}, {"model": "admin.logentry", "pk": 67, "fields": {"action_time": "2024-03-19T21:56:59.910Z", "user": 1, "content_type": 18, "object_id": "47", "object_repr": "taymazak1382@gmail.comwawawawa : 9886", "action_flag": 3, "change_message": ""}}, {"model": "admin.logentry", "pk": 68, "fields": {"action_time": "2024-03-19T21:57:00.136Z", "user": 1, "content_type": 18, "object_id": "46", "object_repr": "taymazak1382@gmail.com : 7273", "action_flag": 3, "change_message": ""}}, {"model": "admin.logentry", "pk": 69, "fields": {"action_time": "2024-03-19T21:57:00.361Z", "user": 1, "content_type": 18, "object_id": "45", "object_repr": "09981879975 : 8175", "action_flag": 3, "change_message": ""}}, {"model": "admin.logentry", "pk": 70, "fields": {"action_time": "2024-03-19T21:57:00.587Z", "user": 1, "content_type": 18, "object_id": "43", "object_repr": "taymazak138wfawfa2@gmail.com : 8216", "action_flag": 3, "change_message": ""}}, {"model": "admin.logentry", "pk": 71, "fields": {"action_time": "2024-03-19T21:57:00.811Z", "user": 1, "content_type": 18, "object_id": "42", "object_repr": "taymazak13822@gmail.com : 6481", "action_flag": 3, "change_message": ""}}, {"model": "admin.logentry", "pk": 72, "fields": {"action_time": "2024-03-22T17:40:54.620Z", "user": 1, "content_type": 25, "object_id": "23", "object_repr": "تست مولتی چویس", "action_flag": 2, "change_message": "[{\"changed\": {\"fields\": [\"Description\"]}}]"}}, {"model": "admin.logentry", "pk": 73, "fields": {"action_time": "2024-03-26T08:50:37.221Z", "user": 1, "content_type": 25, "object_id": "23", "object_repr": "تست مولتی چویس", "action_flag": 2, "change_message": "[{\"changed\": {\"fields\": [\"Description\"]}}]"}}, {"model": "auth.permission", "pk": 1, "fields": {"name": "Can add log entry", "content_type": 1, "codename": "add_logentry"}}, {"model": "auth.permission", "pk": 2, "fields": {"name": "Can change log entry", "content_type": 1, "codename": "change_logentry"}}, {"model": "auth.permission", "pk": 3, "fields": {"name": "Can delete log entry", "content_type": 1, "codename": "delete_logentry"}}, {"model": "auth.permission", "pk": 4, "fields": {"name": "Can view log entry", "content_type": 1, "codename": "view_logentry"}}, {"model": "auth.permission", "pk": 5, "fields": {"name": "Can add permission", "content_type": 2, "codename": "add_permission"}}, {"model": "auth.permission", "pk": 6, "fields": {"name": "Can change permission", "content_type": 2, "codename": "change_permission"}}, {"model": "auth.permission", "pk": 7, "fields": {"name": "Can delete permission", "content_type": 2, "codename": "delete_permission"}}, {"model": "auth.permission", "pk": 8, "fields": {"name": "Can view permission", "content_type": 2, "codename": "view_permission"}}, {"model": "auth.permission", "pk": 9, "fields": {"name": "Can add group", "content_type": 3, "codename": "add_group"}}, {"model": "auth.permission", "pk": 10, "fields": {"name": "Can change group", "content_type": 3, "codename": "change_group"}}, {"model": "auth.permission", "pk": 11, "fields": {"name": "Can delete group", "content_type": 3, "codename": "delete_group"}}, {"model": "auth.permission", "pk": 12, "fields": {"name": "Can view group", "content_type": 3, "codename": "view_group"}}, {"model": "auth.permission", "pk": 13, "fields": {"name": "Can add content type", "content_type": 4, "codename": "add_contenttype"}}, {"model": "auth.permission", "pk": 14, "fields": {"name": "Can change content type", "content_type": 4, "codename": "change_contenttype"}}, {"model": "auth.permission", "pk": 15, "fields": {"name": "Can delete content type", "content_type": 4, "codename": "delete_contenttype"}}, {"model": "auth.permission", "pk": 16, "fields": {"name": "Can view content type", "content_type": 4, "codename": "view_contenttype"}}, {"model": "auth.permission", "pk": 17, "fields": {"name": "Can add session", "content_type": 5, "codename": "add_session"}}, {"model": "auth.permission", "pk": 18, "fields": {"name": "Can change session", "content_type": 5, "codename": "change_session"}}, {"model": "auth.permission", "pk": 19, "fields": {"name": "Can delete session", "content_type": 5, "codename": "delete_session"}}, {"model": "auth.permission", "pk": 20, "fields": {"name": "Can view session", "content_type": 5, "codename": "view_session"}}, {"model": "auth.permission", "pk": 21, "fields": {"name": "Can add outstanding token", "content_type": 6, "codename": "add_outstandingtoken"}}, {"model": "auth.permission", "pk": 22, "fields": {"name": "Can change outstanding token", "content_type": 6, "codename": "change_outstandingtoken"}}, {"model": "auth.permission", "pk": 23, "fields": {"name": "Can delete outstanding token", "content_type": 6, "codename": "delete_outstandingtoken"}}, {"model": "auth.permission", "pk": 24, "fields": {"name": "Can view outstanding token", "content_type": 6, "codename": "view_outstandingtoken"}}, {"model": "auth.permission", "pk": 25, "fields": {"name": "Can add blacklisted token", "content_type": 7, "codename": "add_blacklistedtoken"}}, {"model": "auth.permission", "pk": 26, "fields": {"name": "Can change blacklisted token", "content_type": 7, "codename": "change_blacklistedtoken"}}, {"model": "auth.permission", "pk": 27, "fields": {"name": "Can delete blacklisted token", "content_type": 7, "codename": "delete_blacklistedtoken"}}, {"model": "auth.permission", "pk": 28, "fields": {"name": "Can view blacklisted token", "content_type": 7, "codename": "view_blacklistedtoken"}}, {"model": "auth.permission", "pk": 29, "fields": {"name": "Can add media", "content_type": 8, "codename": "add_media"}}, {"model": "auth.permission", "pk": 30, "fields": {"name": "Can change media", "content_type": 8, "codename": "change_media"}}, {"model": "auth.permission", "pk": 31, "fields": {"name": "Can delete media", "content_type": 8, "codename": "delete_media"}}, {"model": "auth.permission", "pk": 32, "fields": {"name": "Can view media", "content_type": 8, "codename": "view_media"}}, {"model": "auth.permission", "pk": 33, "fields": {"name": "Can add Banner", "content_type": 9, "codename": "add_banner"}}, {"model": "auth.permission", "pk": 34, "fields": {"name": "Can change Banner", "content_type": 9, "codename": "change_banner"}}, {"model": "auth.permission", "pk": 35, "fields": {"name": "Can delete Banner", "content_type": 9, "codename": "delete_banner"}}, {"model": "auth.permission", "pk": 36, "fields": {"name": "Can view Banner", "content_type": 9, "codename": "view_banner"}}, {"model": "auth.permission", "pk": 37, "fields": {"name": "Can add user", "content_type": 10, "codename": "add_user"}}, {"model": "auth.permission", "pk": 38, "fields": {"name": "Can change user", "content_type": 10, "codename": "change_user"}}, {"model": "auth.permission", "pk": 39, "fields": {"name": "Can delete user", "content_type": 10, "codename": "delete_user"}}, {"model": "auth.permission", "pk": 40, "fields": {"name": "Can view user", "content_type": 10, "codename": "view_user"}}, {"model": "auth.permission", "pk": 41, "fields": {"name": "Can add recycle user", "content_type": 11, "codename": "add_recycleuser"}}, {"model": "auth.permission", "pk": 42, "fields": {"name": "Can change recycle user", "content_type": 11, "codename": "change_recycleuser"}}, {"model": "auth.permission", "pk": 43, "fields": {"name": "Can delete recycle user", "content_type": 11, "codename": "delete_recycleuser"}}, {"model": "auth.permission", "pk": 44, "fields": {"name": "Can view recycle user", "content_type": 11, "codename": "view_recycleuser"}}, {"model": "auth.permission", "pk": 45, "fields": {"name": "Can add user previous detail history", "content_type": 12, "codename": "add_userpreviousdetailhistory"}}, {"model": "auth.permission", "pk": 46, "fields": {"name": "Can change user previous detail history", "content_type": 12, "codename": "change_userpreviousdetailhistory"}}, {"model": "auth.permission", "pk": 47, "fields": {"name": "Can delete user previous detail history", "content_type": 12, "codename": "delete_userpreviousdetailhistory"}}, {"model": "auth.permission", "pk": 48, "fields": {"name": "Can view user previous detail history", "content_type": 12, "codename": "view_userpreviousdetailhistory"}}, {"model": "auth.permission", "pk": 49, "fields": {"name": "Can add user password reset token", "content_type": 13, "codename": "add_userpasswordresettoken"}}, {"model": "auth.permission", "pk": 50, "fields": {"name": "Can change user password reset token", "content_type": 13, "codename": "change_userpasswordresettoken"}}, {"model": "auth.permission", "pk": 51, "fields": {"name": "Can delete user password reset token", "content_type": 13, "codename": "delete_userpasswordresettoken"}}, {"model": "auth.permission", "pk": 52, "fields": {"name": "Can view user password reset token", "content_type": 13, "codename": "view_userpasswordresettoken"}}, {"model": "auth.permission", "pk": 53, "fields": {"name": "Can add user search history", "content_type": 14, "codename": "add_usersearchhistory"}}, {"model": "auth.permission", "pk": 54, "fields": {"name": "Can change user search history", "content_type": 14, "codename": "change_usersearchhistory"}}, {"model": "auth.permission", "pk": 55, "fields": {"name": "Can delete user search history", "content_type": 14, "codename": "delete_usersearchhistory"}}, {"model": "auth.permission", "pk": 56, "fields": {"name": "Can view user search history", "content_type": 14, "codename": "view_usersearchhistory"}}, {"model": "auth.permission", "pk": 57, "fields": {"name": "Can add user favorite product", "content_type": 15, "codename": "add_userfavoriteproduct"}}, {"model": "auth.permission", "pk": 58, "fields": {"name": "Can change user favorite product", "content_type": 15, "codename": "change_userfavoriteproduct"}}, {"model": "auth.permission", "pk": 59, "fields": {"name": "Can delete user favorite product", "content_type": 15, "codename": "delete_userfavoriteproduct"}}, {"model": "auth.permission", "pk": 60, "fields": {"name": "Can view user favorite product", "content_type": 15, "codename": "view_userfavoriteproduct"}}, {"model": "auth.permission", "pk": 61, "fields": {"name": "Can add user recent visited product", "content_type": 16, "codename": "add_userrecentvisitedproduct"}}, {"model": "auth.permission", "pk": 62, "fields": {"name": "Can change user recent visited product", "content_type": 16, "codename": "change_userrecentvisitedproduct"}}, {"model": "auth.permission", "pk": 63, "fields": {"name": "Can delete user recent visited product", "content_type": 16, "codename": "delete_userrecentvisitedproduct"}}, {"model": "auth.permission", "pk": 64, "fields": {"name": "Can view user recent visited product", "content_type": 16, "codename": "view_userrecentvisitedproduct"}}, {"model": "auth.permission", "pk": 65, "fields": {"name": "Can add user addresses", "content_type": 17, "codename": "add_useraddresses"}}, {"model": "auth.permission", "pk": 66, "fields": {"name": "Can change user addresses", "content_type": 17, "codename": "change_useraddresses"}}, {"model": "auth.permission", "pk": 67, "fields": {"name": "Can delete user addresses", "content_type": 17, "codename": "delete_useraddresses"}}, {"model": "auth.permission", "pk": 68, "fields": {"name": "Can view user addresses", "content_type": 17, "codename": "view_useraddresses"}}, {"model": "auth.permission", "pk": 69, "fields": {"name": "Can add verify otp service", "content_type": 18, "codename": "add_verifyotpservice"}}, {"model": "auth.permission", "pk": 70, "fields": {"name": "Can change verify otp service", "content_type": 18, "codename": "change_verifyotpservice"}}, {"model": "auth.permission", "pk": 71, "fields": {"name": "Can delete verify otp service", "content_type": 18, "codename": "delete_verifyotpservice"}}, {"model": "auth.permission", "pk": 72, "fields": {"name": "Can view verify otp service", "content_type": 18, "codename": "view_verifyotpservice"}}, {"model": "auth.permission", "pk": 73, "fields": {"name": "Can add Category", "content_type": 19, "codename": "add_category"}}, {"model": "auth.permission", "pk": 74, "fields": {"name": "Can change Category", "content_type": 19, "codename": "change_category"}}, {"model": "auth.permission", "pk": 75, "fields": {"name": "Can delete Category", "content_type": 19, "codename": "delete_category"}}, {"model": "auth.permission", "pk": 76, "fields": {"name": "Can view Category", "content_type": 19, "codename": "view_category"}}, {"model": "auth.permission", "pk": 77, "fields": {"name": "Can add Brand", "content_type": 20, "codename": "add_brand"}}, {"model": "auth.permission", "pk": 78, "fields": {"name": "Can change Brand", "content_type": 20, "codename": "change_brand"}}, {"model": "auth.permission", "pk": 79, "fields": {"name": "Can delete Brand", "content_type": 20, "codename": "delete_brand"}}, {"model": "auth.permission", "pk": 80, "fields": {"name": "Can view Brand", "content_type": 20, "codename": "view_brand"}}, {"model": "auth.permission", "pk": 81, "fields": {"name": "Can add Option Group", "content_type": 21, "codename": "add_optiongroup"}}, {"model": "auth.permission", "pk": 82, "fields": {"name": "Can change Option Group", "content_type": 21, "codename": "change_optiongroup"}}, {"model": "auth.permission", "pk": 83, "fields": {"name": "Can delete Option Group", "content_type": 21, "codename": "delete_optiongroup"}}, {"model": "auth.permission", "pk": 84, "fields": {"name": "Can view Option Group", "content_type": 21, "codename": "view_optiongroup"}}, {"model": "auth.permission", "pk": 85, "fields": {"name": "Can add Option Group Value", "content_type": 22, "codename": "add_optiongroupvalue"}}, {"model": "auth.permission", "pk": 86, "fields": {"name": "Can change Option Group Value", "content_type": 22, "codename": "change_optiongroupvalue"}}, {"model": "auth.permission", "pk": 87, "fields": {"name": "Can delete Option Group Value", "content_type": 22, "codename": "delete_optiongroupvalue"}}, {"model": "auth.permission", "pk": 88, "fields": {"name": "Can view Option Group Value", "content_type": 22, "codename": "view_optiongroupvalue"}}, {"model": "auth.permission", "pk": 89, "fields": {"name": "Can add Product Class", "content_type": 23, "codename": "add_productclass"}}, {"model": "auth.permission", "pk": 90, "fields": {"name": "Can change Product Class", "content_type": 23, "codename": "change_productclass"}}, {"model": "auth.permission", "pk": 91, "fields": {"name": "Can delete Product Class", "content_type": 23, "codename": "delete_productclass"}}, {"model": "auth.permission", "pk": 92, "fields": {"name": "Can view Product Class", "content_type": 23, "codename": "view_productclass"}}, {"model": "auth.permission", "pk": 93, "fields": {"name": "Can add Product Attribute", "content_type": 24, "codename": "add_productattribute"}}, {"model": "auth.permission", "pk": 94, "fields": {"name": "Can change Product Attribute", "content_type": 24, "codename": "change_productattribute"}}, {"model": "auth.permission", "pk": 95, "fields": {"name": "Can delete Product Attribute", "content_type": 24, "codename": "delete_productattribute"}}, {"model": "auth.permission", "pk": 96, "fields": {"name": "Can view Product Attribute", "content_type": 24, "codename": "view_productattribute"}}, {"model": "auth.permission", "pk": 97, "fields": {"name": "Can add Product", "content_type": 25, "codename": "add_product"}}, {"model": "auth.permission", "pk": 98, "fields": {"name": "Can change Product", "content_type": 25, "codename": "change_product"}}, {"model": "auth.permission", "pk": 99, "fields": {"name": "Can delete Product", "content_type": 25, "codename": "delete_product"}}, {"model": "auth.permission", "pk": 100, "fields": {"name": "Can view Product", "content_type": 25, "codename": "view_product"}}, {"model": "auth.permission", "pk": 101, "fields": {"name": "Can add Attribute Value", "content_type": 26, "codename": "add_productattributevalue"}}, {"model": "auth.permission", "pk": 102, "fields": {"name": "Can change Attribute Value", "content_type": 26, "codename": "change_productattributevalue"}}, {"model": "auth.permission", "pk": 103, "fields": {"name": "Can delete Attribute Value", "content_type": 26, "codename": "delete_productattributevalue"}}, {"model": "auth.permission", "pk": 104, "fields": {"name": "Can view Attribute Value", "content_type": 26, "codename": "view_productattributevalue"}}, {"model": "auth.permission", "pk": 105, "fields": {"name": "Can add product recommendation", "content_type": 27, "codename": "add_productrecommendation"}}, {"model": "auth.permission", "pk": 106, "fields": {"name": "Can change product recommendation", "content_type": 27, "codename": "change_productrecommendation"}}, {"model": "auth.permission", "pk": 107, "fields": {"name": "Can delete product recommendation", "content_type": 27, "codename": "delete_productrecommendation"}}, {"model": "auth.permission", "pk": 108, "fields": {"name": "Can view product recommendation", "content_type": 27, "codename": "view_productrecommendation"}}, {"model": "auth.permission", "pk": 109, "fields": {"name": "Can add product image", "content_type": 28, "codename": "add_productimage"}}, {"model": "auth.permission", "pk": 110, "fields": {"name": "Can change product image", "content_type": 28, "codename": "change_productimage"}}, {"model": "auth.permission", "pk": 111, "fields": {"name": "Can delete product image", "content_type": 28, "codename": "delete_productimage"}}, {"model": "auth.permission", "pk": 112, "fields": {"name": "Can view product image", "content_type": 28, "codename": "view_productimage"}}, {"model": "auth.permission", "pk": 113, "fields": {"name": "Can add product property", "content_type": 29, "codename": "add_productproperty"}}, {"model": "auth.permission", "pk": 114, "fields": {"name": "Can change product property", "content_type": 29, "codename": "change_productproperty"}}, {"model": "auth.permission", "pk": 115, "fields": {"name": "Can delete product property", "content_type": 29, "codename": "delete_productproperty"}}, {"model": "auth.permission", "pk": 116, "fields": {"name": "Can view product property", "content_type": 29, "codename": "view_productproperty"}}, {"model": "auth.permission", "pk": 117, "fields": {"name": "Can add product property value", "content_type": 30, "codename": "add_productpropertyvalue"}}, {"model": "auth.permission", "pk": 118, "fields": {"name": "Can change product property value", "content_type": 30, "codename": "change_productpropertyvalue"}}, {"model": "auth.permission", "pk": 119, "fields": {"name": "Can delete product property value", "content_type": 30, "codename": "delete_productpropertyvalue"}}, {"model": "auth.permission", "pk": 120, "fields": {"name": "Can view product property value", "content_type": 30, "codename": "view_productpropertyvalue"}}, {"model": "auth.permission", "pk": 121, "fields": {"name": "Can add product comment", "content_type": 31, "codename": "add_productcomment"}}, {"model": "auth.permission", "pk": 122, "fields": {"name": "Can change product comment", "content_type": 31, "codename": "change_productcomment"}}, {"model": "auth.permission", "pk": 123, "fields": {"name": "Can delete product comment", "content_type": 31, "codename": "delete_productcomment"}}, {"model": "auth.permission", "pk": 124, "fields": {"name": "Can view product comment", "content_type": 31, "codename": "view_productcomment"}}, {"model": "auth.permission", "pk": 125, "fields": {"name": "Can add stock record", "content_type": 32, "codename": "add_stockrecord"}}, {"model": "auth.permission", "pk": 126, "fields": {"name": "Can change stock record", "content_type": 32, "codename": "change_stockrecord"}}, {"model": "auth.permission", "pk": 127, "fields": {"name": "Can delete stock record", "content_type": 32, "codename": "delete_stockrecord"}}, {"model": "auth.permission", "pk": 128, "fields": {"name": "Can view stock record", "content_type": 32, "codename": "view_stockrecord"}}, {"model": "auth.permission", "pk": 129, "fields": {"name": "Can add order", "content_type": 33, "codename": "add_order"}}, {"model": "auth.permission", "pk": 130, "fields": {"name": "Can change order", "content_type": 33, "codename": "change_order"}}, {"model": "auth.permission", "pk": 131, "fields": {"name": "Can delete order", "content_type": 33, "codename": "delete_order"}}, {"model": "auth.permission", "pk": 132, "fields": {"name": "Can view order", "content_type": 33, "codename": "view_order"}}, {"model": "auth.permission", "pk": 133, "fields": {"name": "Can add order item", "content_type": 34, "codename": "add_orderitem"}}, {"model": "auth.permission", "pk": 134, "fields": {"name": "Can change order item", "content_type": 34, "codename": "change_orderitem"}}, {"model": "auth.permission", "pk": 135, "fields": {"name": "Can delete order item", "content_type": 34, "codename": "delete_orderitem"}}, {"model": "auth.permission", "pk": 136, "fields": {"name": "Can view order item", "content_type": 34, "codename": "view_orderitem"}}, {"model": "auth.permission", "pk": 137, "fields": {"name": "Can add order address", "content_type": 35, "codename": "add_orderaddress"}}, {"model": "auth.permission", "pk": 138, "fields": {"name": "Can change order address", "content_type": 35, "codename": "change_orderaddress"}}, {"model": "auth.permission", "pk": 139, "fields": {"name": "Can delete order address", "content_type": 35, "codename": "delete_orderaddress"}}, {"model": "auth.permission", "pk": 140, "fields": {"name": "Can view order address", "content_type": 35, "codename": "view_orderaddress"}}, {"model": "auth.permission", "pk": 141, "fields": {"name": "Can add coupon", "content_type": 36, "codename": "add_coupon"}}, {"model": "auth.permission", "pk": 142, "fields": {"name": "Can change coupon", "content_type": 36, "codename": "change_coupon"}}, {"model": "auth.permission", "pk": 143, "fields": {"name": "Can delete coupon", "content_type": 36, "codename": "delete_coupon"}}, {"model": "auth.permission", "pk": 144, "fields": {"name": "Can view coupon", "content_type": 36, "codename": "view_coupon"}}, {"model": "auth.permission", "pk": 145, "fields": {"name": "Can add coupon usage", "content_type": 37, "codename": "add_couponusage"}}, {"model": "auth.permission", "pk": 146, "fields": {"name": "Can change coupon usage", "content_type": 37, "codename": "change_couponusage"}}, {"model": "auth.permission", "pk": 147, "fields": {"name": "Can delete coupon usage", "content_type": 37, "codename": "delete_couponusage"}}, {"model": "auth.permission", "pk": 148, "fields": {"name": "Can view coupon usage", "content_type": 37, "codename": "view_couponusage"}}, {"model": "auth.permission", "pk": 149, "fields": {"name": "Can add shipping service", "content_type": 38, "codename": "add_shippingservice"}}, {"model": "auth.permission", "pk": 150, "fields": {"name": "Can change shipping service", "content_type": 38, "codename": "change_shippingservice"}}, {"model": "auth.permission", "pk": 151, "fields": {"name": "Can delete shipping service", "content_type": 38, "codename": "delete_shippingservice"}}, {"model": "auth.permission", "pk": 152, "fields": {"name": "Can view shipping service", "content_type": 38, "codename": "view_shippingservice"}}, {"model": "auth.permission", "pk": 153, "fields": {"name": "Can add shipping rate", "content_type": 39, "codename": "add_shippingrate"}}, {"model": "auth.permission", "pk": 154, "fields": {"name": "Can change shipping rate", "content_type": 39, "codename": "change_shippingrate"}}, {"model": "auth.permission", "pk": 155, "fields": {"name": "Can delete shipping rate", "content_type": 39, "codename": "delete_shippingrate"}}, {"model": "auth.permission", "pk": 156, "fields": {"name": "Can view shipping rate", "content_type": 39, "codename": "view_shippingrate"}}, {"model": "auth.permission", "pk": 157, "fields": {"name": "Can add transaction", "content_type": 40, "codename": "add_transaction"}}, {"model": "auth.permission", "pk": 158, "fields": {"name": "Can change transaction", "content_type": 40, "codename": "change_transaction"}}, {"model": "auth.permission", "pk": 159, "fields": {"name": "Can delete transaction", "content_type": 40, "codename": "delete_transaction"}}, {"model": "auth.permission", "pk": 160, "fields": {"name": "Can view transaction", "content_type": 40, "codename": "view_transaction"}}, {"model": "auth.permission", "pk": 161, "fields": {"name": "Can add user visits", "content_type": 41, "codename": "add_uservisits"}}, {"model": "auth.permission", "pk": 162, "fields": {"name": "Can change user visits", "content_type": 41, "codename": "change_uservisits"}}, {"model": "auth.permission", "pk": 163, "fields": {"name": "Can delete user visits", "content_type": 41, "codename": "delete_uservisits"}}, {"model": "auth.permission", "pk": 164, "fields": {"name": "Can view user visits", "content_type": 41, "codename": "view_uservisits"}}, {"model": "auth.permission", "pk": 165, "fields": {"name": "Can add product visits", "content_type": 42, "codename": "add_productvisits"}}, {"model": "auth.permission", "pk": 166, "fields": {"name": "Can change product visits", "content_type": 42, "codename": "change_productvisits"}}, {"model": "auth.permission", "pk": 167, "fields": {"name": "Can delete product visits", "content_type": 42, "codename": "delete_productvisits"}}, {"model": "auth.permission", "pk": 168, "fields": {"name": "Can view product visits", "content_type": 42, "codename": "view_productvisits"}}, {"model": "contenttypes.contenttype", "pk": 1, "fields": {"app_label": "admin", "model": "logentry"}}, {"model": "contenttypes.contenttype", "pk": 2, "fields": {"app_label": "auth", "model": "permission"}}, {"model": "contenttypes.contenttype", "pk": 3, "fields": {"app_label": "auth", "model": "group"}}, {"model": "contenttypes.contenttype", "pk": 4, "fields": {"app_label": "contenttypes", "model": "contenttype"}}, {"model": "contenttypes.contenttype", "pk": 5, "fields": {"app_label": "sessions", "model": "session"}}, {"model": "contenttypes.contenttype", "pk": 6, "fields": {"app_label": "token_blacklist", "model": "outstandingtoken"}}, {"model": "contenttypes.contenttype", "pk": 7, "fields": {"app_label": "token_blacklist", "model": "blacklistedtoken"}}, {"model": "contenttypes.contenttype", "pk": 8, "fields": {"app_label": "media", "model": "media"}}, {"model": "contenttypes.contenttype", "pk": 9, "fields": {"app_label": "content", "model": "banner"}}, {"model": "contenttypes.contenttype", "pk": 10, "fields": {"app_label": "account", "model": "user"}}, {"model": "contenttypes.contenttype", "pk": 11, "fields": {"app_label": "account", "model": "recycleuser"}}, {"model": "contenttypes.contenttype", "pk": 12, "fields": {"app_label": "account", "model": "userpreviousdetailhistory"}}, {"model": "contenttypes.contenttype", "pk": 13, "fields": {"app_label": "account", "model": "userpasswordresettoken"}}, {"model": "contenttypes.contenttype", "pk": 14, "fields": {"app_label": "account", "model": "usersearchhistory"}}, {"model": "contenttypes.contenttype", "pk": 15, "fields": {"app_label": "account", "model": "userfavoriteproduct"}}, {"model": "contenttypes.contenttype", "pk": 16, "fields": {"app_label": "account", "model": "userrecentvisitedproduct"}}, {"model": "contenttypes.contenttype", "pk": 17, "fields": {"app_label": "address", "model": "useraddresses"}}, {"model": "contenttypes.contenttype", "pk": 18, "fields": {"app_label": "verification", "model": "verifyotpservice"}}, {"model": "contenttypes.contenttype", "pk": 19, "fields": {"app_label": "catalog", "model": "category"}}, {"model": "contenttypes.contenttype", "pk": 20, "fields": {"app_label": "catalog", "model": "brand"}}, {"model": "contenttypes.contenttype", "pk": 21, "fields": {"app_label": "catalog", "model": "optiongroup"}}, {"model": "contenttypes.contenttype", "pk": 22, "fields": {"app_label": "catalog", "model": "optiongroupvalue"}}, {"model": "contenttypes.contenttype", "pk": 23, "fields": {"app_label": "catalog", "model": "productclass"}}, {"model": "contenttypes.contenttype", "pk": 24, "fields": {"app_label": "catalog", "model": "productattribute"}}, {"model": "contenttypes.contenttype", "pk": 25, "fields": {"app_label": "catalog", "model": "product"}}, {"model": "contenttypes.contenttype", "pk": 26, "fields": {"app_label": "catalog", "model": "productattributevalue"}}, {"model": "contenttypes.contenttype", "pk": 27, "fields": {"app_label": "catalog", "model": "productrecommendation"}}, {"model": "contenttypes.contenttype", "pk": 28, "fields": {"app_label": "catalog", "model": "productimage"}}, {"model": "contenttypes.contenttype", "pk": 29, "fields": {"app_label": "catalog", "model": "productproperty"}}, {"model": "contenttypes.contenttype", "pk": 30, "fields": {"app_label": "catalog", "model": "productpropertyvalue"}}, {"model": "contenttypes.contenttype", "pk": 31, "fields": {"app_label": "catalog", "model": "productcomment"}}, {"model": "contenttypes.contenttype", "pk": 32, "fields": {"app_label": "inventory", "model": "stockrecord"}}, {"model": "contenttypes.contenttype", "pk": 33, "fields": {"app_label": "order", "model": "order"}}, {"model": "contenttypes.contenttype", "pk": 34, "fields": {"app_label": "order", "model": "orderitem"}}, {"model": "contenttypes.contenttype", "pk": 35, "fields": {"app_label": "order", "model": "orderaddress"}}, {"model": "contenttypes.contenttype", "pk": 36, "fields": {"app_label": "order", "model": "coupon"}}, {"model": "contenttypes.contenttype", "pk": 37, "fields": {"app_label": "order", "model": "couponusage"}}, {"model": "contenttypes.contenttype", "pk": 38, "fields": {"app_label": "order", "model": "shippingservice"}}, {"model": "contenttypes.contenttype", "pk": 39, "fields": {"app_label": "order", "model": "shippingrate"}}, {"model": "contenttypes.contenttype", "pk": 40, "fields": {"app_label": "transaction", "model": "transaction"}}, {"model": "contenttypes.contenttype", "pk": 41, "fields": {"app_label": "account", "model": "uservisits"}}, {"model": "contenttypes.contenttype", "pk": 42, "fields": {"app_label": "catalog", "model": "productvisits"}}, {"model": "sessions.session", "pk": "24mnwobf3u8zkqw6sxn7drwcxbbm0q50", "fields": {"session_data": ".eJxVjDsOwjAQBe_iGln-26GkzxmsXduLA8iR4qRC3J1ESgHtm5n3ZhG2tcatlyVOmV2ZZJffDSE9SztAfkC7zzzNbV0m5IfCT9r5OOfyup3u30GFXvc6aO3ACmUlOiUckTYeB5fQ54TSKwzZGFEgBwnBCEm2iKCJDA17IAv7fAHKBDea:1rlUBN:RNSbtF_9LweOdoEri69h2DzYeE5rSfO6pTffx5yYMuI", "expire_date": "2024-03-30T13:34:41.711Z"}}, {"model": "sessions.session", "pk": "6bcwks7cwlsumhaxo9lfjmos6ez9ab17", "fields": {"session_data": ".eJxVjMsOwiAQRf-FtSED5enSvd9AYBikaiAp7cr479qkC93ec859sRC3tYZt0BLmzM5MsNPvliI-qO0g32O7dY69rcuc-K7wgw5-7Zmel8P9O6hx1G_tjZJEVgsCV2xxFjxon11MRXtUJqOT05SSNoTSJV-Uk2RAaARCUYC9P9Z7N7k:1rnirt:8UpsGdG05qBmReRbU_e0aRcNryTIB5i7zFO5ZjsKW3I", "expire_date": "2024-04-05T17:39:49.700Z"}}, {"model": "sessions.session", "pk": "708jp24o7pjkxi530p4mn6pperewo2ck", "fields": {"session_data": ".eJxVjDsOwjAQBe_iGln-26GkzxmsXduLA8iR4qRC3J1ESgHtm5n3ZhG2tcatlyVOmV2ZZJffDSE9SztAfkC7zzzNbV0m5IfCT9r5OOfyup3u30GFXvc6aO3ACmUlOiUckTYeB5fQ54TSKwzZGFEgBwnBCEm2iKCJDA17IAv7fAHKBDea:1rp2VX:17r7sfr8hcd4gTk7GqZmRLuQpNywgoWZ9hyiF7er2dc", "expire_date": "2024-04-09T08:50:11.458Z"}}, {"model": "sessions.session", "pk": "frb5c3spl7g0wi42svzr99mpb9681z2m", "fields": {"session_data": ".eJxVjMsOwiAQRf-FtSED5enSvd9AYBikaiAp7cr479qkC93ec859sRC3tYZt0BLmzM5MsNPvliI-qO0g32O7dY69rcuc-K7wgw5-7Zmel8P9O6hx1G_tjZJEVgsCV2xxFjxon11MRXtUJqOT05SSNoTSJV-Uk2RAaARCUYC9P9Z7N7k:1riFBR:SEBGk3hB_LJb-guhEBYIET1pAzMfgJnsnuxhrNhtnDY", "expire_date": "2024-03-21T14:57:21.856Z"}}, {"model": "sessions.session", "pk": "vxhtfikjfzxik67dyimbbjmstwutni2j", "fields": {"session_data": ".eJxVjDsOwjAQBe_iGln-26GkzxmsXduLA8iR4qRC3J1ESgHtm5n3ZhG2tcatlyVOmV2ZZJffDSE9SztAfkC7zzzNbV0m5IfCT9r5OOfyup3u30GFXvc6aO3ACmUlOiUckTYeB5fQ54TSKwzZGFEgBwnBCEm2iKCJDA17IAv7fAHKBDea:1riA1B:i3j3CLNZ-PDuJTT1qcFI6q7M5moIoaJCzKI1hK-TSZM", "expire_date": "2024-03-21T09:26:25.562Z"}}, {"model": "sessions.session", "pk": "wsad1tki7xeq36xevf7f1dqrak0aecxc", "fields": {"session_data": ".eJxVjDsOwjAQBe_iGln-26GkzxmsXduLA8iR4qRC3J1ESgHtm5n3ZhG2tcatlyVOmV2ZZJffDSE9SztAfkC7zzzNbV0m5IfCT9r5OOfyup3u30GFXvc6aO3ACmUlOiUckTYeB5fQ54TSKwzZGFEgBwnBCEm2iKCJDA17IAv7fAHKBDea:1ri05e:JSTOtfDB7iyjYcjZJPAaiGwek4J0l3TH6i5x6skMmb4", "expire_date": "2024-03-20T22:50:22.799Z"}}, {"model": "token_blacklist.outstandingtoken", "pk": 1, "fields": {"user": 1, "jti": "8ebffe38060146bd9ebfd99e7b1a9382", "token": "eyJhbGciOiJIUzI1NiIsInR5cCI6IkpXVCJ9.eyJ0b2tlbl90eXBlIjoicmVmcmVzaCIsImV4cCI6MTcxNzYwMTAyNiwiaWF0IjoxNzA5ODI1MDI2LCJqdGkiOiI4ZWJmZmUzODA2MDE0NmJkOWViZmQ5OWU3YjFhOTM4MiIsInVzZXJfaWQiOjF9.AXAvyOSvUjt-cSwAZc5ZfWEv2JcBthV1HlmpnhvuzSY", "created_at": "2024-03-07T15:23:46.353Z", "expires_at": "2024-06-05T15:23:46Z"}}, {"model": "token_blacklist.outstandingtoken", "pk": 2, "fields": {"user": 1, "jti": "5f6654a3638a4a03b9482d63d829d44e", "token": "eyJhbGciOiJIUzI1NiIsInR5cCI6IkpXVCJ9.eyJ0b2tlbl90eXBlIjoicmVmcmVzaCIsImV4cCI6MTcxNzYwOTkxMCwiaWF0IjoxNzA5ODMzOTEwLCJqdGkiOiI1ZjY2NTRhMzYzOGE0YTAzYjk0ODJkNjNkODI5ZDQ0ZSIsInVzZXJfaWQiOjF9.nMSw8so1ZRPylzDSF881fS5f63FAFXzxDn-iyb1DJhY", "created_at": "2024-03-07T17:51:50.163Z", "expires_at": "2024-06-05T17:51:50Z"}}, {"model": "token_blacklist.outstandingtoken", "pk": 3, "fields": {"user": 1, "jti": "34175a45760f452a923d0899b5452362", "token": "eyJhbGciOiJIUzI1NiIsInR5cCI6IkpXVCJ9.eyJ0b2tlbl90eXBlIjoicmVmcmVzaCIsImV4cCI6MTcxNzYwOTk4MSwiaWF0IjoxNzA5ODMzOTgxLCJqdGkiOiIzNDE3NWE0NTc2MGY0NTJhOTIzZDA4OTliNTQ1MjM2MiIsInVzZXJfaWQiOjF9.SYGzhrhW2HOyYY_zb32mT_LVU6Xf6J1WoXoXk5ORhgY", "created_at": "2024-03-07T17:53:01.061Z", "expires_at": "2024-06-05T17:53:01Z"}}, {"model": "token_blacklist.outstandingtoken", "pk": 4, "fields": {"user": 2, "jti": "38a5a1c347d9440b801a3d1891045ebc", "token": "eyJhbGciOiJIUzI1NiIsInR5cCI6IkpXVCJ9.eyJ0b2tlbl90eXBlIjoicmVmcmVzaCIsImV4cCI6MTcxNzYxNDkwOSwiaWF0IjoxNzA5ODM4OTA5LCJqdGkiOiIzOGE1YTFjMzQ3ZDk0NDBiODAxYTNkMTg5MTA0NWViYyIsInVzZXJfaWQiOjJ9.uPl1sjLy5QPXHt1ZAdgQlBzt8d7paMpxTP2K0XMuyZs", "created_at": "2024-03-07T19:15:09.407Z", "expires_at": "2024-06-05T19:15:09Z"}}, {"model": "token_blacklist.outstandingtoken", "pk": 5, "fields": {"user": 3, "jti": "252084fa27c84fadbfe1894401c16a22", "token": "eyJhbGciOiJIUzI1NiIsInR5cCI6IkpXVCJ9.eyJ0b2tlbl90eXBlIjoicmVmcmVzaCIsImV4cCI6MTcxNzYxNzk2NywiaWF0IjoxNzA5ODQxOTY3LCJqdGkiOiIyNTIwODRmYTI3Yzg0ZmFkYmZlMTg5NDQwMWMxNmEyMiIsInVzZXJfaWQiOjN9.lwMsw3F1ZJNVuI5kJVK4WU2QUsXEd6NEAMZyJ2BMgm4", "created_at": "2024-03-07T20:06:07.617Z", "expires_at": "2024-06-05T20:06:07Z"}}, {"model": "token_blacklist.outstandingtoken", "pk": 6, "fields": {"user": 1, "jti": "b060af53acbe486f90951b27e108be96", "token": "eyJhbGciOiJIUzI1NiIsInR5cCI6IkpXVCJ9.eyJ0b2tlbl90eXBlIjoicmVmcmVzaCIsImV4cCI6MTcxNzY1OTYxNywiaWF0IjoxNzA5ODgzNjE3LCJqdGkiOiJiMDYwYWY1M2FjYmU0ODZmOTA5NTFiMjdlMTA4YmU5NiIsInVzZXJfaWQiOjF9.Vn0rxWJKkfOZ_gWDxN2j-ktE3V8sQ9lpjQnL7gZoIVI", "created_at": "2024-03-08T07:40:17.535Z", "expires_at": "2024-06-06T07:40:17Z"}}, {"model": "token_blacklist.outstandingtoken", "pk": 7, "fields": {"user": null, "jti": "819347cefe3c4c1387bd4b341c46ab3b", "token": "eyJhbGciOiJIUzI1NiIsInR5cCI6IkpXVCJ9.eyJ0b2tlbl90eXBlIjoicmVmcmVzaCIsImV4cCI6MTcxNzM0NzUxMiwiaWF0IjoxNzA5NTcxNTEyLCJqdGkiOiI4MTkzNDdjZWZlM2M0YzEzODdiZDRiMzQxYzQ2YWIzYiIsInVzZXJfaWQiOjF9.XLuBTq10T2r6JARJB_mAt4HICKP_50vIjdzGRXWblck", "created_at": null, "expires_at": "2024-06-02T16:58:32Z"}}, {"model": "token_blacklist.outstandingtoken", "pk": 8, "fields": {"user": 4, "jti": "e975b92bb0d44f5b9d1e5b8259624e38", "token": "eyJhbGciOiJIUzI1NiIsInR5cCI6IkpXVCJ9.eyJ0b2tlbl90eXBlIjoicmVmcmVzaCIsImV4cCI6MTcxNzcwMDk4MywiaWF0IjoxNzA5OTI0OTgzLCJqdGkiOiJlOTc1YjkyYmIwZDQ0ZjViOWQxZTViODI1OTYyNGUzOCIsInVzZXJfaWQiOjR9.tydusGDVSHD0eWQKtcSiQSaQbRD5FuNtIltIIZpQf4A", "created_at": "2024-03-08T19:09:43.320Z", "expires_at": "2024-06-06T19:09:43Z"}}, {"model": "token_blacklist.outstandingtoken", "pk": 9, "fields": {"user": 1, "jti": "3503e9713d2b4953a9618c99d03dc0dc", "token": "eyJhbGciOiJIUzI1NiIsInR5cCI6IkpXVCJ9.eyJ0b2tlbl90eXBlIjoicmVmcmVzaCIsImV4cCI6MTcxNzczNjY4MSwiaWF0IjoxNzA5OTYwNjgxLCJqdGkiOiIzNTAzZTk3MTNkMmI0OTUzYTk2MThjOTlkMDNkYzBkYyIsInVzZXJfaWQiOjF9.rOwDiKET4dtb7qoJLNSfAx7H9SUpw21fRdu_xzBT8uo", "created_at": "2024-03-09T05:04:41.101Z", "expires_at": "2024-06-07T05:04:41Z"}}, {"model": "token_blacklist.outstandingtoken", "pk": 10, "fields": {"user": 5, "jti": "19d20aa43906405d941501303f7b1342", "token": "eyJhbGciOiJIUzI1NiIsInR5cCI6IkpXVCJ9.eyJ0b2tlbl90eXBlIjoicmVmcmVzaCIsImV4cCI6MTcxNzc0NDU5NiwiaWF0IjoxNzA5OTY4NTk2LCJqdGkiOiIxOWQyMGFhNDM5MDY0MDVkOTQxNTAxMzAzZjdiMTM0MiIsInVzZXJfaWQiOjV9.z3L0TptR_4HJp-Jwp0QmBzJcG8UeT3uoScG6vWXVShc", "created_at": "2024-03-09T07:16:36.488Z", "expires_at": "2024-06-07T07:16:36Z"}}, {"model": "token_blacklist.outstandingtoken", "pk": 11, "fields": {"user": 1, "jti": "90266744280441ea8b9936a898095782", "token": "eyJhbGciOiJIUzI1NiIsInR5cCI6IkpXVCJ9.eyJ0b2tlbl90eXBlIjoicmVmcmVzaCIsImV4cCI6MTcxNzc2MjQwNSwiaWF0IjoxNzA5OTg2NDA1LCJqdGkiOiI5MDI2Njc0NDI4MDQ0MWVhOGI5OTM2YTg5ODA5NTc4MiIsInVzZXJfaWQiOjF9.0QbJal1JiXRS3oTnK5EaJ3fxE7eR59zqk9hmbukIMok", "created_at": "2024-03-09T12:13:25.192Z", "expires_at": "2024-06-07T12:13:25Z"}}, {"model": "token_blacklist.outstandingtoken", "pk": 12, "fields": {"user": 1, "jti": "5ca0b725c32d4d4faeea25b95b54e01e", "token": "eyJhbGciOiJIUzI1NiIsInR5cCI6IkpXVCJ9.eyJ0b2tlbl90eXBlIjoicmVmcmVzaCIsImV4cCI6MTcxNzc3NzQ2NywiaWF0IjoxNzEwMDAxNDY3LCJqdGkiOiI1Y2EwYjcyNWMzMmQ0ZDRmYWVlYTI1Yjk1YjU0ZTAxZSIsInVzZXJfaWQiOjF9.KfcaWxMvTlyhAEII54EcXdkoMWGi__3RSNyBR4IxIf8", "created_at": "2024-03-09T16:24:27.217Z", "expires_at": "2024-06-07T16:24:27Z"}}, {"model": "token_blacklist.outstandingtoken", "pk": 13, "fields": {"user": 1, "jti": "e0838e259fe449a2b2f8f1ef53713ecf", "token": "eyJhbGciOiJIUzI1NiIsInR5cCI6IkpXVCJ9.eyJ0b2tlbl90eXBlIjoicmVmcmVzaCIsImV4cCI6MTcxNzc3ODY1MSwiaWF0IjoxNzEwMDAyNjUxLCJqdGkiOiJlMDgzOGUyNTlmZTQ0OWEyYjJmOGYxZWY1MzcxM2VjZiIsInVzZXJfaWQiOjF9.kgWGizeF7JCgz_gOUJ2Yruxm01_Cm3_Ue4OxuGDL9Yw", "created_at": "2024-03-09T16:44:11.167Z", "expires_at": "2024-06-07T16:44:11Z"}}, {"model": "token_blacklist.outstandingtoken", "pk": 14, "fields": {"user": 1, "jti": "1bf33498dbea400181830728fb7f62a1", "token": "eyJhbGciOiJIUzI1NiIsInR5cCI6IkpXVCJ9.eyJ0b2tlbl90eXBlIjoicmVmcmVzaCIsImV4cCI6MTcxNzkyMTM2MywiaWF0IjoxNzEwMTQ1MzYzLCJqdGkiOiIxYmYzMzQ5OGRiZWE0MDAxODE4MzA3MjhmYjdmNjJhMSIsInVzZXJfaWQiOjF9.k0-qsZSsXkdlhi3sF5CCPfj6kLx9us0VtySrAfxNzYY", "created_at": "2024-03-11T08:22:43.784Z", "expires_at": "2024-06-09T08:22:43Z"}}, {"model": "token_blacklist.outstandingtoken", "pk": 15, "fields": {"user": 1, "jti": "ce7ef77c3c6d4516b0e6720d54b58ea2", "token": "eyJhbGciOiJIUzI1NiIsInR5cCI6IkpXVCJ9.eyJ0b2tlbl90eXBlIjoicmVmcmVzaCIsImV4cCI6MTcxODE3NTI3OSwiaWF0IjoxNzEwMzk5Mjc5LCJqdGkiOiJjZTdlZjc3YzNjNmQ0NTE2YjBlNjcyMGQ1NGI1OGVhMiIsInVzZXJfaWQiOjF9.niX7nKR7nDhw71AycNucGInKeABiyC3c39M2RDd5WiI", "created_at": "2024-03-14T06:54:39.927Z", "expires_at": "2024-06-12T06:54:39Z"}}, {"model": "token_blacklist.outstandingtoken", "pk": 16, "fields": {"user": 1, "jti": "75c1200a578c49b0b8bcc2ef0b7731d6", "token": "eyJhbGciOiJIUzI1NiIsInR5cCI6IkpXVCJ9.eyJ0b2tlbl90eXBlIjoicmVmcmVzaCIsImV4cCI6MTcxODE3NjE1NSwiaWF0IjoxNzEwNDAwMTU1LCJqdGkiOiI3NWMxMjAwYTU3OGM0OWIwYjhiY2MyZWYwYjc3MzFkNiIsInVzZXJfaWQiOjF9.INohSDKUMTfInkF7Uegr5fF9wUKZ_uZF5dY5SSWkqHg", "created_at": "2024-03-14T07:09:15.779Z", "expires_at": "2024-06-12T07:09:15Z"}}, {"model": "token_blacklist.outstandingtoken", "pk": 17, "fields": {"user": 6, "jti": "0ccad71bb7ef48f0ac925939edfc3358", "token": "eyJhbGciOiJIUzI1NiIsInR5cCI6IkpXVCJ9.eyJ0b2tlbl90eXBlIjoicmVmcmVzaCIsImV4cCI6MTcxODE4NzE5NSwiaWF0IjoxNzEwNDExMTk1LCJqdGkiOiIwY2NhZDcxYmI3ZWY0OGYwYWM5MjU5MzllZGZjMzM1OCIsInVzZXJfaWQiOjZ9.rqehQTO0kX32qnN031jZGMyHvYlqc4wvl91OxSH1Lj4", "created_at": "2024-03-14T10:13:15.881Z", "expires_at": "2024-06-12T10:13:15Z"}}, {"model": "token_blacklist.outstandingtoken", "pk": 18, "fields": {"user": 1, "jti": "e03c2cb7a6064489a29d00301bd1a3dd", "token": "eyJhbGciOiJIUzI1NiIsInR5cCI6IkpXVCJ9.eyJ0b2tlbl90eXBlIjoicmVmcmVzaCIsImV4cCI6MTcxODE4NzYzOCwiaWF0IjoxNzEwNDExNjM4LCJqdGkiOiJlMDNjMmNiN2E2MDY0NDg5YTI5ZDAwMzAxYmQxYTNkZCIsInVzZXJfaWQiOjF9.h0DN2WkKKa6Hm1ctx7vsnYQLssHE7YrNU9i_ALF8uP4", "created_at": "2024-03-14T10:20:38.703Z", "expires_at": "2024-06-12T10:20:38Z"}}, {"model": "token_blacklist.outstandingtoken", "pk": 19, "fields": {"user": 1, "jti": "2ed41105908547588bf1822b63f226ab", "token": "eyJhbGciOiJIUzI1NiIsInR5cCI6IkpXVCJ9.eyJ0b2tlbl90eXBlIjoicmVmcmVzaCIsImV4cCI6MTcxODE5NjI4MywiaWF0IjoxNzEwNDIwMjgzLCJqdGkiOiIyZWQ0MTEwNTkwODU0NzU4OGJmMTgyMmI2M2YyMjZhYiIsInVzZXJfaWQiOjF9.7_wec53ZpvZuKavEEvVJVll59lzYbypiazug4eX92VY", "created_at": "2024-03-14T12:44:43.395Z", "expires_at": "2024-06-12T12:44:43Z"}}, {"model": "token_blacklist.outstandingtoken", "pk": 20, "fields": {"user": 7, "jti": "2d89e73ebfae41d682a84f9551d0bb13", "token": "eyJhbGciOiJIUzI1NiIsInR5cCI6IkpXVCJ9.eyJ0b2tlbl90eXBlIjoicmVmcmVzaCIsImV4cCI6MTcxODM3MTYzMywiaWF0IjoxNzEwNTk1NjMzLCJqdGkiOiIyZDg5ZTczZWJmYWU0MWQ2ODJhODRmOTU1MWQwYmIxMyIsInVzZXJfaWQiOjd9.t_sPTWoetvlI47p3gZNvqPmFfmSLCC4BsrXWH5Aomhw", "created_at": "2024-03-16T13:27:13.763Z", "expires_at": "2024-06-14T13:27:13Z"}}, {"model": "token_blacklist.outstandingtoken", "pk": 21, "fields": {"user": 1, "jti": "97c1f07bf912407cb2358dd039e68e8b", "token": "eyJhbGciOiJIUzI1NiIsInR5cCI6IkpXVCJ9.eyJ0b2tlbl90eXBlIjoicmVmcmVzaCIsImV4cCI6MTcxODM3NjI0MywiaWF0IjoxNzEwNjAwMjQzLCJqdGkiOiI5N2MxZjA3YmY5MTI0MDdjYjIzNThkZDAzOWU2OGU4YiIsInVzZXJfaWQiOjF9.-g8i75c6MaZ8dtYNu5VVD4Zqje1TJrOBhQnPvRUmdlo", "created_at": "2024-03-16T14:44:03.553Z", "expires_at": "2024-06-14T14:44:03Z"}}, {"model": "token_blacklist.outstandingtoken", "pk": 22, "fields": {"user": 1, "jti": "5d883c8596374386963f8cf8a1c76dba", "token": "eyJhbGciOiJIUzI1NiIsInR5cCI6IkpXVCJ9.eyJ0b2tlbl90eXBlIjoicmVmcmVzaCIsImV4cCI6MTcxODM4MDMyMCwiaWF0IjoxNzEwNjA0MzIwLCJqdGkiOiI1ZDg4M2M4NTk2Mzc0Mzg2OTYzZjhjZjhhMWM3NmRiYSIsInVzZXJfaWQiOjF9.qGbRAqyjLcDuCilI_rT4XgpeS-3ikrD6kJ8QbsxIHHg", "created_at": "2024-03-16T15:52:00.171Z", "expires_at": "2024-06-14T15:52:00Z"}}, {"model": "token_blacklist.outstandingtoken", "pk": 23, "fields": {"user": 1, "jti": "4cdd2db41add4ddbbc362182e2786cdc", "token": "eyJhbGciOiJIUzI1NiIsInR5cCI6IkpXVCJ9.eyJ0b2tlbl90eXBlIjoicmVmcmVzaCIsImV4cCI6MTcxODM4MDc5OSwiaWF0IjoxNzEwNjA0Nzk5LCJqdGkiOiI0Y2RkMmRiNDFhZGQ0ZGRiYmMzNjIxODJlMjc4NmNkYyIsInVzZXJfaWQiOjF9.Q2A_8u9rYlXNh5pxrY8oBtyKG5rRLEnNFZf7UVrWI08", "created_at": "2024-03-16T15:59:59.225Z", "expires_at": "2024-06-14T15:59:59Z"}}, {"model": "token_blacklist.outstandingtoken", "pk": 24, "fields": {"user": 1, "jti": "ef33274308a84b939178b4c6fa97e5e9", "token": "eyJhbGciOiJIUzI1NiIsInR5cCI6IkpXVCJ9.eyJ0b2tlbl90eXBlIjoicmVmcmVzaCIsImV4cCI6MTcxODM5MDY0MiwiaWF0IjoxNzEwNjE0NjQyLCJqdGkiOiJlZjMzMjc0MzA4YTg0YjkzOTE3OGI0YzZmYTk3ZTVlOSIsInVzZXJfaWQiOjF9.uKNdQjV2OWX29-uLvsBNbL-qyr1sR7NhiG_GKIPgMzM", "created_at": "2024-03-16T18:44:02.827Z", "expires_at": "2024-06-14T18:44:02Z"}}, {"model": "token_blacklist.outstandingtoken", "pk": 25, "fields": {"user": 1, "jti": "595e6a272fa24e0b9d0f8532b1372670", "token": "eyJhbGciOiJIUzI1NiIsInR5cCI6IkpXVCJ9.eyJ0b2tlbl90eXBlIjoicmVmcmVzaCIsImV4cCI6MTcxODM5OTA2MSwiaWF0IjoxNzEwNjIzMDYxLCJqdGkiOiI1OTVlNmEyNzJmYTI0ZTBiOWQwZjg1MzJiMTM3MjY3MCIsInVzZXJfaWQiOjF9.SkqvxGJHd6q3NMsoOD3SyTU_PqkW_m2Dd0nSKJCm7bQ", "created_at": "2024-03-16T21:04:21.048Z", "expires_at": "2024-06-14T21:04:21Z"}}, {"model": "token_blacklist.outstandingtoken", "pk": 26, "fields": {"user": 1, "jti": "82fe78f5c4dd4e2b941acd54b80c0f54", "token": "eyJhbGciOiJIUzI1NiIsInR5cCI6IkpXVCJ9.eyJ0b2tlbl90eXBlIjoicmVmcmVzaCIsImV4cCI6MTcxODM5OTA2MiwiaWF0IjoxNzEwNjIzMDYyLCJqdGkiOiI4MmZlNzhmNWM0ZGQ0ZTJiOTQxYWNkNTRiODBjMGY1NCIsInVzZXJfaWQiOjF9.sGEneHC4lYKBXQLjkCvWqH1TdKRLLnSxXD_l--helZE", "created_at": "2024-03-16T21:04:22.496Z", "expires_at": "2024-06-14T21:04:22Z"}}, {"model": "token_blacklist.outstandingtoken", "pk": 27, "fields": {"user": 1, "jti": "9dd3aa074c29490dbb1d5cba7d51186f", "token": "eyJhbGciOiJIUzI1NiIsInR5cCI6IkpXVCJ9.eyJ0b2tlbl90eXBlIjoicmVmcmVzaCIsImV4cCI6MTcxODQ1NTQwNiwiaWF0IjoxNzEwNjc5NDA2LCJqdGkiOiI5ZGQzYWEwNzRjMjk0OTBkYmIxZDVjYmE3ZDUxMTg2ZiIsInVzZXJfaWQiOjF9.2sWEZpZkhC-ByBpqMhMmVKHa5zLShDbgjSd7IExe2e0", "created_at": "2024-03-17T12:43:26.858Z", "expires_at": "2024-06-15T12:43:26Z"}}, {"model": "token_blacklist.outstandingtoken", "pk": 28, "fields": {"user": 1, "jti": "721669b8bfa64f37bf86662e35e1812a", "token": "eyJhbGciOiJIUzI1NiIsInR5cCI6IkpXVCJ9.eyJ0b2tlbl90eXBlIjoicmVmcmVzaCIsImV4cCI6MTcxODYyNDcxNywiaWF0IjoxNzEwODQ4NzE3LCJqdGkiOiI3MjE2NjliOGJmYTY0ZjM3YmY4NjY2MmUzNWUxODEyYSIsInVzZXJfaWQiOjF9.r4NncXoBVBbAeTMOmQUzYlweSpCZGKrWkwUnCfuihhE", "created_at": "2024-03-19T11:45:17.739Z", "expires_at": "2024-06-17T11:45:17Z"}}, {"model": "token_blacklist.outstandingtoken", "pk": 29, "fields": {"user": 1, "jti": "05d2ecb65f31400085490865e04aa60d", "token": "eyJhbGciOiJIUzI1NiIsInR5cCI6IkpXVCJ9.eyJ0b2tlbl90eXBlIjoicmVmcmVzaCIsImV4cCI6MTcxODY2MTQ4MiwiaWF0IjoxNzEwODg1NDgyLCJqdGkiOiIwNWQyZWNiNjVmMzE0MDAwODU0OTA4NjVlMDRhYTYwZCIsInVzZXJfaWQiOjF9.DSJZn_Zv_YlZ1CBp5KFIpCrPoTvicQ07N6383zwl0XY", "created_at": "2024-03-19T21:58:02.120Z", "expires_at": "2024-06-17T21:58:02Z"}}, {"model": "token_blacklist.outstandingtoken", "pk": 30, "fields": {"user": 1, "jti": "6013103f3d654144be426ac348e373a7", "token": "eyJhbGciOiJIUzI1NiIsInR5cCI6IkpXVCJ9.eyJ0b2tlbl90eXBlIjoicmVmcmVzaCIsImV4cCI6MTcxODY2MTU0NSwiaWF0IjoxNzEwODg1NTQ1LCJqdGkiOiI2MDEzMTAzZjNkNjU0MTQ0YmU0MjZhYzM0OGUzNzNhNyIsInVzZXJfaWQiOjF9.8hgqVBdDo3abg6jepWh49nUXkhnIamKLtkFN-7IdjIo", "created_at": "2024-03-19T21:59:05.665Z", "expires_at": "2024-06-17T21:59:05Z"}}, {"model": "token_blacklist.outstandingtoken", "pk": 31, "fields": {"user": 1, "jti": "73fa2f03c31f48a4bb74bddad2721ce9", "token": "eyJhbGciOiJIUzI1NiIsInR5cCI6IkpXVCJ9.eyJ0b2tlbl90eXBlIjoicmVmcmVzaCIsImV4cCI6MTcxODY2MjA5MiwiaWF0IjoxNzEwODg2MDkyLCJqdGkiOiI3M2ZhMmYwM2MzMWY0OGE0YmI3NGJkZGFkMjcyMWNlOSIsInVzZXJfaWQiOjF9.1D6Uuv6SblbH-rgyDP_CikGgh_HtiBMSmbZmnt5cSFk", "created_at": "2024-03-19T22:08:12.281Z", "expires_at": "2024-06-17T22:08:12Z"}}, {"model": "token_blacklist.outstandingtoken", "pk": 32, "fields": {"user": 1, "jti": "0010ccc4e11b474187bb391a552b8797", "token": "eyJhbGciOiJIUzI1NiIsInR5cCI6IkpXVCJ9.eyJ0b2tlbl90eXBlIjoicmVmcmVzaCIsImV4cCI6MTcxODc4NjEyMSwiaWF0IjoxNzExMDEwMTIxLCJqdGkiOiIwMDEwY2NjNGUxMWI0NzQxODdiYjM5MWE1NTJiODc5NyIsInVzZXJfaWQiOjF9.GlAEY7Xg0KD84EdPh8cO_bgG79zlDDIjAzbQCAFrthw", "created_at": "2024-03-21T08:35:21.201Z", "expires_at": "2024-06-19T08:35:21Z"}}, {"model": "token_blacklist.outstandingtoken", "pk": 33, "fields": {"user": 1, "jti": "2366e475fe9e4d8c845199701b77c706", "token": "eyJhbGciOiJIUzI1NiIsInR5cCI6IkpXVCJ9.eyJ0b2tlbl90eXBlIjoicmVmcmVzaCIsImV4cCI6MTcxODkwMzM4MCwiaWF0IjoxNzExMTI3MzgwLCJqdGkiOiIyMzY2ZTQ3NWZlOWU0ZDhjODQ1MTk5NzAxYjc3YzcwNiIsInVzZXJfaWQiOjF9.uTlg0VUqW-RyPByEoLRRNe_G2wQv64HqJHU_TefO1Lk", "created_at": "2024-03-22T17:09:40.622Z", "expires_at": "2024-06-20T17:09:40Z"}}, {"model": "token_blacklist.outstandingtoken", "pk": 34, "fields": {"user": 1, "jti": "203040e7eac447058c31e1b693443fde", "token": "eyJhbGciOiJIUzI1NiIsInR5cCI6IkpXVCJ9.eyJ0b2tlbl90eXBlIjoicmVmcmVzaCIsImV4cCI6MTcxODkwMzM4NCwiaWF0IjoxNzExMTI3Mzg0LCJqdGkiOiIyMDMwNDBlN2VhYzQ0NzA1OGMzMWUxYjY5MzQ0M2ZkZSIsInVzZXJfaWQiOjF9.94aGF4Hg0hvYuqrfHXymOGmChL1Yb_N6IjIIL-zj5Ec", "created_at": "2024-03-22T17:09:44.236Z", "expires_at": "2024-06-20T17:09:44Z"}}, {"model": "token_blacklist.outstandingtoken", "pk": 35, "fields": {"user": 1, "jti": "0e81bf13f6d9459fb8ed392fe7720349", "token": "eyJhbGciOiJIUzI1NiIsInR5cCI6IkpXVCJ9.eyJ0b2tlbl90eXBlIjoicmVmcmVzaCIsImV4cCI6MTcxODkxMDMzOCwiaWF0IjoxNzExMTM0MzM4LCJqdGkiOiIwZTgxYmYxM2Y2ZDk0NTlmYjhlZDM5MmZlNzcyMDM0OSIsInVzZXJfaWQiOjF9.ycZYFPul0yDWXDK26nwCuKXW_hNacNJgQeCv3uHYhiI", "created_at": "2024-03-22T19:05:38.898Z", "expires_at": "2024-06-20T19:05:38Z"}}, {"model": "token_blacklist.blacklistedtoken", "pk": 1, "fields": {"token": 1, "blacklisted_at": "2024-03-07T16:20:56.659Z"}}, {"model": "token_blacklist.blacklistedtoken", "pk": 2, "fields": {"token": 3, "blacklisted_at": "2024-03-07T18:18:01.183Z"}}, {"model": "token_blacklist.blacklistedtoken", "pk": 3, "fields": {"token": 6, "blacklisted_at": "2024-03-08T08:54:48.277Z"}}, {"model": "token_blacklist.blacklistedtoken", "pk": 4, "fields": {"token": 7, "blacklisted_at": "2024-03-08T10:04:16.144Z"}}, {"model": "token_blacklist.blacklistedtoken", "pk": 5, "fields": {"token": 12, "blacklisted_at": "2024-03-09T16:43:42.275Z"}}, {"model": "token_blacklist.blacklistedtoken", "pk": 6, "fields": {"token": 13, "blacklisted_at": "2024-03-11T08:17:18.394Z"}}, {"model": "token_blacklist.blacklistedtoken", "pk": 7, "fields": {"token": 5, "blacklisted_at": "2024-03-11T19:53:10.886Z"}}, {"model": "token_blacklist.blacklistedtoken", "pk": 8, "fields": {"token": 14, "blacklisted_at": "2024-03-13T10:13:20.875Z"}}, {"model": "token_blacklist.blacklistedtoken", "pk": 9, "fields": {"token": 15, "blacklisted_at": "2024-03-14T06:55:25.138Z"}}, {"model": "token_blacklist.blacklistedtoken", "pk": 10, "fields": {"token": 16, "blacklisted_at": "2024-03-14T08:36:39.181Z"}}, {"model": "token_blacklist.blacklistedtoken", "pk": 11, "fields": {"token": 19, "blacklisted_at": "2024-03-14T13:48:59.037Z"}}, {"model": "token_blacklist.blacklistedtoken", "pk": 12, "fields": {"token": 9, "blacklisted_at": "2024-03-14T13:58:35.678Z"}}, {"model": "token_blacklist.blacklistedtoken", "pk": 13, "fields": {"token": 18, "blacklisted_at": "2024-03-16T14:54:37.425Z"}}, {"model": "token_blacklist.blacklistedtoken", "pk": 14, "fields": {"token": 21, "blacklisted_at": "2024-03-16T15:59:43.050Z"}}, {"model": "token_blacklist.blacklistedtoken", "pk": 15, "fields": {"token": 23, "blacklisted_at": "2024-03-16T18:43:36.099Z"}}, {"model": "token_blacklist.blacklistedtoken", "pk": 16, "fields": {"token": 22, "blacklisted_at": "2024-03-16T21:07:44.051Z"}}, {"model": "token_blacklist.blacklistedtoken", "pk": 17, "fields": {"token": 26, "blacklisted_at": "2024-03-17T17:25:23.103Z"}}, {"model": "token_blacklist.blacklistedtoken", "pk": 18, "fields": {"token": 27, "blacklisted_at": "2024-03-19T21:09:24.570Z"}}, {"model": "token_blacklist.blacklistedtoken", "pk": 19, "fields": {"token": 2, "blacklisted_at": "2024-03-19T21:59:01.197Z"}}, {"model": "token_blacklist.blacklistedtoken", "pk": 20, "fields": {"token": 11, "blacklisted_at": "2024-03-19T21:59:01.599Z"}}, {"model": "token_blacklist.blacklistedtoken", "pk": 21, "fields": {"token": 24, "blacklisted_at": "2024-03-19T21:59:02.255Z"}}, {"model": "token_blacklist.blacklistedtoken", "pk": 22, "fields": {"token": 25, "blacklisted_at": "2024-03-19T21:59:02.696Z"}}, {"model": "token_blacklist.blacklistedtoken", "pk": 23, "fields": {"token": 28, "blacklisted_at": "2024-03-19T21:59:02.966Z"}}, {"model": "token_blacklist.blacklistedtoken", "pk": 24, "fields": {"token": 29, "blacklisted_at": "2024-03-19T21:59:03.383Z"}}, {"model": "token_blacklist.blacklistedtoken", "pk": 25, "fields": {"token": 32, "blacklisted_at": "2024-03-21T15:50:46.027Z"}}, {"model": "token_blacklist.blacklistedtoken", "pk": 26, "fields": {"token": 34, "blacklisted_at": "2024-03-22T17:32:34.748Z"}}, {"model": "media.media", "pk": 2, "fields": {"is_deleted": false, "deleted_at": null, "created_at": "2024-01-26T15:34:13.147Z", "modified_at": "2024-03-07T15:08:16.174Z", "file": "images/2024/03/07/GR3CkBRU4lV97T9VDW4jHTjL7BObie.webp", "title": "اسلایدر صفحه اصلی", "resize_width": 0, "resize_height": 0, "width": 1536, "height": 768, "file_hash": "8e6fe4f92f5d974df676e56545713406a71fedb2", "file_size": 107718, "focal_point_x": null, "focal_point_y": null, "focal_point_width": null, "focal_point_height": null}}, {"model": "media.media", "pk": 3, "fields": {"is_deleted": false, "deleted_at": null, "created_at": "2024-01-26T15:35:17.193Z", "modified_at": "2024-03-07T16:41:56.752Z", "file": "images/2024/03/07/gHjk3VExQapMt5NKIsyy1QhMDrUgR0.webp", "title": "بنر بالایی", "resize_width": 0, "resize_height": 0, "width": 856, "height": 428, "file_hash": "8545bea29d493623e7a5f7ec8d00cd2c4b55faf6", "file_size": 104910, "focal_point_x": null, "focal_point_y": null, "focal_point_width": null, "focal_point_height": null}}, {"model": "media.media", "pk": 4, "fields": {"is_deleted": false, "deleted_at": null, "created_at": "2024-01-26T15:35:46.533Z", "modified_at": "2024-03-07T16:42:18.292Z", "file": "images/2024/03/07/6V0Rvw8gyfgLRlhSx0FHvPLZAZia6k.webp", "title": "بنر پایینی", "resize_width": 0, "resize_height": 0, "width": 856, "height": 428, "file_hash": "3f5a40476143dcdfdaf94f09ebfc770ee469168a", "file_size": 40336, "focal_point_x": null, "focal_point_y": null, "focal_point_width": null, "focal_point_height": null}}, {"model": "media.media", "pk": 5, "fields": {"is_deleted": false, "deleted_at": null, "created_at": "2024-01-27T12:15:59.407Z", "modified_at": "2024-03-07T16:41:39.061Z", "file": "images/2024/03/07/kDmXfBJxgiMiHLMjP5nKnA9J2SztaH.webp", "title": "برند نایک", "resize_width": 1000, "resize_height": 50, "width": 987, "height": 496, "file_hash": "9058f453aab0db63dcd025d8e4d36ae25ba27000", "file_size": 18340, "focal_point_x": null, "focal_point_y": null, "focal_point_width": null, "focal_point_height": null}}, {"model": "media.media", "pk": 6, "fields": {"is_deleted": false, "deleted_at": null, "created_at": "2024-01-29T14:27:08.539Z", "modified_at": "2024-03-07T15:10:29.979Z", "file": "images/2024/03/07/gXz60lftsqxpDx0H4163EkZtZ7EeGH.webp", "title": "نایک زوم پگاسوس توربو مشکی", "resize_width": 0, "resize_height": 0, "width": 727, "height": 615, "file_hash": "c6d52a9f084448827d09a5c122a4208007471674", "file_size": 62752, "focal_point_x": null, "focal_point_y": null, "focal_point_width": null, "focal_point_height": null}}, {"model": "media.media", "pk": 7, "fields": {"is_deleted": false, "deleted_at": null, "created_at": "2024-01-31T05:59:35.168Z", "modified_at": "2024-03-07T15:10:54.147Z", "file": "images/2024/03/07/xIQ0gb12giQpquOaTFuAY6as3FlkJ7.webp", "title": "کفش نیوبالانس NewBalance AM574", "resize_width": 0, "resize_height": 0, "width": 600, "height": 600, "file_hash": "54d9b3a672fa1b69deddf7f85961f52a26d96041", "file_size": 16110, "focal_point_x": null, "focal_point_y": null, "focal_point_width": null, "focal_point_height": null}}, {"model": "media.media", "pk": 8, "fields": {"is_deleted": false, "deleted_at": null, "created_at": "2024-01-31T06:02:57.849Z", "modified_at": "2024-03-07T15:11:07.829Z", "file": "images/2024/03/07/abQJVMulKNeVjaMuDwAPxgeSxNNVmR.webp", "title": "کفش سالومون اکس تی راش Salomon XT-RUSH", "resize_width": 0, "resize_height": 0, "width": 600, "height": 600, "file_hash": "b6e801b207b54f75c8fe2d45ac37f55632b23956", "file_size": 30608, "focal_point_x": null, "focal_point_y": null, "focal_point_width": null, "focal_point_height": null}}, {"model": "media.media", "pk": 9, "fields": {"is_deleted": false, "deleted_at": null, "created_at": "2024-01-31T06:24:52.946Z", "modified_at": "2024-03-07T15:11:20.172Z", "file": "images/2024/03/07/PlnMncihb7SBs848wFFLRQgJZd24fH.webp", "title": "کفش آدیداس Adidas X_PLR", "resize_width": 0, "resize_height": 0, "width": 600, "height": 600, "file_hash": "e4b83e0ade7c168ea2929b2a6a33f2a16049e368", "file_size": 36618, "focal_point_x": null, "focal_point_y": null, "focal_point_width": null, "focal_point_height": null}}, {"model": "media.media", "pk": 10, "fields": {"is_deleted": false, "deleted_at": null, "created_at": "2024-02-14T14:46:44.844Z", "modified_at": "2024-03-07T15:09:59.966Z", "file": "images/2024/03/07/U1jdlU3VDFTPR3EogXH0stg9OcrB2Y.webp", "title": "Tipax", "resize_width": 0, "resize_height": 0, "width": 160, "height": 43, "file_hash": "b3b1e88039c75dbd3fbfc01aea04f33cfc43b7a1", "file_size": 7948, "focal_point_x": null, "focal_point_y": null, "focal_point_width": null, "focal_point_height": null}}, {"model": "media.media", "pk": 11, "fields": {"is_deleted": false, "deleted_at": null, "created_at": "2024-02-14T14:48:22.324Z", "modified_at": "2024-03-07T15:09:44.351Z", "file": "images/2024/03/07/uYHoCFlYLYKQUu0pogU2FD4zyiFEtJ.webp", "title": "post", "resize_width": 0, "resize_height": 0, "width": 200, "height": 183, "file_hash": "4e8ec55d8f2d64e62f1ccc85f7920fdf319c8286", "file_size": 10066, "focal_point_x": null, "focal_point_y": null, "focal_point_width": null, "focal_point_height": null}}, {"model": "media.media", "pk": 12, "fields": {"is_deleted": false, "deleted_at": null, "created_at": "2024-03-07T15:08:40.849Z", "modified_at": "2024-03-07T15:08:40.849Z", "file": "images/2024/03/07/2Fx2pCE9LthptWqkerc7spXd8xIami.webp", "title": "بنر اصلی  2", "resize_width": 0, "resize_height": 0, "width": 1536, "height": 768, "file_hash": "763882a42ca5bf7bfa578093aca0cdfe3aed085f", "file_size": 137908, "focal_point_x": null, "focal_point_y": null, "focal_point_width": null, "focal_point_height": null}}, {"model": "media.media", "pk": 13, "fields": {"is_deleted": false, "deleted_at": null, "created_at": "2024-03-07T15:09:00.866Z", "modified_at": "2024-03-07T15:09:00.866Z", "file": "images/2024/03/07/tvuKHVQJHyfOjG0eV1BfMQ1PfHbRdL.webp", "title": "بنر اصلی 3", "resize_width": 0, "resize_height": 0, "width": 1536, "height": 768, "file_hash": "796b373984564e82d45afe67f31bde25acbfd4f6", "file_size": 346352, "focal_point_x": null, "focal_point_y": null, "focal_point_width": null, "focal_point_height": null}}, {"model": "content.banner", "pk": 1, "fields": {"is_deleted": false, "deleted_at": null, "created_at": "2024-01-26T15:34:39.861Z", "modified_at": "2024-03-07T17:19:15.576Z", "image": 12, "position": "HOME_SLIDER_BANNER", "title": "تست", "order": 1, "description": null, "url": "http://localhost:3000/", "is_external": false, "is_public": true, "start_at": null, "expire_at": null}}, {"model": "content.banner", "pk": 2, "fields": {"is_deleted": false, "deleted_at": null, "created_at": "2024-01-26T15:34:55.510Z", "modified_at": "2024-03-07T17:19:13.068Z", "image": 13, "position": "HOME_SLIDER_BANNER", "title": "سلام", "order": 1, "description": null, "url": "https://fronthooks.ir/", "is_external": true, "is_public": true, "start_at": null, "expire_at": null}}, {"model": "content.banner", "pk": 3, "fields": {"is_deleted": false, "deleted_at": null, "created_at": "2024-01-26T15:35:34.428Z", "modified_at": "2024-01-26T15:35:34.428Z", "image": 3, "position": "HOME_SIDE_BANNER", "title": "بنر بالا", "order": 1, "description": "بنر بالا سمت چپ صفحه اصلی", "url": "https://lipak.com/", "is_external": true, "is_public": true, "start_at": null, "expire_at": null}}, {"model": "content.banner", "pk": 4, "fields": {"is_deleted": false, "deleted_at": null, "created_at": "2024-01-26T15:35:54.814Z", "modified_at": "2024-01-26T15:35:54.814Z", "image": 4, "position": "HOME_SIDE_BANNER", "title": "wawfa", "order": 1, "description": "wfawfa", "url": "https://fronthooks.ir/", "is_external": true, "is_public": true, "start_at": null, "expire_at": null}}, {"model": "content.banner", "pk": 5, "fields": {"is_deleted": false, "deleted_at": null, "created_at": "2024-01-26T18:52:53.956Z", "modified_at": "2024-03-07T17:18:45.972Z", "image": 2, "position": "HOME_SLIDER_BANNER", "title": "wawa", "order": 2, "description": "wawa", "url": "https://lipak.com/", "is_external": true, "is_public": true, "start_at": null, "expire_at": null}}, {"model": "account.user", "pk": 1, "fields": {"password": "pbkdf2_sha256$720000$npwx5iEIOQ3FsniCET0IeE$PYc1UYNrTUsSSNN6z63s41o45z4Y+GX4zgV2bV8a84o=", "last_login": "2024-03-26T08:50:11.443Z", "is_superuser": true, "is_staff": true, "is_active": true, "date_joined": "2024-03-06T22:50:13.041Z", "is_deleted": false, "deleted_at": null, "created_at": "2024-03-06T22:50:13.586Z", "modified_at": "2024-03-19T21:59:05.216Z", "username": "09981879975", "email": "taymazak1382@gmail.com", "phone": "09981879975", "national_code": "1660617332", "first_name": "تایماز", "last_name": "اکبری", "is_verify": false, "before_delete_username": null, "before_delete_email": null, "before_delete_phone": null, "groups": [], "user_permissions": []}}, {"model": "account.user", "pk": 2, "fields": {"password": "!GpQ2wlcIULX6YyaIUeXdpoEsOMSUE1nnByl83eMq", "last_login": null, "is_superuser": false, "is_staff": false, "is_active": true, "date_joined": "2024-03-07T19:15:09.390Z", "is_deleted": false, "deleted_at": null, "created_at": "2024-03-07T19:15:09.392Z", "modified_at": "2024-03-07T19:15:09.392Z", "username": "09357679093", "email": null, "phone": "09357679093", "national_code": null, "first_name": "", "last_name": "", "is_verify": false, "before_delete_username": null, "before_delete_email": null, "before_delete_phone": null, "groups": [], "user_permissions": []}}, {"model": "account.user", "pk": 3, "fields": {"password": "!6BvomfPt7iswebLfC8YcGPG5sOhGovddbuZz9k2T", "last_login": null, "is_superuser": false, "is_staff": false, "is_active": true, "date_joined": "2024-03-07T20:06:07.599Z", "is_deleted": false, "deleted_at": null, "created_at": "2024-03-07T20:06:07.601Z", "modified_at": "2024-03-07T20:11:44.221Z", "username": "09354855268", "email": null, "phone": "09354855268", "national_code": null, "first_name": "الیناااااااا", "last_name": "یایایایایایا", "is_verify": false, "before_delete_username": null, "before_delete_email": null, "before_delete_phone": null, "groups": [], "user_permissions": []}}, {"model": "account.user", "pk": 4, "fields": {"password": "!EnyeGzZIbWdhwkB5stAb6LERyLL0Ttw50exZu1zU", "last_login": null, "is_superuser": false, "is_staff": false, "is_active": true, "date_joined": "2024-03-08T19:09:43.292Z", "is_deleted": false, "deleted_at": null, "created_at": "2024-03-08T19:09:43.295Z", "modified_at": "2024-03-08T19:09:43.295Z", "username": "09308870102", "email": null, "phone": "09308870102", "national_code": null, "first_name": "", "last_name": "", "is_verify": false, "before_delete_username": null, "before_delete_email": null, "before_delete_phone": null, "groups": [], "user_permissions": []}}, {"model": "account.user", "pk": 5, "fields": {"password": "!1YouJuozted4EIj0R6xTa5CoFbbbWZO22JBZ4def", "last_login": null, "is_superuser": false, "is_staff": false, "is_active": true, "date_joined": "2024-03-09T07:16:36.469Z", "is_deleted": false, "deleted_at": null, "created_at": "2024-03-09T07:16:36.472Z", "modified_at": "2024-03-09T07:16:36.472Z", "username": "09332214332", "email": null, "phone": "09332214332", "national_code": null, "first_name": "", "last_name": "", "is_verify": false, "before_delete_username": null, "before_delete_email": null, "before_delete_phone": null, "groups": [], "user_permissions": []}}, {"model": "account.user", "pk": 6, "fields": {"password": "!yh0VfFMdWhqyU8mp60cr0F5HSPYgEXhK7uKFRAIw", "last_login": null, "is_superuser": false, "is_staff": false, "is_active": true, "date_joined": "2024-03-14T10:13:15.853Z", "is_deleted": false, "deleted_at": null, "created_at": "2024-03-14T10:13:15.855Z", "modified_at": "2024-03-14T10:13:15.855Z", "username": "09387813743", "email": null, "phone": "09387813743", "national_code": null, "first_name": "", "last_name": "", "is_verify": false, "before_delete_username": null, "before_delete_email": null, "before_delete_phone": null, "groups": [], "user_permissions": []}}, {"model": "account.user", "pk": 7, "fields": {"password": "!ArMzR7qIastBhYPxNR57xaj3rm1yVMlOjluXnw7H", "last_login": null, "is_superuser": false, "is_staff": false, "is_active": true, "date_joined": "2024-03-16T13:27:13.745Z", "is_deleted": false, "deleted_at": null, "created_at": "2024-03-16T13:27:13.748Z", "modified_at": "2024-03-16T13:27:13.748Z", "username": "09961362681", "email": null, "phone": "09961362681", "national_code": null, "first_name": "", "last_name": "", "is_verify": false, "before_delete_username": null, "before_delete_email": null, "before_delete_phone": null, "groups": [], "user_permissions": []}}, {"model": "account.userpreviousdetailhistory", "pk": 1, "fields": {"is_deleted": false, "deleted_at": null, "created_at": "2024-03-19T21:59:03.881Z", "modified_at": "2024-03-19T21:59:03.881Z", "user": 1, "field": "نام کاربری", "old_value": "09981879975", "new_value": "09981879975"}}, {"model": "account.userpreviousdetailhistory", "pk": 2, "fields": {"is_deleted": false, "deleted_at": null, "created_at": "2024-03-19T21:59:04.656Z", "modified_at": "2024-03-19T21:59:04.656Z", "user": 1, "field": "ایمیل", "old_value": null, "new_value": "taymazak1382@gmail.com"}}, {"model": "account.userfavoriteproduct", "pk": 2, "fields": {"is_deleted": false, "deleted_at": null, "created_at": "2024-03-07T20:30:42.985Z", "modified_at": "2024-03-07T20:30:42.985Z", "user": 3, "product": 1}}, {"model": "account.userfavoriteproduct", "pk": 3, "fields": {"is_deleted": false, "deleted_at": null, "created_at": "2024-03-08T12:30:27.553Z", "modified_at": "2024-03-08T12:30:27.553Z", "user": 1, "product": 1}}, {"model": "account.userfavoriteproduct", "pk": 5, "fields": {"is_deleted": false, "deleted_at": null, "created_at": "2024-03-08T19:13:42.140Z", "modified_at": "2024-03-08T19:13:42.140Z", "user": 4, "product": 4}}, {"model": "account.userfavoriteproduct", "pk": 7, "fields": {"is_deleted": false, "deleted_at": null, "created_at": "2024-03-22T19:05:39.763Z", "modified_at": "2024-03-22T19:05:39.763Z", "user": 1, "product": 4}}, {"model": "account.userrecentvisitedproduct", "pk": 1, "fields": {"is_deleted": false, "deleted_at": null, "created_at": "2024-03-07T15:26:34.265Z", "modified_at": "2024-03-07T15:26:34.265Z", "user": 1, "product": 27}}, {"model": "account.userrecentvisitedproduct", "pk": 2, "fields": {"is_deleted": false, "deleted_at": null, "created_at": "2024-03-07T16:18:56.986Z", "modified_at": "2024-03-07T16:18:56.986Z", "user": 1, "product": 22}}, {"model": "account.userrecentvisitedproduct", "pk": 3, "fields": {"is_deleted": false, "deleted_at": null, "created_at": "2024-03-07T16:19:04.262Z", "modified_at": "2024-03-07T16:19:04.262Z", "user": 1, "product": 13}}, {"model": "account.userrecentvisitedproduct", "pk": 4, "fields": {"is_deleted": false, "deleted_at": null, "created_at": "2024-03-07T17:51:53.927Z", "modified_at": "2024-03-07T17:51:53.927Z", "user": 1, "product": 4}}, {"model": "account.userrecentvisitedproduct", "pk": 5, "fields": {"is_deleted": false, "deleted_at": null, "created_at": "2024-03-07T17:51:53.946Z", "modified_at": "2024-03-07T17:51:53.946Z", "user": 1, "product": 1}}, {"model": "account.userrecentvisitedproduct", "pk": 6, "fields": {"is_deleted": false, "deleted_at": null, "created_at": "2024-03-07T20:06:10.781Z", "modified_at": "2024-03-07T20:06:10.781Z", "user": 3, "product": 23}}, {"model": "account.userrecentvisitedproduct", "pk": 7, "fields": {"is_deleted": false, "deleted_at": null, "created_at": "2024-03-07T20:06:28.728Z", "modified_at": "2024-03-07T20:06:28.728Z", "user": 3, "product": 4}}, {"model": "account.userrecentvisitedproduct", "pk": 8, "fields": {"is_deleted": false, "deleted_at": null, "created_at": "2024-03-07T20:30:28.472Z", "modified_at": "2024-03-07T20:30:28.472Z", "user": 3, "product": 1}}, {"model": "account.userrecentvisitedproduct", "pk": 9, "fields": {"is_deleted": false, "deleted_at": null, "created_at": "2024-03-07T21:19:45.890Z", "modified_at": "2024-03-07T21:19:45.890Z", "user": 2, "product": 1}}, {"model": "account.userrecentvisitedproduct", "pk": 10, "fields": {"is_deleted": false, "deleted_at": null, "created_at": "2024-03-08T10:04:12.962Z", "modified_at": "2024-03-08T10:04:12.962Z", "user": 1, "product": 15}}, {"model": "account.userrecentvisitedproduct", "pk": 11, "fields": {"is_deleted": false, "deleted_at": null, "created_at": "2024-03-08T19:13:15.060Z", "modified_at": "2024-03-08T19:13:15.060Z", "user": 4, "product": 1}}, {"model": "account.userrecentvisitedproduct", "pk": 12, "fields": {"is_deleted": false, "deleted_at": null, "created_at": "2024-03-08T19:13:40.843Z", "modified_at": "2024-03-08T19:13:40.843Z", "user": 4, "product": 4}}, {"model": "account.userrecentvisitedproduct", "pk": 13, "fields": {"is_deleted": false, "deleted_at": null, "created_at": "2024-03-09T05:04:41.871Z", "modified_at": "2024-03-09T05:04:41.871Z", "user": 1, "product": 23}}, {"model": "account.userrecentvisitedproduct", "pk": 14, "fields": {"is_deleted": false, "deleted_at": null, "created_at": "2024-03-09T07:16:37.153Z", "modified_at": "2024-03-09T07:16:37.153Z", "user": 5, "product": 23}}, {"model": "account.userrecentvisitedproduct", "pk": 15, "fields": {"is_deleted": false, "deleted_at": null, "created_at": "2024-03-09T07:16:37.177Z", "modified_at": "2024-03-09T07:16:37.177Z", "user": 5, "product": 22}}, {"model": "account.userrecentvisitedproduct", "pk": 16, "fields": {"is_deleted": false, "deleted_at": null, "created_at": "2024-03-09T07:16:37.202Z", "modified_at": "2024-03-09T07:16:37.202Z", "user": 5, "product": 11}}, {"model": "account.userrecentvisitedproduct", "pk": 17, "fields": {"is_deleted": false, "deleted_at": null, "created_at": "2024-03-09T07:16:37.250Z", "modified_at": "2024-03-09T07:16:37.250Z", "user": 5, "product": 27}}, {"model": "account.userrecentvisitedproduct", "pk": 18, "fields": {"is_deleted": false, "deleted_at": null, "created_at": "2024-03-09T07:29:32.824Z", "modified_at": "2024-03-09T07:29:32.824Z", "user": 5, "product": 4}}, {"model": "account.userrecentvisitedproduct", "pk": 19, "fields": {"is_deleted": false, "deleted_at": null, "created_at": "2024-03-09T07:33:45.500Z", "modified_at": "2024-03-09T07:33:45.501Z", "user": 5, "product": 1}}, {"model": "account.userrecentvisitedproduct", "pk": 20, "fields": {"is_deleted": false, "deleted_at": null, "created_at": "2024-03-14T07:09:18.914Z", "modified_at": "2024-03-14T07:09:18.914Z", "user": 1, "product": 9}}, {"model": "account.userrecentvisitedproduct", "pk": 21, "fields": {"is_deleted": false, "deleted_at": null, "created_at": "2024-03-14T10:13:16.758Z", "modified_at": "2024-03-14T10:13:16.758Z", "user": 6, "product": 1}}, {"model": "account.userrecentvisitedproduct", "pk": 22, "fields": {"is_deleted": false, "deleted_at": null, "created_at": "2024-03-14T10:13:16.783Z", "modified_at": "2024-03-14T10:13:16.783Z", "user": 6, "product": 4}}, {"model": "account.userrecentvisitedproduct", "pk": 23, "fields": {"is_deleted": false, "deleted_at": null, "created_at": "2024-03-14T12:44:45.093Z", "modified_at": "2024-03-14T12:44:45.093Z", "user": 1, "product": 11}}, {"model": "account.userrecentvisitedproduct", "pk": 24, "fields": {"is_deleted": false, "deleted_at": null, "created_at": "2024-03-16T13:27:22.862Z", "modified_at": "2024-03-16T13:27:22.862Z", "user": 7, "product": 1}}, {"model": "account.userrecentvisitedproduct", "pk": 25, "fields": {"is_deleted": false, "deleted_at": null, "created_at": "2024-03-16T13:27:26.392Z", "modified_at": "2024-03-16T13:27:26.392Z", "user": 7, "product": 4}}, {"model": "account.userrecentvisitedproduct", "pk": 26, "fields": {"is_deleted": false, "deleted_at": null, "created_at": "2024-03-16T13:27:30.347Z", "modified_at": "2024-03-16T13:27:30.347Z", "user": 7, "product": 15}}, {"model": "account.userrecentvisitedproduct", "pk": 27, "fields": {"is_deleted": false, "deleted_at": null, "created_at": "2024-03-16T13:28:10.578Z", "modified_at": "2024-03-16T13:28:10.578Z", "user": 7, "product": 11}}, {"model": "account.userrecentvisitedproduct", "pk": 28, "fields": {"is_deleted": false, "deleted_at": null, "created_at": "2024-03-16T13:28:58.167Z", "modified_at": "2024-03-16T13:28:58.167Z", "user": 7, "product": 13}}, {"model": "account.userrecentvisitedproduct", "pk": 29, "fields": {"is_deleted": false, "deleted_at": null, "created_at": "2024-03-16T13:29:07.464Z", "modified_at": "2024-03-16T13:29:07.464Z", "user": 7, "product": 23}}, {"model": "account.uservisits", "pk": 1, "fields": {"is_deleted": false, "deleted_at": null, "created_at": "2024-03-14T07:42:54.810Z", "modified_at": "2024-03-14T07:42:54.810Z", "user": 1, "ip_address": "172.19.0.1", "url_visited": "/"}}, {"model": "account.uservisits", "pk": 2, "fields": {"is_deleted": false, "deleted_at": null, "created_at": "2024-03-14T08:36:26.570Z", "modified_at": "2024-03-14T08:36:26.570Z", "user": null, "ip_address": "127.0.0.1", "url_visited": "/"}}, {"model": "account.uservisits", "pk": 3, "fields": {"is_deleted": false, "deleted_at": null, "created_at": "2024-03-14T10:15:01.879Z", "modified_at": "2024-03-14T10:15:01.879Z", "user": 6, "ip_address": "127.0.0.1", "url_visited": "/"}}, {"model": "account.uservisits", "pk": 4, "fields": {"is_deleted": false, "deleted_at": null, "created_at": "2024-03-14T10:19:19.175Z", "modified_at": "2024-03-14T10:19:19.175Z", "user": null, "ip_address": "172.19.0.1", "url_visited": "/"}}, {"model": "account.uservisits", "pk": 5, "fields": {"is_deleted": false, "deleted_at": null, "created_at": "2024-03-14T10:21:00.721Z", "modified_at": "2024-03-14T10:21:00.721Z", "user": 1, "ip_address": "172.19.0.1", "url_visited": "/profile/order/15830/"}}, {"model": "account.uservisits", "pk": 6, "fields": {"is_deleted": false, "deleted_at": null, "created_at": "2024-03-14T12:44:05.275Z", "modified_at": "2024-03-14T12:44:05.275Z", "user": null, "ip_address": "127.0.0.1", "url_visited": "/"}}, {"model": "account.uservisits", "pk": 7, "fields": {"is_deleted": false, "deleted_at": null, "created_at": "2024-03-14T12:47:33.969Z", "modified_at": "2024-03-14T12:47:33.969Z", "user": 1, "ip_address": "172.19.0.1", "url_visited": "/product/25515/nike-zoom-pegasus-turbo-xx"}}, {"model": "account.uservisits", "pk": 8, "fields": {"is_deleted": false, "deleted_at": null, "created_at": "2024-03-14T18:00:49.150Z", "modified_at": "2024-03-14T18:00:49.150Z", "user": null, "ip_address": "127.0.0.1", "url_visited": "/"}}, {"model": "account.uservisits", "pk": 9, "fields": {"is_deleted": false, "deleted_at": null, "created_at": "2024-03-15T16:57:31.946Z", "modified_at": "2024-03-15T16:57:31.946Z", "user": null, "ip_address": "127.0.0.1", "url_visited": "/"}}, {"model": "account.uservisits", "pk": 10, "fields": {"is_deleted": false, "deleted_at": null, "created_at": "2024-03-16T09:44:04.448Z", "modified_at": "2024-03-16T09:44:04.448Z", "user": null, "ip_address": "127.0.0.1", "url_visited": "/"}}, {"model": "account.uservisits", "pk": 11, "fields": {"is_deleted": false, "deleted_at": null, "created_at": "2024-03-16T11:44:21.377Z", "modified_at": "2024-03-16T11:44:21.377Z", "user": null, "ip_address": "127.0.0.1", "url_visited": "/"}}, {"model": "account.uservisits", "pk": 12, "fields": {"is_deleted": false, "deleted_at": null, "created_at": "2024-03-16T13:33:25.408Z", "modified_at": "2024-03-16T13:33:25.408Z", "user": 7, "ip_address": "127.0.0.1", "url_visited": "/"}}, {"model": "account.uservisits", "pk": 13, "fields": {"is_deleted": false, "deleted_at": null, "created_at": "2024-03-16T14:54:31.908Z", "modified_at": "2024-03-16T14:54:31.908Z", "user": 1, "ip_address": "172.21.0.1", "url_visited": "/"}}, {"model": "account.uservisits", "pk": 14, "fields": {"is_deleted": false, "deleted_at": null, "created_at": "2024-03-16T15:08:54.245Z", "modified_at": "2024-03-16T15:08:54.245Z", "user": null, "ip_address": "172.23.0.1", "url_visited": "/auth/login?backUrl=/"}}, {"model": "account.uservisits", "pk": 15, "fields": {"is_deleted": false, "deleted_at": null, "created_at": "2024-03-16T15:51:13.018Z", "modified_at": "2024-03-16T15:51:13.018Z", "user": null, "ip_address": "127.0.0.1", "url_visited": "/"}}, {"model": "account.uservisits", "pk": 16, "fields": {"is_deleted": false, "deleted_at": null, "created_at": "2024-03-16T17:25:16.449Z", "modified_at": "2024-03-16T17:25:16.449Z", "user": 1, "ip_address": "127.0.0.1", "url_visited": "/"}}, {"model": "account.uservisits", "pk": 17, "fields": {"is_deleted": false, "deleted_at": null, "created_at": "2024-03-16T20:29:02.677Z", "modified_at": "2024-03-16T20:29:02.677Z", "user": 1, "ip_address": "127.0.0.1", "url_visited": "/"}}, {"model": "account.uservisits", "pk": 18, "fields": {"is_deleted": false, "deleted_at": null, "created_at": "2024-03-16T20:29:57.866Z", "modified_at": "2024-03-16T20:29:57.866Z", "user": 1, "ip_address": "127.0.0.1", "url_visited": "/profile/dashboard/"}}, {"model": "account.uservisits", "pk": 19, "fields": {"is_deleted": false, "deleted_at": null, "created_at": "2024-03-16T20:42:52.139Z", "modified_at": "2024-03-16T20:42:52.139Z", "user": 1, "ip_address": "192.168.32.1", "url_visited": "/search"}}, {"model": "account.uservisits", "pk": 20, "fields": {"is_deleted": false, "deleted_at": null, "created_at": "2024-03-16T20:43:04.083Z", "modified_at": "2024-03-16T20:43:04.083Z", "user": 1, "ip_address": "192.168.32.1", "url_visited": "/search/"}}, {"model": "account.uservisits", "pk": 21, "fields": {"is_deleted": false, "deleted_at": null, "created_at": "2024-03-16T21:02:04.215Z", "modified_at": "2024-03-16T21:02:04.215Z", "user": null, "ip_address": "127.0.0.1", "url_visited": "/search"}}, {"model": "account.uservisits", "pk": 22, "fields": {"is_deleted": false, "deleted_at": null, "created_at": "2024-03-17T01:59:42.558Z", "modified_at": "2024-03-17T01:59:42.558Z", "user": null, "ip_address": "127.0.0.1", "url_visited": "/"}}, {"model": "account.uservisits", "pk": 23, "fields": {"is_deleted": false, "deleted_at": null, "created_at": "2024-03-17T09:02:38.541Z", "modified_at": "2024-03-17T09:02:38.541Z", "user": null, "ip_address": "127.0.0.1", "url_visited": "/"}}, {"model": "account.uservisits", "pk": 24, "fields": {"is_deleted": false, "deleted_at": null, "created_at": "2024-03-17T09:17:22.059Z", "modified_at": "2024-03-17T09:17:22.059Z", "user": 1, "ip_address": "127.0.0.1", "url_visited": "/"}}, {"model": "account.uservisits", "pk": 25, "fields": {"is_deleted": false, "deleted_at": null, "created_at": "2024-03-17T09:38:30.966Z", "modified_at": "2024-03-17T09:38:30.966Z", "user": 7, "ip_address": "127.0.0.1", "url_visited": "/"}}, {"model": "account.uservisits", "pk": 26, "fields": {"is_deleted": false, "deleted_at": null, "created_at": "2024-03-17T12:31:37.561Z", "modified_at": "2024-03-17T12:31:37.561Z", "user": 1, "ip_address": "127.0.0.1", "url_visited": "/"}}, {"model": "account.uservisits", "pk": 27, "fields": {"is_deleted": false, "deleted_at": null, "created_at": "2024-03-17T12:42:44.919Z", "modified_at": "2024-03-17T12:42:44.919Z", "user": null, "ip_address": "192.168.32.1", "url_visited": "/"}}, {"model": "account.uservisits", "pk": 28, "fields": {"is_deleted": false, "deleted_at": null, "created_at": "2024-03-17T12:45:51.597Z", "modified_at": "2024-03-17T12:45:51.597Z", "user": 1, "ip_address": "192.168.32.1", "url_visited": "/checkout/shipping"}}, {"model": "account.uservisits", "pk": 29, "fields": {"is_deleted": false, "deleted_at": null, "created_at": "2024-03-17T15:36:38.874Z", "modified_at": "2024-03-17T15:36:38.874Z", "user": 7, "ip_address": "127.0.0.1", "url_visited": "/"}}, {"model": "account.uservisits", "pk": 30, "fields": {"is_deleted": false, "deleted_at": null, "created_at": "2024-03-17T17:22:04.163Z", "modified_at": "2024-03-17T17:22:04.163Z", "user": 1, "ip_address": "127.0.0.1", "url_visited": "/"}}, {"model": "account.uservisits", "pk": 31, "fields": {"is_deleted": false, "deleted_at": null, "created_at": "2024-03-18T10:12:04.764Z", "modified_at": "2024-03-18T10:12:04.764Z", "user": null, "ip_address": "127.0.0.1", "url_visited": "/"}}, {"model": "account.uservisits", "pk": 32, "fields": {"is_deleted": false, "deleted_at": null, "created_at": "2024-03-18T16:15:00.351Z", "modified_at": "2024-03-18T16:15:00.351Z", "user": null, "ip_address": "127.0.0.1", "url_visited": "/"}}, {"model": "account.uservisits", "pk": 33, "fields": {"is_deleted": false, "deleted_at": null, "created_at": "2024-03-18T18:05:28.611Z", "modified_at": "2024-03-18T18:05:28.611Z", "user": 1, "ip_address": "192.168.32.1", "url_visited": "/"}}, {"model": "account.uservisits", "pk": 34, "fields": {"is_deleted": false, "deleted_at": null, "created_at": "2024-03-18T18:42:10.195Z", "modified_at": "2024-03-18T18:42:10.195Z", "user": null, "ip_address": "127.0.0.1", "url_visited": "/"}}, {"model": "account.uservisits", "pk": 35, "fields": {"is_deleted": false, "deleted_at": null, "created_at": "2024-03-19T07:54:49.544Z", "modified_at": "2024-03-19T07:54:49.544Z", "user": null, "ip_address": "127.0.0.1", "url_visited": "/"}}, {"model": "account.uservisits", "pk": 36, "fields": {"is_deleted": false, "deleted_at": null, "created_at": "2024-03-19T11:43:10.170Z", "modified_at": "2024-03-19T11:43:10.170Z", "user": null, "ip_address": "127.0.0.1", "url_visited": "/"}}, {"model": "account.uservisits", "pk": 37, "fields": {"is_deleted": false, "deleted_at": null, "created_at": "2024-03-19T11:47:04.062Z", "modified_at": "2024-03-19T11:47:04.062Z", "user": 1, "ip_address": "127.0.0.1", "url_visited": "/profile/order/85868/"}}, {"model": "account.uservisits", "pk": 38, "fields": {"is_deleted": false, "deleted_at": null, "created_at": "2024-03-19T18:22:55.567Z", "modified_at": "2024-03-19T18:22:55.567Z", "user": null, "ip_address": "127.0.0.1", "url_visited": "/"}}, {"model": "account.uservisits", "pk": 39, "fields": {"is_deleted": false, "deleted_at": null, "created_at": "2024-03-19T20:39:48.898Z", "modified_at": "2024-03-19T20:39:48.898Z", "user": null, "ip_address": "127.0.0.1", "url_visited": "/"}}, {"model": "account.uservisits", "pk": 40, "fields": {"is_deleted": false, "deleted_at": null, "created_at": "2024-03-19T21:09:22.288Z", "modified_at": "2024-03-19T21:09:22.288Z", "user": 1, "ip_address": "192.168.32.1", "url_visited": "/"}}, {"model": "account.uservisits", "pk": 41, "fields": {"is_deleted": false, "deleted_at": null, "created_at": "2024-03-20T05:07:20.588Z", "modified_at": "2024-03-20T05:07:20.588Z", "user": null, "ip_address": "127.0.0.1", "url_visited": "/search?brand=4"}}, {"model": "account.uservisits", "pk": 42, "fields": {"is_deleted": false, "deleted_at": null, "created_at": "2024-03-20T06:03:02.090Z", "modified_at": "2024-03-20T06:03:02.090Z", "user": null, "ip_address": "127.0.0.1", "url_visited": "/product/24531/clot-x-air-jordan-1-mid-fearless"}}, {"model": "account.uservisits", "pk": 43, "fields": {"is_deleted": false, "deleted_at": null, "created_at": "2024-03-20T07:25:11.002Z", "modified_at": "2024-03-20T07:25:11.002Z", "user": null, "ip_address": "127.0.0.1", "url_visited": "/"}}, {"model": "account.uservisits", "pk": 44, "fields": {"is_deleted": false, "deleted_at": null, "created_at": "2024-03-20T13:13:52.874Z", "modified_at": "2024-03-20T13:13:52.874Z", "user": null, "ip_address": "127.0.0.1", "url_visited": "/"}}, {"model": "account.uservisits", "pk": 45, "fields": {"is_deleted": false, "deleted_at": null, "created_at": "2024-03-20T15:00:16.059Z", "modified_at": "2024-03-20T15:00:16.059Z", "user": 1, "ip_address": "127.0.0.1", "url_visited": "/"}}, {"model": "account.uservisits", "pk": 46, "fields": {"is_deleted": false, "deleted_at": null, "created_at": "2024-03-20T17:42:19.951Z", "modified_at": "2024-03-20T17:42:19.951Z", "user": 1, "ip_address": "127.0.0.1", "url_visited": "/"}}, {"model": "account.uservisits", "pk": 47, "fields": {"is_deleted": false, "deleted_at": null, "created_at": "2024-03-20T20:41:29.496Z", "modified_at": "2024-03-20T20:41:29.496Z", "user": null, "ip_address": "127.0.0.1", "url_visited": "/"}}, {"model": "account.uservisits", "pk": 48, "fields": {"is_deleted": false, "deleted_at": null, "created_at": "2024-03-21T11:53:58.178Z", "modified_at": "2024-03-21T11:53:58.178Z", "user": null, "ip_address": "127.0.0.1", "url_visited": "/"}}, {"model": "account.uservisits", "pk": 49, "fields": {"is_deleted": false, "deleted_at": null, "created_at": "2024-03-21T17:13:29.333Z", "modified_at": "2024-03-21T17:13:29.333Z", "user": null, "ip_address": "127.0.0.1", "url_visited": "/"}}, {"model": "account.uservisits", "pk": 50, "fields": {"is_deleted": false, "deleted_at": null, "created_at": "2024-03-21T20:00:00.705Z", "modified_at": "2024-03-21T20:00:00.705Z", "user": 1, "ip_address": "127.0.0.1", "url_visited": "/"}}, {"model": "account.uservisits", "pk": 51, "fields": {"is_deleted": false, "deleted_at": null, "created_at": "2024-03-22T11:55:04.154Z", "modified_at": "2024-03-22T11:55:04.154Z", "user": null, "ip_address": "127.0.0.1", "url_visited": "/"}}, {"model": "account.uservisits", "pk": 52, "fields": {"is_deleted": false, "deleted_at": null, "created_at": "2024-03-22T13:57:13.407Z", "modified_at": "2024-03-22T13:57:13.408Z", "user": null, "ip_address": "127.0.0.1", "url_visited": "/"}}, {"model": "account.uservisits", "pk": 53, "fields": {"is_deleted": false, "deleted_at": null, "created_at": "2024-03-22T15:01:43.350Z", "modified_at": "2024-03-22T15:01:43.350Z", "user": 1, "ip_address": "127.0.0.1", "url_visited": "/"}}, {"model": "account.uservisits", "pk": 54, "fields": {"is_deleted": false, "deleted_at": null, "created_at": "2024-03-22T16:53:56.268Z", "modified_at": "2024-03-22T16:53:56.268Z", "user": null, "ip_address": "172.19.0.1", "url_visited": "/auth/login"}}, {"model": "account.uservisits", "pk": 55, "fields": {"is_deleted": false, "deleted_at": null, "created_at": "2024-03-22T16:53:56.272Z", "modified_at": "2024-03-22T16:53:56.272Z", "user": null, "ip_address": "172.19.0.1", "url_visited": "/auth/login"}}, {"model": "account.uservisits", "pk": 56, "fields": {"is_deleted": false, "deleted_at": null, "created_at": "2024-03-22T16:53:56.272Z", "modified_at": "2024-03-22T16:53:56.272Z", "user": null, "ip_address": "172.19.0.1", "url_visited": "/auth/login"}}, {"model": "account.uservisits", "pk": 57, "fields": {"is_deleted": false, "deleted_at": null, "created_at": "2024-03-22T16:53:56.368Z", "modified_at": "2024-03-22T16:53:56.368Z", "user": null, "ip_address": "172.19.0.1", "url_visited": "/auth/login"}}, {"model": "account.uservisits", "pk": 58, "fields": {"is_deleted": false, "deleted_at": null, "created_at": "2024-03-22T16:53:57.559Z", "modified_at": "2024-03-22T16:53:57.559Z", "user": null, "ip_address": "172.19.0.1", "url_visited": "/"}}, {"model": "account.uservisits", "pk": 59, "fields": {"is_deleted": false, "deleted_at": null, "created_at": "2024-03-22T16:53:57.559Z", "modified_at": "2024-03-22T16:53:57.559Z", "user": null, "ip_address": "172.19.0.1", "url_visited": "/"}}, {"model": "account.uservisits", "pk": 60, "fields": {"is_deleted": false, "deleted_at": null, "created_at": "2024-03-22T16:53:57.564Z", "modified_at": "2024-03-22T16:53:57.564Z", "user": null, "ip_address": "172.19.0.1", "url_visited": "/"}}, {"model": "account.uservisits", "pk": 61, "fields": {"is_deleted": false, "deleted_at": null, "created_at": "2024-03-22T16:58:34.680Z", "modified_at": "2024-03-22T16:58:34.680Z", "user": null, "ip_address": "172.19.0.1", "url_visited": "/test"}}, {"model": "account.uservisits", "pk": 62, "fields": {"is_deleted": false, "deleted_at": null, "created_at": "2024-03-22T17:12:21.130Z", "modified_at": "2024-03-22T17:12:21.130Z", "user": 1, "ip_address": "172.19.0.1", "url_visited": "/profile/dashboard"}}, {"model": "account.uservisits", "pk": 63, "fields": {"is_deleted": false, "deleted_at": null, "created_at": "2024-03-22T17:20:12.159Z", "modified_at": "2024-03-22T17:20:12.159Z", "user": 1, "ip_address": "172.19.0.1", "url_visited": "/profile/order"}}, {"model": "account.uservisits", "pk": 64, "fields": {"is_deleted": false, "deleted_at": null, "created_at": "2024-03-22T17:29:32.232Z", "modified_at": "2024-03-22T17:29:32.232Z", "user": 1, "ip_address": "172.19.0.1", "url_visited": "/"}}, {"model": "account.uservisits", "pk": 65, "fields": {"is_deleted": false, "deleted_at": null, "created_at": "2024-03-22T17:33:45.631Z", "modified_at": "2024-03-22T17:33:45.631Z", "user": null, "ip_address": "172.19.0.1", "url_visited": "/product/25515/nike-zoom-pegasus-turbo-xx"}}, {"model": "account.uservisits", "pk": 66, "fields": {"is_deleted": false, "deleted_at": null, "created_at": "2024-03-22T17:38:14.938Z", "modified_at": "2024-03-22T17:38:14.938Z", "user": null, "ip_address": "172.19.0.1", "url_visited": "/product/53558/test-multi-option"}}, {"model": "account.uservisits", "pk": 67, "fields": {"is_deleted": false, "deleted_at": null, "created_at": "2024-03-22T17:49:05.418Z", "modified_at": "2024-03-22T17:49:05.418Z", "user": null, "ip_address": "172.19.0.1", "url_visited": "/search/category-men-shoes"}}, {"model": "account.uservisits", "pk": 68, "fields": {"is_deleted": false, "deleted_at": null, "created_at": "2024-03-22T17:53:34.870Z", "modified_at": "2024-03-22T17:53:34.870Z", "user": null, "ip_address": "172.19.0.1", "url_visited": "/search/category-men-shoes?sort=4"}}, {"model": "account.uservisits", "pk": 69, "fields": {"is_deleted": false, "deleted_at": null, "created_at": "2024-03-22T17:54:06.037Z", "modified_at": "2024-03-22T17:54:06.037Z", "user": null, "ip_address": "172.19.0.1", "url_visited": "/search/category-men-shoes?sort=1"}}, {"model": "account.uservisits", "pk": 70, "fields": {"is_deleted": false, "deleted_at": null, "created_at": "2024-03-22T18:12:54.443Z", "modified_at": "2024-03-22T18:12:54.443Z", "user": null, "ip_address": "127.0.0.1", "url_visited": "/"}}, {"model": "account.uservisits", "pk": 71, "fields": {"is_deleted": false, "deleted_at": null, "created_at": "2024-03-22T19:02:58.529Z", "modified_at": "2024-03-22T19:02:58.529Z", "user": null, "ip_address": "172.19.0.1", "url_visited": "/compare/"}}, {"model": "account.uservisits", "pk": 72, "fields": {"is_deleted": false, "deleted_at": null, "created_at": "2024-03-22T19:47:03.468Z", "modified_at": "2024-03-22T19:47:03.468Z", "user": 1, "ip_address": "127.0.0.1", "url_visited": "/"}}, {"model": "account.uservisits", "pk": 73, "fields": {"is_deleted": false, "deleted_at": null, "created_at": "2024-03-22T20:44:18.944Z", "modified_at": "2024-03-22T20:44:18.944Z", "user": null, "ip_address": "172.19.0.1", "url_visited": "/"}}, {"model": "account.uservisits", "pk": 74, "fields": {"is_deleted": false, "deleted_at": null, "created_at": "2024-03-23T07:30:56.994Z", "modified_at": "2024-03-23T07:30:56.994Z", "user": null, "ip_address": "127.0.0.1", "url_visited": "/"}}, {"model": "account.uservisits", "pk": 75, "fields": {"is_deleted": false, "deleted_at": null, "created_at": "2024-03-23T08:47:19.743Z", "modified_at": "2024-03-23T08:47:19.743Z", "user": null, "ip_address": "127.0.0.1", "url_visited": "/product/25515/nike-zoom-pegasus-turbo-xx"}}, {"model": "account.uservisits", "pk": 76, "fields": {"is_deleted": false, "deleted_at": null, "created_at": "2024-03-23T09:42:38.810Z", "modified_at": "2024-03-23T09:42:38.810Z", "user": null, "ip_address": "127.0.0.1", "url_visited": "/"}}, {"model": "account.uservisits", "pk": 77, "fields": {"is_deleted": false, "deleted_at": null, "created_at": "2024-03-23T09:46:19.571Z", "modified_at": "2024-03-23T09:46:19.571Z", "user": 1, "ip_address": "127.0.0.1", "url_visited": "/"}}, {"model": "account.uservisits", "pk": 78, "fields": {"is_deleted": false, "deleted_at": null, "created_at": "2024-03-23T12:23:01.087Z", "modified_at": "2024-03-23T12:23:01.087Z", "user": null, "ip_address": "127.0.0.1", "url_visited": "/"}}, {"model": "account.uservisits", "pk": 79, "fields": {"is_deleted": false, "deleted_at": null, "created_at": "2024-03-23T14:59:24.932Z", "modified_at": "2024-03-23T14:59:24.932Z", "user": null, "ip_address": "127.0.0.1", "url_visited": "/"}}, {"model": "account.uservisits", "pk": 80, "fields": {"is_deleted": false, "deleted_at": null, "created_at": "2024-03-23T17:01:02.879Z", "modified_at": "2024-03-23T17:01:02.879Z", "user": null, "ip_address": "127.0.0.1", "url_visited": "/"}}, {"model": "account.uservisits", "pk": 81, "fields": {"is_deleted": false, "deleted_at": null, "created_at": "2024-03-23T20:30:38.086Z", "modified_at": "2024-03-23T20:30:38.086Z", "user": null, "ip_address": "127.0.0.1", "url_visited": "/"}}, {"model": "account.uservisits", "pk": 82, "fields": {"is_deleted": false, "deleted_at": null, "created_at": "2024-03-24T09:18:42.961Z", "modified_at": "2024-03-24T09:18:42.961Z", "user": null, "ip_address": "127.0.0.1", "url_visited": "/"}}, {"model": "account.uservisits", "pk": 83, "fields": {"is_deleted": false, "deleted_at": null, "created_at": "2024-03-24T13:09:53.591Z", "modified_at": "2024-03-24T13:09:53.591Z", "user": null, "ip_address": "127.0.0.1", "url_visited": "/"}}, {"model": "account.uservisits", "pk": 84, "fields": {"is_deleted": false, "deleted_at": null, "created_at": "2024-03-24T14:44:37.065Z", "modified_at": "2024-03-24T14:44:37.065Z", "user": null, "ip_address": "172.19.0.1", "url_visited": "/"}}, {"model": "account.uservisits", "pk": 85, "fields": {"is_deleted": false, "deleted_at": null, "created_at": "2024-03-24T14:50:25.759Z", "modified_at": "2024-03-24T14:50:25.760Z", "user": null, "ip_address": "172.19.0.1", "url_visited": "/search/category-women-shoes"}}, {"model": "account.uservisits", "pk": 86, "fields": {"is_deleted": false, "deleted_at": null, "created_at": "2024-03-24T14:51:30.412Z", "modified_at": "2024-03-24T14:51:30.412Z", "user": null, "ip_address": "172.19.0.1", "url_visited": "/product/25515/nike-zoom-pegasus-turbo-xx"}}, {"model": "account.uservisits", "pk": 87, "fields": {"is_deleted": false, "deleted_at": null, "created_at": "2024-03-24T14:57:50.998Z", "modified_at": "2024-03-24T14:57:50.998Z", "user": null, "ip_address": "172.19.0.1", "url_visited": "/product/27313/adidas-x_plr"}}, {"model": "account.uservisits", "pk": 88, "fields": {"is_deleted": false, "deleted_at": null, "created_at": "2024-03-24T15:13:27.316Z", "modified_at": "2024-03-24T15:13:27.316Z", "user": null, "ip_address": "172.19.0.1", "url_visited": "/product/36739/newbalance-725"}}, {"model": "account.uservisits", "pk": 89, "fields": {"is_deleted": false, "deleted_at": null, "created_at": "2024-03-24T15:15:49.947Z", "modified_at": "2024-03-24T15:15:49.947Z", "user": null, "ip_address": "172.19.0.1", "url_visited": "/search/category-men-running-shoes"}}, {"model": "account.uservisits", "pk": 90, "fields": {"is_deleted": false, "deleted_at": null, "created_at": "2024-03-24T15:16:12.281Z", "modified_at": "2024-03-24T15:16:12.281Z", "user": null, "ip_address": "172.19.0.1", "url_visited": "/search/category-women-walking-shoes"}}, {"model": "account.uservisits", "pk": 91, "fields": {"is_deleted": false, "deleted_at": null, "created_at": "2024-03-24T15:16:24.788Z", "modified_at": "2024-03-24T15:16:24.788Z", "user": null, "ip_address": "172.19.0.1", "url_visited": "/search/category-women-sport-shoes"}}, {"model": "account.uservisits", "pk": 92, "fields": {"is_deleted": false, "deleted_at": null, "created_at": "2024-03-24T15:16:48.985Z", "modified_at": "2024-03-24T15:16:48.985Z", "user": null, "ip_address": "172.19.0.1", "url_visited": "/search/category-men-hiking-shoes"}}, {"model": "account.uservisits", "pk": 93, "fields": {"is_deleted": false, "deleted_at": null, "created_at": "2024-03-24T15:30:20.070Z", "modified_at": "2024-03-24T15:30:20.070Z", "user": null, "ip_address": "127.0.0.1", "url_visited": "/"}}, {"model": "account.uservisits", "pk": 94, "fields": {"is_deleted": false, "deleted_at": null, "created_at": "2024-03-24T15:36:03.426Z", "modified_at": "2024-03-24T15:36:03.426Z", "user": null, "ip_address": "172.19.0.1", "url_visited": "/category"}}, {"model": "account.uservisits", "pk": 95, "fields": {"is_deleted": false, "deleted_at": null, "created_at": "2024-03-24T15:46:40.859Z", "modified_at": "2024-03-24T15:46:40.859Z", "user": null, "ip_address": "172.19.0.1", "url_visited": "/checkout/cart"}}, {"model": "account.uservisits", "pk": 96, "fields": {"is_deleted": false, "deleted_at": null, "created_at": "2024-03-24T15:53:06.290Z", "modified_at": "2024-03-24T15:53:06.290Z", "user": null, "ip_address": "172.19.0.1", "url_visited": "/product/24531/clot-x-air-jordan-1-mid-fearless"}}, {"model": "account.uservisits", "pk": 97, "fields": {"is_deleted": false, "deleted_at": null, "created_at": "2024-03-24T20:46:42.853Z", "modified_at": "2024-03-24T20:46:42.853Z", "user": null, "ip_address": "127.0.0.1", "url_visited": "/"}}, {"model": "account.uservisits", "pk": 98, "fields": {"is_deleted": false, "deleted_at": null, "created_at": "2024-03-25T13:07:37.448Z", "modified_at": "2024-03-25T13:07:37.448Z", "user": 1, "ip_address": "127.0.0.1", "url_visited": "/"}}, {"model": "account.uservisits", "pk": 99, "fields": {"is_deleted": false, "deleted_at": null, "created_at": "2024-03-25T15:07:37.917Z", "modified_at": "2024-03-25T15:07:37.917Z", "user": null, "ip_address": "127.0.0.1", "url_visited": "/"}}, {"model": "account.uservisits", "pk": 100, "fields": {"is_deleted": false, "deleted_at": null, "created_at": "2024-03-25T17:37:53.639Z", "modified_at": "2024-03-25T17:37:53.639Z", "user": null, "ip_address": "127.0.0.1", "url_visited": "/"}}, {"model": "account.uservisits", "pk": 101, "fields": {"is_deleted": false, "deleted_at": null, "created_at": "2024-03-25T19:45:10.955Z", "modified_at": "2024-03-25T19:45:10.955Z", "user": 1, "ip_address": "127.0.0.1", "url_visited": "/"}}, {"model": "account.uservisits", "pk": 102, "fields": {"is_deleted": false, "deleted_at": null, "created_at": "2024-03-26T06:54:28.888Z", "modified_at": "2024-03-26T06:54:28.888Z", "user": null, "ip_address": "127.0.0.1", "url_visited": "/"}}, {"model": "account.uservisits", "pk": 103, "fields": {"is_deleted": false, "deleted_at": null, "created_at": "2024-03-26T08:43:16.954Z", "modified_at": "2024-03-26T08:43:16.954Z", "user": 1, "ip_address": "127.0.0.1", "url_visited": "/"}}, {"model": "account.uservisits", "pk": 104, "fields": {"is_deleted": false, "deleted_at": null, "created_at": "2024-03-26T08:46:45.360Z", "modified_at": "2024-03-26T08:46:45.360Z", "user": 1, "ip_address": "127.0.0.1", "url_visited": "/product/53558/test-multi-option"}}, {"model": "account.uservisits", "pk": 105, "fields": {"is_deleted": false, "deleted_at": null, "created_at": "2024-03-26T12:19:08.632Z", "modified_at": "2024-03-26T12:19:08.632Z", "user": null, "ip_address": "127.0.0.1", "url_visited": "/"}}, {"model": "address.useraddresses", "pk": 3, "fields": {"is_deleted": false, "deleted_at": null, "created_at": "2024-03-07T20:08:11.175Z", "modified_at": "2024-03-07T20:08:11.175Z", "user": 3, "receiver_name": "wfawfa", "receiver_family": "wfawfawfafw", "receiver_phone": "09981879975", "receiver_national_code": "1660617332", "receiver_province": "آذربایجان شرقی", "receiver_city": "آبش احمد", "receiver_address": "wafwfawfawfawfawfa", "receiver_postal_code": "1111111111", "receiver_building_number": "2", "receiver_unit": "2"}}, {"model": "address.useraddresses", "pk": 4, "fields": {"is_deleted": false, "deleted_at": null, "created_at": "2024-03-09T07:21:38.965Z", "modified_at": "2024-03-09T07:21:38.965Z", "user": 5, "receiver_name": "زقحزویحو", "receiver_family": "مو۴لوقمرحو", "receiver_phone": "09332214332", "receiver_national_code": "0312670850", "receiver_province": "البرز", "receiver_city": "فردیس", "receiver_address": "Gggyngbtvgfddd", "receiver_postal_code": "0987654321", "receiver_building_number": "113", "receiver_unit": "555"}}, {"model": "address.useraddresses", "pk": 6, "fields": {"is_deleted": false, "deleted_at": null, "created_at": "2024-03-14T10:14:06.288Z", "modified_at": "2024-03-14T10:14:06.288Z", "user": 6, "receiver_name": "wfawfa", "receiver_family": "wfawfafwa", "receiver_phone": "09981879977", "receiver_national_code": "1660617332", "receiver_province": "آذربایجان شرقی", "receiver_city": "آبش احمد", "receiver_address": "wfawfawfawfawfa", "receiver_postal_code": "1111111111", "receiver_building_number": "22", "receiver_unit": "2"}}, {"model": "address.useraddresses", "pk": 7, "fields": {"is_deleted": false, "deleted_at": null, "created_at": "2024-03-16T13:32:34.345Z", "modified_at": "2024-03-16T13:32:34.345Z", "user": 7, "receiver_name": "مهسام", "receiver_family": "رجبیم", "receiver_phone": "09981879975", "receiver_national_code": "1660617332", "receiver_province": "البرز", "receiver_city": "فردیس", "receiver_address": "tehran malard", "receiver_postal_code": "1234567899", "receiver_building_number": "22", "receiver_unit": "2"}}, {"model": "address.useraddresses", "pk": 8, "fields": {"is_deleted": false, "deleted_at": null, "created_at": "2024-03-19T11:46:34.213Z", "modified_at": "2024-03-19T11:46:34.213Z", "user": 1, "receiver_name": "wawa", "receiver_family": "wawawa", "receiver_phone": "09981879999", "receiver_national_code": "1660617332", "receiver_province": "آذربایجان شرقی", "receiver_city": "آبش احمد", "receiver_address": "wafwfafwafwa", "receiver_postal_code": "2121212222", "receiver_building_number": "2", "receiver_unit": "2"}}, {"model": "verification.verifyotpservice", "pk": 48, "fields": {"type": "EMAIL", "usage": "AUTHENTICATE", "to": "taymazak1382@gmail.com", "code": "1227", "is_sent": true, "result": null, "expire_at": "2024-03-19T22:01:17.604Z"}}, {"model": "catalog.category", "pk": 1, "fields": {"tn_ancestors_pks": "", "tn_ancestors_count": 0, "tn_children_pks": "4,7,8,6,3,5", "tn_children_count": 6, "tn_depth": 1, "tn_descendants_pks": "4,7,8,6,3,5", "tn_descendants_count": 6, "tn_index": 0, "tn_level": 1, "tn_parent": null, "tn_priority": 0, "tn_order": 0, "tn_siblings_pks": "2", "tn_siblings_count": 1, "is_deleted": false, "deleted_at": null, "created_at": "2024-01-25T19:04:32.269Z", "modified_at": "2024-02-09T17:07:58.291Z", "image": 1, "title_ir": "مردانه", "title_en": "men", "description": null, "is_public": true, "slug": "category-men-shoes", "order": 0}}, {"model": "catalog.category", "pk": 2, "fields": {"tn_ancestors_pks": "", "tn_ancestors_count": 0, "tn_children_pks": "9,10,11,12,13,14", "tn_children_count": 6, "tn_depth": 1, "tn_descendants_pks": "9,10,11,12,13,14", "tn_descendants_count": 6, "tn_index": 1, "tn_level": 1, "tn_parent": null, "tn_priority": 0, "tn_order": 7, "tn_siblings_pks": "1", "tn_siblings_count": 1, "is_deleted": false, "deleted_at": null, "created_at": "2024-01-25T19:04:45.319Z", "modified_at": "2024-02-09T17:08:00.544Z", "image": 1, "title_ir": "زنانه", "title_en": "women", "description": null, "is_public": true, "slug": "category-women-shoes", "order": 1}}, {"model": "catalog.category", "pk": 3, "fields": {"tn_ancestors_pks": "1", "tn_ancestors_count": 1, "tn_children_pks": "", "tn_children_count": 0, "tn_depth": 0, "tn_descendants_pks": "", "tn_descendants_count": 0, "tn_index": 4, "tn_level": 2, "tn_parent": 1, "tn_priority": 0, "tn_order": 5, "tn_siblings_pks": "4,7,8,6,5", "tn_siblings_count": 5, "is_deleted": false, "deleted_at": null, "created_at": "2024-01-25T19:06:39.734Z", "modified_at": "2024-02-02T14:15:48.192Z", "image": 1, "title_ir": "اسپرت", "title_en": "sport shoes", "description": null, "is_public": true, "slug": "category-men-sport-shoes", "order": 1}}, {"model": "catalog.category", "pk": 4, "fields": {"tn_ancestors_pks": "1", "tn_ancestors_count": 1, "tn_children_pks": "", "tn_children_count": 0, "tn_depth": 0, "tn_descendants_pks": "", "tn_descendants_count": 0, "tn_index": 0, "tn_level": 2, "tn_parent": 1, "tn_priority": 0, "tn_order": 1, "tn_siblings_pks": "7,8,6,3,5", "tn_siblings_count": 5, "is_deleted": false, "deleted_at": null, "created_at": "2024-01-25T19:06:54.002Z", "modified_at": "2024-02-02T14:15:32.192Z", "image": 1, "title_ir": "بسکتبال", "title_en": "basketball", "description": null, "is_public": true, "slug": "category-men-basketball-shoes", "order": 1}}, {"model": "catalog.category", "pk": 5, "fields": {"tn_ancestors_pks": "1", "tn_ancestors_count": 1, "tn_children_pks": "", "tn_children_count": 0, "tn_depth": 0, "tn_descendants_pks": "", "tn_descendants_count": 0, "tn_index": 5, "tn_level": 2, "tn_parent": 1, "tn_priority": 0, "tn_order": 6, "tn_siblings_pks": "4,7,8,6,3", "tn_siblings_count": 5, "is_deleted": false, "deleted_at": null, "created_at": "2024-01-25T19:07:09.482Z", "modified_at": "2024-02-02T14:15:32.304Z", "image": 1, "title_ir": "پیاده روی", "title_en": "walking", "description": null, "is_public": true, "slug": "category-men-walking-shoes", "order": 1}}, {"model": "catalog.category", "pk": 6, "fields": {"tn_ancestors_pks": "1", "tn_ancestors_count": 1, "tn_children_pks": "", "tn_children_count": 0, "tn_depth": 0, "tn_descendants_pks": "", "tn_descendants_count": 0, "tn_index": 3, "tn_level": 2, "tn_parent": 1, "tn_priority": 0, "tn_order": 4, "tn_siblings_pks": "4,7,8,3,5", "tn_siblings_count": 5, "is_deleted": false, "deleted_at": null, "created_at": "2024-01-25T19:07:23.725Z", "modified_at": "2024-02-02T14:15:32.255Z", "image": 1, "title_ir": "رانینگ", "title_en": "running", "description": null, "is_public": true, "slug": "category-men-running-shoes", "order": 1}}, {"model": "catalog.category", "pk": 7, "fields": {"tn_ancestors_pks": "1", "tn_ancestors_count": 1, "tn_children_pks": "", "tn_children_count": 0, "tn_depth": 0, "tn_descendants_pks": "", "tn_descendants_count": 0, "tn_index": 1, "tn_level": 2, "tn_parent": 1, "tn_priority": 0, "tn_order": 2, "tn_siblings_pks": "4,8,6,3,5", "tn_siblings_count": 5, "is_deleted": false, "deleted_at": null, "created_at": "2024-01-25T19:07:36.772Z", "modified_at": "2024-02-02T14:15:32.213Z", "image": 1, "title_ir": "روزمره", "title_en": "daily", "description": null, "is_public": true, "slug": "category-men-daily-shoes", "order": 1}}, {"model": "catalog.category", "pk": 8, "fields": {"tn_ancestors_pks": "1", "tn_ancestors_count": 1, "tn_children_pks": "", "tn_children_count": 0, "tn_depth": 0, "tn_descendants_pks": "", "tn_descendants_count": 0, "tn_index": 2, "tn_level": 2, "tn_parent": 1, "tn_priority": 0, "tn_order": 3, "tn_siblings_pks": "4,7,6,3,5", "tn_siblings_count": 5, "is_deleted": false, "deleted_at": null, "created_at": "2024-01-25T19:07:50.183Z", "modified_at": "2024-02-02T14:15:32.234Z", "image": 1, "title_ir": "کوهنوردی", "title_en": "hiking", "description": null, "is_public": true, "slug": "category-men-hiking-shoes", "order": 1}}, {"model": "catalog.category", "pk": 9, "fields": {"tn_ancestors_pks": "2", "tn_ancestors_count": 1, "tn_children_pks": "", "tn_children_count": 0, "tn_depth": 0, "tn_descendants_pks": "", "tn_descendants_count": 0, "tn_index": 0, "tn_level": 2, "tn_parent": 2, "tn_priority": 0, "tn_order": 8, "tn_siblings_pks": "10,11,12,13,14", "tn_siblings_count": 5, "is_deleted": false, "deleted_at": null, "created_at": "2024-01-25T19:22:58.437Z", "modified_at": "2024-02-02T14:15:32.365Z", "image": 1, "title_ir": "بسکتبال", "title_en": "basketball", "description": null, "is_public": true, "slug": "category-women-basketball-shoes", "order": 1}}, {"model": "catalog.category", "pk": 10, "fields": {"tn_ancestors_pks": "2", "tn_ancestors_count": 1, "tn_children_pks": "", "tn_children_count": 0, "tn_depth": 0, "tn_descendants_pks": "", "tn_descendants_count": 0, "tn_index": 1, "tn_level": 2, "tn_parent": 2, "tn_priority": 0, "tn_order": 9, "tn_siblings_pks": "9,11,12,13,14", "tn_siblings_count": 5, "is_deleted": false, "deleted_at": null, "created_at": "2024-01-25T19:22:58.461Z", "modified_at": "2024-02-02T14:15:32.391Z", "image": 1, "title_ir": "روزمره", "title_en": "daily", "description": null, "is_public": true, "slug": "category-women-daily-shoes", "order": 1}}, {"model": "catalog.category", "pk": 11, "fields": {"tn_ancestors_pks": "2", "tn_ancestors_count": 1, "tn_children_pks": "", "tn_children_count": 0, "tn_depth": 0, "tn_descendants_pks": "", "tn_descendants_count": 0, "tn_index": 2, "tn_level": 2, "tn_parent": 2, "tn_priority": 0, "tn_order": 10, "tn_siblings_pks": "9,10,12,13,14", "tn_siblings_count": 5, "is_deleted": false, "deleted_at": null, "created_at": "2024-01-25T19:22:58.485Z", "modified_at": "2024-02-02T14:15:32.414Z", "image": 1, "title_ir": "کوهنوردی", "title_en": "hiking", "description": null, "is_public": true, "slug": "category-women-hiking-shoes", "order": 1}}, {"model": "catalog.category", "pk": 12, "fields": {"tn_ancestors_pks": "2", "tn_ancestors_count": 1, "tn_children_pks": "", "tn_children_count": 0, "tn_depth": 0, "tn_descendants_pks": "", "tn_descendants_count": 0, "tn_index": 3, "tn_level": 2, "tn_parent": 2, "tn_priority": 0, "tn_order": 11, "tn_siblings_pks": "9,10,11,13,14", "tn_siblings_count": 5, "is_deleted": false, "deleted_at": null, "created_at": "2024-01-25T19:22:58.510Z", "modified_at": "2024-02-02T14:15:32.437Z", "image": 1, "title_ir": "رانینگ", "title_en": "running", "description": null, "is_public": true, "slug": "category-women-running-shoes", "order": 1}}, {"model": "catalog.category", "pk": 13, "fields": {"tn_ancestors_pks": "2", "tn_ancestors_count": 1, "tn_children_pks": "", "tn_children_count": 0, "tn_depth": 0, "tn_descendants_pks": "", "tn_descendants_count": 0, "tn_index": 4, "tn_level": 2, "tn_parent": 2, "tn_priority": 0, "tn_order": 12, "tn_siblings_pks": "9,10,11,12,14", "tn_siblings_count": 5, "is_deleted": false, "deleted_at": null, "created_at": "2024-01-25T19:22:58.535Z", "modified_at": "2024-02-02T14:15:48.221Z", "image": 1, "title_ir": "اسپرت", "title_en": "sport shoes", "description": null, "is_public": true, "slug": "category-women-sport-shoes", "order": 1}}, {"model": "catalog.category", "pk": 14, "fields": {"tn_ancestors_pks": "2", "tn_ancestors_count": 1, "tn_children_pks": "", "tn_children_count": 0, "tn_depth": 0, "tn_descendants_pks": "", "tn_descendants_count": 0, "tn_index": 5, "tn_level": 2, "tn_parent": 2, "tn_priority": 0, "tn_order": 13, "tn_siblings_pks": "9,10,11,12,13", "tn_siblings_count": 5, "is_deleted": false, "deleted_at": null, "created_at": "2024-01-25T19:22:58.560Z", "modified_at": "2024-02-02T14:15:32.490Z", "image": 1, "title_ir": "پیاده روی", "title_en": "walking", "description": null, "is_public": true, "slug": "category-women-walking-shoes", "order": 1}}, {"model": "catalog.brand", "pk": 1, "fields": {"is_deleted": false, "deleted_at": null, "created_at": "2024-01-25T19:44:35.542Z", "modified_at": "2024-02-02T14:55:28.420Z", "image": 5, "title_ir": "نایک", "title_en": "nike", "slug": "brand-nike", "order": 1}}, {"model": "catalog.brand", "pk": 2, "fields": {"is_deleted": false, "deleted_at": null, "created_at": "2024-01-25T19:44:43.365Z", "modified_at": "2024-02-02T14:55:28.364Z", "image": 5, "title_ir": "آدیداس", "title_en": "adidas", "slug": "brand-adidas", "order": 1}}, {"model": "catalog.brand", "pk": 3, "fields": {"is_deleted": false, "deleted_at": null, "created_at": "2024-01-25T19:44:54.004Z", "modified_at": "2024-02-02T14:55:28.281Z", "image": 5, "title_ir": "اسکچرز", "title_en": "skechers", "slug": "brand-skechers", "order": 1}}, {"model": "catalog.brand", "pk": 4, "fields": {"is_deleted": false, "deleted_at": null, "created_at": "2024-01-25T19:45:03.460Z", "modified_at": "2024-02-02T14:55:28.224Z", "image": 5, "title_ir": "اسیکس", "title_en": "asics", "slug": "brand-asics", "order": 1}}, {"model": "catalog.brand", "pk": 5, "fields": {"is_deleted": false, "deleted_at": null, "created_at": "2024-01-25T19:45:19.178Z", "modified_at": "2024-02-02T14:55:28.154Z", "image": 5, "title_ir": "بالنسیاگا", "title_en": "balenciaga", "slug": "brand-balenciaga", "order": 1}}, {"model": "catalog.brand", "pk": 6, "fields": {"is_deleted": false, "deleted_at": null, "created_at": "2024-01-25T19:45:27.190Z", "modified_at": "2024-02-02T14:55:28.091Z", "image": 5, "title_ir": "پوما", "title_en": "puma", "slug": "brand-puma", "order": 1}}, {"model": "catalog.brand", "pk": 7, "fields": {"is_deleted": false, "deleted_at": null, "created_at": "2024-01-25T19:45:35.140Z", "modified_at": "2024-02-02T14:55:28.031Z", "image": 5, "title_ir": "تیمبرلند", "title_en": "timberland", "slug": "brand-timberland", "order": 1}}, {"model": "catalog.brand", "pk": 8, "fields": {"is_deleted": false, "deleted_at": null, "created_at": "2024-01-25T19:45:42.163Z", "modified_at": "2024-02-02T14:55:27.970Z", "image": 5, "title_ir": "ریباک", "title_en": "reebok", "slug": "brand-reebok", "order": 1}}, {"model": "catalog.brand", "pk": 9, "fields": {"is_deleted": false, "deleted_at": null, "created_at": "2024-01-25T19:45:51.509Z", "modified_at": "2024-02-02T14:55:27.905Z", "image": 5, "title_ir": "سالومون", "title_en": "salomon", "slug": "brand-salomon", "order": 1}}, {"model": "catalog.brand", "pk": 10, "fields": {"is_deleted": false, "deleted_at": null, "created_at": "2024-01-25T19:46:04.118Z", "modified_at": "2024-02-02T14:55:27.855Z", "image": 5, "title_ir": "کاترپیلار", "title_en": "caterpillar", "slug": "brand-caterpillar", "order": 1}}, {"model": "catalog.brand", "pk": 11, "fields": {"is_deleted": false, "deleted_at": null, "created_at": "2024-01-25T19:46:13.776Z", "modified_at": "2024-03-07T16:46:32.072Z", "image": 5, "title_ir": "نیوبالانس", "title_en": "newbalance", "slug": "brand-newbalance", "order": 2}}, {"model": "catalog.brand", "pk": 12, "fields": {"is_deleted": false, "deleted_at": null, "created_at": "2024-01-25T19:46:17.982Z", "modified_at": "2024-02-02T14:55:28.466Z", "image": 5, "title_ir": "ونس", "title_en": "vans", "slug": "brand-vans", "order": 2}}, {"model": "catalog.optiongroup", "pk": 1, "fields": {"title": "سایز", "filter_contain": true, "filter_param_name": "size"}}, {"model": "catalog.optiongroup", "pk": 2, "fields": {"title": "رنگ", "filter_contain": true, "filter_param_name": "color"}}, {"model": "catalog.optiongroup", "pk": 3, "fields": {"title": "سایز و رنگ", "filter_contain": false, "filter_param_name": null}}, {"model": "catalog.optiongroupvalue", "pk": 1, "fields": {"title": "40", "group": 1, "color_code": null}}, {"model": "catalog.optiongroupvalue", "pk": 2, "fields": {"title": "41", "group": 1, "color_code": null}}, {"model": "catalog.optiongroupvalue", "pk": 3, "fields": {"title": "42", "group": 1, "color_code": null}}, {"model": "catalog.optiongroupvalue", "pk": 4, "fields": {"title": "43", "group": 1, "color_code": null}}, {"model": "catalog.optiongroupvalue", "pk": 5, "fields": {"title": "44", "group": 1, "color_code": null}}, {"model": "catalog.optiongroupvalue", "pk": 6, "fields": {"title": "قرمز", "group": 2, "color_code": "red"}}, {"model": "catalog.optiongroupvalue", "pk": 7, "fields": {"title": "آبی", "group": 2, "color_code": "#38bdf8"}}, {"model": "catalog.optiongroupvalue", "pk": 8, "fields": {"title": "سبز", "group": 2, "color_code": "green"}}, {"model": "catalog.optiongroupvalue", "pk": 9, "fields": {"title": "سفید", "group": 2, "color_code": "white"}}, {"model": "catalog.productclass", "pk": 1, "fields": {"title_ir": "کفش", "title_en": "shoe", "description": null, "slug": "shoe", "track_stock": true, "require_shipping": true, "properties": [1, 2, 3]}}, {"model": "catalog.productclass", "pk": 2, "fields": {"title_ir": "جدید", "title_en": "new", "description": null, "slug": "new", "track_stock": true, "require_shipping": true, "properties": []}}, {"model": "catalog.productattribute", "pk": 1, "fields": {"product_class": 1, "title": "سایز", "type": "option", "option_group": 1, "required": true}}, {"model": "catalog.productattribute", "pk": 2, "fields": {"product_class": 1, "title": "رنگ", "type": "option", "option_group": 2, "required": true}}, {"model": "catalog.productattribute", "pk": 3, "fields": {"product_class": 1, "title": "سایز و رنگ", "type": "multi_option", "option_group": 3, "required": true}}, {"model": "catalog.product", "pk": 1, "fields": {"is_deleted": false, "deleted_at": null, "created_at": "2024-01-29T14:27:12.786Z", "modified_at": "2024-02-07T18:52:00.120Z", "structure": "parent", "parent": null, "order": 1, "title_ir": "نایک زوم پگاسوس توربو مشکی", "title_en": "Nike Zoom Pegasus Turbo Xx", "slug": "nike-zoom-pegasus-turbo-xx", "short_slug": 25515, "upc": "2000", "description": null, "is_public": true, "meta_title": "نایک زوم پگاسوس توربو مشکی", "meta_description": "نایک زوم پگاسوس توربو مشکی", "product_class": 1, "brand": 1, "categories": [1, 7, 10, 2]}}, {"model": "catalog.product", "pk": 2, "fields": {"is_deleted": false, "deleted_at": null, "created_at": "2024-01-30T09:50:50.566Z", "modified_at": "2024-01-30T19:31:44.986Z", "structure": "child", "parent": 1, "order": 0, "title_ir": null, "title_en": null, "slug": null, "short_slug": null, "upc": "2002", "description": null, "is_public": true, "meta_title": null, "meta_description": "", "product_class": null, "brand": null, "categories": []}}, {"model": "catalog.product", "pk": 3, "fields": {"is_deleted": false, "deleted_at": null, "created_at": "2024-01-30T09:51:18.513Z", "modified_at": "2024-03-11T09:48:14.403Z", "structure": "child", "parent": 1, "order": 1, "title_ir": null, "title_en": null, "slug": null, "short_slug": null, "upc": "2001", "description": "", "is_public": true, "meta_title": null, "meta_description": "", "product_class": null, "brand": null, "categories": []}}, {"model": "catalog.product", "pk": 4, "fields": {"is_deleted": false, "deleted_at": null, "created_at": "2024-01-30T14:46:46.427Z", "modified_at": "2024-02-07T18:52:00.107Z", "structure": "parent", "parent": null, "order": 0, "title_ir": "ایرجردن وان فیرلس مشکی", "title_en": "CLOT x Air Jordan 1 Mid Fearless", "slug": "clot-x-air-jordan-1-mid-fearless", "short_slug": 24531, "upc": "100", "description": null, "is_public": true, "meta_title": "ایرجردن وان فیرلس مشکی", "meta_description": "ایرجردن وان فیرلس مشکی", "product_class": 1, "brand": 1, "categories": [1, 7]}}, {"model": "catalog.product", "pk": 5, "fields": {"is_deleted": false, "deleted_at": null, "created_at": "2024-01-30T14:47:44.871Z", "modified_at": "2024-02-09T14:13:18.908Z", "structure": "child", "parent": 4, "order": 1, "title_ir": null, "title_en": null, "slug": null, "short_slug": null, "upc": "101", "description": null, "is_public": true, "meta_title": null, "meta_description": "", "product_class": null, "brand": null, "categories": []}}, {"model": "catalog.product", "pk": 6, "fields": {"is_deleted": false, "deleted_at": null, "created_at": "2024-01-30T15:58:47.835Z", "modified_at": "2024-02-09T14:13:18.929Z", "structure": "child", "parent": 4, "order": 0, "title_ir": null, "title_en": null, "slug": null, "short_slug": null, "upc": "7575", "description": null, "is_public": true, "meta_title": null, "meta_description": "", "product_class": null, "brand": null, "categories": []}}, {"model": "catalog.product", "pk": 9, "fields": {"is_deleted": false, "deleted_at": null, "created_at": "2024-01-31T05:59:37.349Z", "modified_at": "2024-02-07T18:52:00.095Z", "structure": "parent", "parent": null, "order": 0, "title_ir": "کفش نیوبالانس NewBalance AM574", "title_en": "NewBalance AM574", "slug": "newbalance-am574", "short_slug": 86318, "upc": "4372141412", "description": null, "is_public": true, "meta_title": "کفش نیوبالانس NewBalance AM574", "meta_description": "کفش نیوبالانس NewBalance AM574", "product_class": 1, "brand": 11, "categories": [1, 7, 5, 3]}}, {"model": "catalog.product", "pk": 10, "fields": {"is_deleted": false, "deleted_at": null, "created_at": "2024-01-31T06:00:28.019Z", "modified_at": "2024-01-31T06:00:28.019Z", "structure": "child", "parent": 9, "order": 0, "title_ir": null, "title_en": null, "slug": null, "short_slug": null, "upc": null, "description": null, "is_public": true, "meta_title": null, "meta_description": "", "product_class": null, "brand": null, "categories": []}}, {"model": "catalog.product", "pk": 11, "fields": {"is_deleted": false, "deleted_at": null, "created_at": "2024-01-31T06:01:09.660Z", "modified_at": "2024-02-07T18:52:00.082Z", "structure": "parent", "parent": null, "order": 0, "title_ir": "کفش نیوبالانس NewBalance 725", "title_en": "NewBalance 725", "slug": "newbalance-725", "short_slug": 36739, "upc": "725555", "description": null, "is_public": true, "meta_title": null, "meta_description": "", "product_class": 1, "brand": 11, "categories": [1, 6, 7, 5, 3]}}, {"model": "catalog.product", "pk": 12, "fields": {"is_deleted": false, "deleted_at": null, "created_at": "2024-01-31T06:01:45.616Z", "modified_at": "2024-01-31T06:01:45.616Z", "structure": "child", "parent": 11, "order": 0, "title_ir": null, "title_en": null, "slug": null, "short_slug": null, "upc": null, "description": null, "is_public": true, "meta_title": null, "meta_description": "", "product_class": null, "brand": null, "categories": []}}, {"model": "catalog.product", "pk": 13, "fields": {"is_deleted": false, "deleted_at": null, "created_at": "2024-01-31T06:03:00.915Z", "modified_at": "2024-02-08T12:29:39.275Z", "structure": "parent", "parent": null, "order": 0, "title_ir": "کفش سالومون اکس تی راش Salomon XT-RUSH", "title_en": "Salomon XT-RUSH", "slug": "salomon-xt-rush", "short_slug": 63479, "upc": "2131314151", "description": null, "is_public": true, "meta_title": "کفش سالومون اکس تی راش Salomon XT-RUSH", "meta_description": "کفش سالومون اکس تی راش Salomon XT-RUSH", "product_class": 1, "brand": 9, "categories": [1, 8, 6, 7]}}, {"model": "catalog.product", "pk": 15, "fields": {"is_deleted": false, "deleted_at": null, "created_at": "2024-01-31T06:24:54.617Z", "modified_at": "2024-02-08T11:56:42.201Z", "structure": "parent", "parent": null, "order": 0, "title_ir": "کفش آدیداس Adidas X_PLR", "title_en": "Adidas X_PLR", "slug": "adidas-x_plr", "short_slug": 27313, "upc": "2141413131", "description": null, "is_public": true, "meta_title": "کفش آدیداس Adidas X_PLR", "meta_description": "کفش آدیداس Adidas X_PLR", "product_class": 1, "brand": 2, "categories": [1, 7, 5]}}, {"model": "catalog.product", "pk": 16, "fields": {"is_deleted": false, "deleted_at": null, "created_at": "2024-01-31T06:25:25.476Z", "modified_at": "2024-02-26T09:51:16.072Z", "structure": "child", "parent": 15, "order": 0, "title_ir": null, "title_en": null, "slug": null, "short_slug": null, "upc": null, "description": "", "is_public": true, "meta_title": null, "meta_description": "", "product_class": null, "brand": null, "categories": []}}, {"model": "catalog.product", "pk": 17, "fields": {"is_deleted": false, "deleted_at": null, "created_at": "2024-02-07T10:38:39.915Z", "modified_at": "2024-02-08T12:30:07.463Z", "structure": "child", "parent": 13, "order": 0, "title_ir": null, "title_en": null, "slug": null, "short_slug": null, "upc": null, "description": null, "is_public": true, "meta_title": null, "meta_description": "", "product_class": null, "brand": null, "categories": []}}, {"model": "catalog.product", "pk": 18, "fields": {"is_deleted": false, "deleted_at": null, "created_at": "2024-02-08T12:30:36.068Z", "modified_at": "2024-02-08T12:30:36.068Z", "structure": "child", "parent": 13, "order": 0, "title_ir": null, "title_en": null, "slug": null, "short_slug": null, "upc": null, "description": null, "is_public": true, "meta_title": null, "meta_description": "", "product_class": null, "brand": null, "categories": []}}, {"model": "catalog.product", "pk": 19, "fields": {"is_deleted": false, "deleted_at": null, "created_at": "2024-02-08T12:31:12.036Z", "modified_at": "2024-02-08T12:31:12.036Z", "structure": "child", "parent": 13, "order": 0, "title_ir": null, "title_en": null, "slug": null, "short_slug": null, "upc": null, "description": null, "is_public": true, "meta_title": null, "meta_description": "", "product_class": null, "brand": null, "categories": []}}, {"model": "catalog.product", "pk": 21, "fields": {"is_deleted": false, "deleted_at": null, "created_at": "2024-02-08T13:31:51.293Z", "modified_at": "2024-02-08T13:31:51.293Z", "structure": "child", "parent": 15, "order": 0, "title_ir": null, "title_en": null, "slug": null, "short_slug": null, "upc": null, "description": null, "is_public": true, "meta_title": null, "meta_description": "", "product_class": null, "brand": null, "categories": []}}, {"model": "catalog.product", "pk": 22, "fields": {"is_deleted": false, "deleted_at": null, "created_at": "2024-02-08T19:58:05.273Z", "modified_at": "2024-03-09T14:43:25.692Z", "structure": "standalone", "parent": null, "order": 0, "title_ir": "محصول تک", "title_en": "stand alone", "slug": "stand-alone", "short_slug": 31284, "upc": "STAND-ALONE-1000", "description": "", "is_public": true, "meta_title": null, "meta_description": "", "product_class": 1, "brand": 11, "categories": [1, 7]}}, {"model": "catalog.product", "pk": 23, "fields": {"is_deleted": false, "deleted_at": null, "created_at": "2024-02-09T14:18:34.858Z", "modified_at": "2024-03-26T08:50:37.193Z", "structure": "parent", "parent": null, "order": 0, "title_ir": "تست مولتی چویس", "title_en": "Test Multi Option", "slug": "test-multi-option", "short_slug": 53558, "upc": "MULTIOPTIONTEST", "description": "# کفش مولتی چویس\r\n\r\n\r\n\r\n\r\n### ویژگی های محصول\r\n\r\n - نرم\r\n - راحت\r\n - ارزان\r\n\r\n![Image](https://dl.taymakz.ir/media/images/2024/03/07/PlnMncihb7SBs848wFFLRQgJZd24fH.webp)", "is_public": true, "meta_title": null, "meta_description": "", "product_class": 1, "brand": 11, "categories": [1, 7]}}, {"model": "catalog.product", "pk": 24, "fields": {"is_deleted": false, "deleted_at": null, "created_at": "2024-02-09T14:19:21.312Z", "modified_at": "2024-02-09T14:46:58.893Z", "structure": "child", "parent": 23, "order": 0, "title_ir": null, "title_en": null, "slug": null, "short_slug": null, "upc": null, "description": null, "is_public": true, "meta_title": null, "meta_description": "", "product_class": null, "brand": null, "categories": []}}, {"model": "catalog.product", "pk": 25, "fields": {"is_deleted": false, "deleted_at": null, "created_at": "2024-02-09T14:19:55.286Z", "modified_at": "2024-02-23T11:43:44.655Z", "structure": "child", "parent": 23, "order": 0, "title_ir": null, "title_en": null, "slug": null, "short_slug": null, "upc": null, "description": "# کفش مولتی چویس\r\n\r\n\r\n\r\n\r\n### ویژگی های محصول\r\n\r\n - نرم\r\n - راحت\r\n - ارزان\r\n>\r\n\r\n------------\r\n\r\n\r\n\r\n![image](http://127.0.0.1:8000/media/images/2024/01/31/fkvJC2AdDo3Rlx3AnJJOqakNZIdpxS.webp)", "is_public": true, "meta_title": null, "meta_description": "", "product_class": null, "brand": null, "categories": []}}, {"model": "catalog.product", "pk": 26, "fields": {"is_deleted": false, "deleted_at": null, "created_at": "2024-02-09T14:20:30.422Z", "modified_at": "2024-02-23T11:45:35.442Z", "structure": "child", "parent": 23, "order": 0, "title_ir": null, "title_en": null, "slug": null, "short_slug": null, "upc": null, "description": "# کفش مولتی چویس\r\n\r\n\r\n\r\n\r\n### ویژگی های محصول\r\n\r\n - نرم\r\n - راحت\r\n - ارزان\r\n![image](http://127.0.0.1:8000/media/images/2024/01/31/fkvJC2AdDo3Rlx3AnJJOqakNZIdpxS.webp)", "is_public": true, "meta_title": null, "meta_description": "", "product_class": null, "brand": null, "categories": []}}, {"model": "catalog.product", "pk": 27, "fields": {"is_deleted": false, "deleted_at": null, "created_at": "2024-03-04T09:09:07.146Z", "modified_at": "2024-03-07T16:43:53.451Z", "structure": "standalone", "parent": null, "order": 0, "title_ir": "اکلاس جدا", "title_en": "new class", "slug": "new-class", "short_slug": 82777, "upc": null, "description": "", "is_public": true, "meta_title": null, "meta_description": "", "product_class": 2, "brand": 11, "categories": [1, 4]}}, {"model": "catalog.productattributevalue", "pk": 1, "fields": {"product": 2, "attribute": 1, "value_text": "", "value_integer": null, "value_float": null, "value_option": 5, "value_multi_option": []}}, {"model": "catalog.productattributevalue", "pk": 2, "fields": {"product": 3, "attribute": 1, "value_text": "", "value_integer": null, "value_float": null, "value_option": 4, "value_multi_option": []}}, {"model": "catalog.productattributevalue", "pk": 3, "fields": {"product": 5, "attribute": 1, "value_text": "", "value_integer": null, "value_float": null, "value_option": 5, "value_multi_option": []}}, {"model": "catalog.productattributevalue", "pk": 4, "fields": {"product": 6, "attribute": 1, "value_text": "", "value_integer": null, "value_float": null, "value_option": 1, "value_multi_option": []}}, {"model": "catalog.productattributevalue", "pk": 7, "fields": {"product": 10, "attribute": 1, "value_text": "", "value_integer": null, "value_float": null, "value_option": 5, "value_multi_option": []}}, {"model": "catalog.productattributevalue", "pk": 8, "fields": {"product": 12, "attribute": 1, "value_text": "", "value_integer": null, "value_float": null, "value_option": 4, "value_multi_option": []}}, {"model": "catalog.productattributevalue", "pk": 10, "fields": {"product": 16, "attribute": 2, "value_text": "", "value_integer": null, "value_float": null, "value_option": 9, "value_multi_option": []}}, {"model": "catalog.productattributevalue", "pk": 11, "fields": {"product": 17, "attribute": 1, "value_text": "", "value_integer": null, "value_float": null, "value_option": 1, "value_multi_option": []}}, {"model": "catalog.productattributevalue", "pk": 12, "fields": {"product": 18, "attribute": 1, "value_text": "", "value_integer": null, "value_float": null, "value_option": 2, "value_multi_option": []}}, {"model": "catalog.productattributevalue", "pk": 13, "fields": {"product": 19, "attribute": 1, "value_text": "", "value_integer": null, "value_float": null, "value_option": 3, "value_multi_option": []}}, {"model": "catalog.productattributevalue", "pk": 15, "fields": {"product": 21, "attribute": 2, "value_text": "", "value_integer": null, "value_float": null, "value_option": 7, "value_multi_option": []}}, {"model": "catalog.productattributevalue", "pk": 16, "fields": {"product": 24, "attribute": 3, "value_text": "", "value_integer": null, "value_float": null, "value_option": null, "value_multi_option": [8, 1]}}, {"model": "catalog.productattributevalue", "pk": 17, "fields": {"product": 25, "attribute": 3, "value_text": "", "value_integer": null, "value_float": null, "value_option": null, "value_multi_option": [1, 7]}}, {"model": "catalog.productattributevalue", "pk": 18, "fields": {"product": 26, "attribute": 3, "value_text": "", "value_integer": null, "value_float": null, "value_option": null, "value_multi_option": [2, 6]}}, {"model": "catalog.productrecommendation", "pk": 1, "fields": {"primary": 23, "recommendation": 9, "rank": 0}}, {"model": "catalog.productrecommendation", "pk": 3, "fields": {"primary": 23, "recommendation": 11, "rank": 2}}, {"model": "catalog.productrecommendation", "pk": 4, "fields": {"primary": 23, "recommendation": 4, "rank": 3}}, {"model": "catalog.productrecommendation", "pk": 5, "fields": {"primary": 23, "recommendation": 15, "rank": 4}}, {"model": "catalog.productrecommendation", "pk": 6, "fields": {"primary": 23, "recommendation": 13, "rank": 5}}, {"model": "catalog.productimage", "pk": 1, "fields": {"product": 1, "image": 6, "order": 0}}, {"model": "catalog.productimage", "pk": 2, "fields": {"product": 4, "image": 6, "order": 0}}, {"model": "catalog.productimage", "pk": 3, "fields": {"product": 9, "image": 7, "order": 0}}, {"model": "catalog.productimage", "pk": 4, "fields": {"product": 11, "image": 7, "order": 0}}, {"model": "catalog.productimage", "pk": 5, "fields": {"product": 13, "image": 8, "order": 0}}, {"model": "catalog.productimage", "pk": 6, "fields": {"product": 15, "image": 9, "order": 0}}, {"model": "catalog.productimage", "pk": 7, "fields": {"product": 13, "image": 8, "order": 0}}, {"model": "catalog.productimage", "pk": 8, "fields": {"product": 13, "image": 8, "order": 0}}, {"model": "catalog.productimage", "pk": 9, "fields": {"product": 13, "image": 8, "order": 0}}, {"model": "catalog.productimage", "pk": 10, "fields": {"product": 13, "image": 9, "order": 0}}, {"model": "catalog.productimage", "pk": 11, "fields": {"product": 13, "image": 6, "order": 0}}, {"model": "catalog.productimage", "pk": 12, "fields": {"product": 13, "image": 8, "order": 0}}, {"model": "catalog.productimage", "pk": 13, "fields": {"product": 17, "image": 6, "order": 0}}, {"model": "catalog.productimage", "pk": 14, "fields": {"product": 17, "image": 9, "order": 0}}, {"model": "catalog.productimage", "pk": 15, "fields": {"product": 22, "image": 7, "order": 0}}, {"model": "catalog.productimage", "pk": 16, "fields": {"product": 23, "image": 9, "order": 0}}, {"model": "catalog.productimage", "pk": 17, "fields": {"product": 27, "image": 9, "order": 0}}, {"model": "catalog.productproperty", "pk": 1, "fields": {"name": "جنس"}}, {"model": "catalog.productproperty", "pk": 2, "fields": {"name": "جنس زیره"}}, {"model": "catalog.productproperty", "pk": 3, "fields": {"name": "نحوه بسته شدن کفش"}}, {"model": "catalog.productpropertyvalue", "pk": 1, "fields": {"product": 15, "property": 1, "value": "پارچه"}}, {"model": "catalog.productpropertyvalue", "pk": 2, "fields": {"product": 15, "property": 2, "value": "تیتانیوم"}}, {"model": "catalog.productpropertyvalue", "pk": 3, "fields": {"product": 15, "property": 3, "value": "بند"}}, {"model": "catalog.productpropertyvalue", "pk": 4, "fields": {"product": 13, "property": 1, "value": "پارچه"}}, {"model": "catalog.productpropertyvalue", "pk": 5, "fields": {"product": 13, "property": 2, "value": "تیتانیوم"}}, {"model": "catalog.productpropertyvalue", "pk": 6, "fields": {"product": 13, "property": 3, "value": "بند"}}, {"model": "catalog.productpropertyvalue", "pk": 7, "fields": {"product": 22, "property": 1, "value": "آهن"}}, {"model": "catalog.productpropertyvalue", "pk": 8, "fields": {"product": 23, "property": 1, "value": "پیاز"}}, {"model": "catalog.productpropertyvalue", "pk": 9, "fields": {"product": 23, "property": 2, "value": "سیب زمینی"}}, {"model": "catalog.productvisits", "pk": 1, "fields": {"is_deleted": false, "deleted_at": null, "created_at": "2024-03-14T08:30:13.514Z", "modified_at": "2024-03-14T08:30:13.514Z", "product": 1, "user": 1, "ip_address": "172.19.0.1"}}, {"model": "catalog.productvisits", "pk": 2, "fields": {"is_deleted": false, "deleted_at": null, "created_at": "2024-03-14T08:36:28.579Z", "modified_at": "2024-03-14T08:36:28.579Z", "product": 1, "user": null, "ip_address": "127.0.0.1"}}, {"model": "catalog.productvisits", "pk": 3, "fields": {"is_deleted": false, "deleted_at": null, "created_at": "2024-03-14T09:59:02.000Z", "modified_at": "2024-03-14T09:59:02.000Z", "product": 4, "user": null, "ip_address": "127.0.0.1"}}, {"model": "catalog.productvisits", "pk": 4, "fields": {"is_deleted": false, "deleted_at": null, "created_at": "2024-03-14T10:15:05.759Z", "modified_at": "2024-03-14T10:15:05.759Z", "product": 1, "user": 6, "ip_address": "127.0.0.1"}}, {"model": "catalog.productvisits", "pk": 5, "fields": {"is_deleted": false, "deleted_at": null, "created_at": "2024-03-14T10:21:11.410Z", "modified_at": "2024-03-14T10:21:11.410Z", "product": 4, "user": 1, "ip_address": "172.19.0.1"}}, {"model": "catalog.productvisits", "pk": 6, "fields": {"is_deleted": false, "deleted_at": null, "created_at": "2024-03-14T12:44:08.989Z", "modified_at": "2024-03-14T12:44:08.989Z", "product": 27, "user": null, "ip_address": "127.0.0.1"}}, {"model": "catalog.productvisits", "pk": 7, "fields": {"is_deleted": false, "deleted_at": null, "created_at": "2024-03-14T12:44:13.046Z", "modified_at": "2024-03-14T12:44:13.046Z", "product": 4, "user": null, "ip_address": "127.0.0.1"}}, {"model": "catalog.productvisits", "pk": 8, "fields": {"is_deleted": false, "deleted_at": null, "created_at": "2024-03-14T12:44:17.575Z", "modified_at": "2024-03-14T12:44:17.575Z", "product": 11, "user": null, "ip_address": "127.0.0.1"}}, {"model": "catalog.productvisits", "pk": 9, "fields": {"is_deleted": false, "deleted_at": null, "created_at": "2024-03-14T12:44:22.757Z", "modified_at": "2024-03-14T12:44:22.757Z", "product": 13, "user": null, "ip_address": "127.0.0.1"}}, {"model": "catalog.productvisits", "pk": 10, "fields": {"is_deleted": false, "deleted_at": null, "created_at": "2024-03-14T12:45:31.264Z", "modified_at": "2024-03-14T12:45:31.265Z", "product": 1, "user": 1, "ip_address": "127.0.0.1"}}, {"model": "catalog.productvisits", "pk": 11, "fields": {"is_deleted": false, "deleted_at": null, "created_at": "2024-03-14T12:48:07.538Z", "modified_at": "2024-03-14T12:48:07.538Z", "product": 4, "user": 1, "ip_address": "172.19.0.1"}}, {"model": "catalog.productvisits", "pk": 12, "fields": {"is_deleted": false, "deleted_at": null, "created_at": "2024-03-14T12:48:16.698Z", "modified_at": "2024-03-14T12:48:16.698Z", "product": 13, "user": 1, "ip_address": "172.19.0.1"}}, {"model": "catalog.productvisits", "pk": 13, "fields": {"is_deleted": false, "deleted_at": null, "created_at": "2024-03-14T12:53:08.093Z", "modified_at": "2024-03-14T12:53:08.093Z", "product": 22, "user": 1, "ip_address": "172.19.0.1"}}, {"model": "catalog.productvisits", "pk": 14, "fields": {"is_deleted": false, "deleted_at": null, "created_at": "2024-03-14T12:53:24.028Z", "modified_at": "2024-03-14T12:53:24.028Z", "product": 11, "user": 1, "ip_address": "172.19.0.1"}}, {"model": "catalog.productvisits", "pk": 15, "fields": {"is_deleted": false, "deleted_at": null, "created_at": "2024-03-14T12:57:33.519Z", "modified_at": "2024-03-14T12:57:33.519Z", "product": 15, "user": 1, "ip_address": "172.19.0.1"}}, {"model": "catalog.productvisits", "pk": 16, "fields": {"is_deleted": false, "deleted_at": null, "created_at": "2024-03-14T13:21:47.344Z", "modified_at": "2024-03-14T13:21:47.344Z", "product": 23, "user": 1, "ip_address": "172.19.0.1"}}, {"model": "catalog.productvisits", "pk": 17, "fields": {"is_deleted": false, "deleted_at": null, "created_at": "2024-03-15T18:25:38.578Z", "modified_at": "2024-03-15T18:25:38.578Z", "product": 9, "user": null, "ip_address": "127.0.0.1"}}, {"model": "catalog.productvisits", "pk": 18, "fields": {"is_deleted": false, "deleted_at": null, "created_at": "2024-03-16T09:44:15.859Z", "modified_at": "2024-03-16T09:44:15.859Z", "product": 9, "user": null, "ip_address": "127.0.0.1"}}, {"model": "catalog.productvisits", "pk": 19, "fields": {"is_deleted": false, "deleted_at": null, "created_at": "2024-03-16T13:27:23.025Z", "modified_at": "2024-03-16T13:27:23.025Z", "product": 1, "user": 7, "ip_address": "127.0.0.1"}}, {"model": "catalog.productvisits", "pk": 20, "fields": {"is_deleted": false, "deleted_at": null, "created_at": "2024-03-16T13:27:26.448Z", "modified_at": "2024-03-16T13:27:26.448Z", "product": 4, "user": 7, "ip_address": "127.0.0.1"}}, {"model": "catalog.productvisits", "pk": 21, "fields": {"is_deleted": false, "deleted_at": null, "created_at": "2024-03-16T13:27:30.449Z", "modified_at": "2024-03-16T13:27:30.449Z", "product": 15, "user": 7, "ip_address": "127.0.0.1"}}, {"model": "catalog.productvisits", "pk": 22, "fields": {"is_deleted": false, "deleted_at": null, "created_at": "2024-03-16T13:28:10.659Z", "modified_at": "2024-03-16T13:28:10.659Z", "product": 11, "user": 7, "ip_address": "127.0.0.1"}}, {"model": "catalog.productvisits", "pk": 23, "fields": {"is_deleted": false, "deleted_at": null, "created_at": "2024-03-16T13:28:58.198Z", "modified_at": "2024-03-16T13:28:58.199Z", "product": 13, "user": 7, "ip_address": "127.0.0.1"}}, {"model": "catalog.productvisits", "pk": 24, "fields": {"is_deleted": false, "deleted_at": null, "created_at": "2024-03-16T13:29:07.482Z", "modified_at": "2024-03-16T13:29:07.482Z", "product": 23, "user": 7, "ip_address": "127.0.0.1"}}, {"model": "catalog.productvisits", "pk": 25, "fields": {"is_deleted": false, "deleted_at": null, "created_at": "2024-03-16T15:49:55.272Z", "modified_at": "2024-03-16T15:49:55.272Z", "product": 1, "user": null, "ip_address": "172.24.0.1"}}, {"model": "catalog.productvisits", "pk": 26, "fields": {"is_deleted": false, "deleted_at": null, "created_at": "2024-03-16T15:51:20.281Z", "modified_at": "2024-03-16T15:51:20.281Z", "product": 4, "user": null, "ip_address": "172.24.0.1"}}, {"model": "catalog.productvisits", "pk": 27, "fields": {"is_deleted": false, "deleted_at": null, "created_at": "2024-03-16T17:25:30.351Z", "modified_at": "2024-03-16T17:25:30.351Z", "product": 9, "user": 1, "ip_address": "127.0.0.1"}}, {"model": "catalog.productvisits", "pk": 28, "fields": {"is_deleted": false, "deleted_at": null, "created_at": "2024-03-16T21:18:16.341Z", "modified_at": "2024-03-16T21:18:16.341Z", "product": 15, "user": null, "ip_address": "127.0.0.1"}}, {"model": "catalog.productvisits", "pk": 29, "fields": {"is_deleted": false, "deleted_at": null, "created_at": "2024-03-17T09:03:30.175Z", "modified_at": "2024-03-17T09:03:30.175Z", "product": 1, "user": null, "ip_address": "127.0.0.1"}}, {"model": "catalog.productvisits", "pk": 30, "fields": {"is_deleted": false, "deleted_at": null, "created_at": "2024-03-17T12:43:42.300Z", "modified_at": "2024-03-17T12:43:42.300Z", "product": 4, "user": 1, "ip_address": "192.168.32.1"}}, {"model": "catalog.productvisits", "pk": 31, "fields": {"is_deleted": false, "deleted_at": null, "created_at": "2024-03-17T17:25:03.200Z", "modified_at": "2024-03-17T17:25:03.200Z", "product": 23, "user": 1, "ip_address": "127.0.0.1"}}, {"model": "catalog.productvisits", "pk": 32, "fields": {"is_deleted": false, "deleted_at": null, "created_at": "2024-03-17T17:25:10.336Z", "modified_at": "2024-03-17T17:25:10.336Z", "product": 15, "user": 1, "ip_address": "127.0.0.1"}}, {"model": "catalog.productvisits", "pk": 33, "fields": {"is_deleted": false, "deleted_at": null, "created_at": "2024-03-17T17:32:04.716Z", "modified_at": "2024-03-17T17:32:04.716Z", "product": 1, "user": null, "ip_address": "127.0.0.1"}}, {"model": "catalog.productvisits", "pk": 34, "fields": {"is_deleted": false, "deleted_at": null, "created_at": "2024-03-17T17:32:07.944Z", "modified_at": "2024-03-17T17:32:07.944Z", "product": 4, "user": null, "ip_address": "127.0.0.1"}}, {"model": "catalog.productvisits", "pk": 35, "fields": {"is_deleted": false, "deleted_at": null, "created_at": "2024-03-17T18:10:15.671Z", "modified_at": "2024-03-17T18:10:15.671Z", "product": 13, "user": null, "ip_address": "127.0.0.1"}}, {"model": "catalog.productvisits", "pk": 36, "fields": {"is_deleted": false, "deleted_at": null, "created_at": "2024-03-18T10:20:01.846Z", "modified_at": "2024-03-18T10:20:01.846Z", "product": 23, "user": null, "ip_address": "127.0.0.1"}}, {"model": "catalog.productvisits", "pk": 37, "fields": {"is_deleted": false, "deleted_at": null, "created_at": "2024-03-18T17:38:37.911Z", "modified_at": "2024-03-18T17:38:37.911Z", "product": 23, "user": null, "ip_address": "127.0.0.1"}}, {"model": "catalog.productvisits", "pk": 38, "fields": {"is_deleted": false, "deleted_at": null, "created_at": "2024-03-18T17:39:28.345Z", "modified_at": "2024-03-18T17:39:28.345Z", "product": 13, "user": null, "ip_address": "127.0.0.1"}}, {"model": "catalog.productvisits", "pk": 39, "fields": {"is_deleted": false, "deleted_at": null, "created_at": "2024-03-18T17:40:27.660Z", "modified_at": "2024-03-18T17:40:27.660Z", "product": 22, "user": null, "ip_address": "127.0.0.1"}}, {"model": "catalog.productvisits", "pk": 40, "fields": {"is_deleted": false, "deleted_at": null, "created_at": "2024-03-18T17:40:29.841Z", "modified_at": "2024-03-18T17:40:29.841Z", "product": 27, "user": null, "ip_address": "127.0.0.1"}}, {"model": "catalog.productvisits", "pk": 41, "fields": {"is_deleted": false, "deleted_at": null, "created_at": "2024-03-18T17:40:33.424Z", "modified_at": "2024-03-18T17:40:33.424Z", "product": 11, "user": null, "ip_address": "127.0.0.1"}}, {"model": "catalog.productvisits", "pk": 42, "fields": {"is_deleted": false, "deleted_at": null, "created_at": "2024-03-18T17:41:56.463Z", "modified_at": "2024-03-18T17:41:56.463Z", "product": 4, "user": null, "ip_address": "127.0.0.1"}}, {"model": "catalog.productvisits", "pk": 43, "fields": {"is_deleted": false, "deleted_at": null, "created_at": "2024-03-18T18:08:09.715Z", "modified_at": "2024-03-18T18:08:09.715Z", "product": 1, "user": 1, "ip_address": "192.168.32.1"}}, {"model": "catalog.productvisits", "pk": 44, "fields": {"is_deleted": false, "deleted_at": null, "created_at": "2024-03-19T11:44:06.178Z", "modified_at": "2024-03-19T11:44:06.178Z", "product": 9, "user": null, "ip_address": "127.0.0.1"}}, {"model": "catalog.productvisits", "pk": 45, "fields": {"is_deleted": false, "deleted_at": null, "created_at": "2024-03-19T18:23:21.864Z", "modified_at": "2024-03-19T18:23:21.864Z", "product": 27, "user": null, "ip_address": "127.0.0.1"}}, {"model": "catalog.productvisits", "pk": 46, "fields": {"is_deleted": false, "deleted_at": null, "created_at": "2024-03-19T19:08:06.086Z", "modified_at": "2024-03-19T19:08:06.086Z", "product": 13, "user": null, "ip_address": "127.0.0.1"}}, {"model": "catalog.productvisits", "pk": 47, "fields": {"is_deleted": false, "deleted_at": null, "created_at": "2024-03-20T06:03:04.013Z", "modified_at": "2024-03-20T06:03:04.013Z", "product": 4, "user": null, "ip_address": "127.0.0.1"}}, {"model": "catalog.productvisits", "pk": 48, "fields": {"is_deleted": false, "deleted_at": null, "created_at": "2024-03-20T07:25:33.388Z", "modified_at": "2024-03-20T07:25:33.388Z", "product": 1, "user": null, "ip_address": "127.0.0.1"}}, {"model": "catalog.productvisits", "pk": 49, "fields": {"is_deleted": false, "deleted_at": null, "created_at": "2024-03-20T07:26:05.490Z", "modified_at": "2024-03-20T07:26:05.490Z", "product": 27, "user": null, "ip_address": "127.0.0.1"}}, {"model": "catalog.productvisits", "pk": 50, "fields": {"is_deleted": false, "deleted_at": null, "created_at": "2024-03-21T11:55:14.795Z", "modified_at": "2024-03-21T11:55:14.795Z", "product": 23, "user": null, "ip_address": "127.0.0.1"}}, {"model": "catalog.productvisits", "pk": 51, "fields": {"is_deleted": false, "deleted_at": null, "created_at": "2024-03-22T13:38:53.357Z", "modified_at": "2024-03-22T13:38:53.357Z", "product": 4, "user": null, "ip_address": "127.0.0.1"}}, {"model": "catalog.productvisits", "pk": 52, "fields": {"is_deleted": false, "deleted_at": null, "created_at": "2024-03-22T17:29:42.859Z", "modified_at": "2024-03-22T17:29:42.859Z", "product": 1, "user": 1, "ip_address": "172.19.0.1"}}, {"model": "catalog.productvisits", "pk": 53, "fields": {"is_deleted": false, "deleted_at": null, "created_at": "2024-03-22T17:30:50.133Z", "modified_at": "2024-03-22T17:30:50.133Z", "product": 4, "user": 1, "ip_address": "172.19.0.1"}}, {"model": "catalog.productvisits", "pk": 54, "fields": {"is_deleted": false, "deleted_at": null, "created_at": "2024-03-22T17:30:54.870Z", "modified_at": "2024-03-22T17:30:54.870Z", "product": 15, "user": 1, "ip_address": "172.19.0.1"}}, {"model": "catalog.productvisits", "pk": 55, "fields": {"is_deleted": false, "deleted_at": null, "created_at": "2024-03-22T17:31:07.425Z", "modified_at": "2024-03-22T17:31:07.425Z", "product": 11, "user": 1, "ip_address": "172.19.0.1"}}, {"model": "catalog.productvisits", "pk": 56, "fields": {"is_deleted": false, "deleted_at": null, "created_at": "2024-03-22T17:37:56.575Z", "modified_at": "2024-03-22T17:37:56.575Z", "product": 23, "user": null, "ip_address": "172.19.0.1"}}, {"model": "catalog.productvisits", "pk": 57, "fields": {"is_deleted": false, "deleted_at": null, "created_at": "2024-03-22T18:36:51.353Z", "modified_at": "2024-03-22T18:36:51.353Z", "product": 23, "user": 1, "ip_address": "127.0.0.1"}}, {"model": "catalog.productvisits", "pk": 58, "fields": {"is_deleted": false, "deleted_at": null, "created_at": "2024-03-22T20:45:58.770Z", "modified_at": "2024-03-22T20:45:58.770Z", "product": 1, "user": null, "ip_address": "172.19.0.1"}}, {"model": "catalog.productvisits", "pk": 59, "fields": {"is_deleted": false, "deleted_at": null, "created_at": "2024-03-23T08:47:18.487Z", "modified_at": "2024-03-23T08:47:18.487Z", "product": 1, "user": null, "ip_address": "127.0.0.1"}}, {"model": "catalog.productvisits", "pk": 60, "fields": {"is_deleted": false, "deleted_at": null, "created_at": "2024-03-23T17:04:30.647Z", "modified_at": "2024-03-23T17:04:30.647Z", "product": 27, "user": null, "ip_address": "127.0.0.1"}}, {"model": "catalog.productvisits", "pk": 61, "fields": {"is_deleted": false, "deleted_at": null, "created_at": "2024-03-24T14:51:05.427Z", "modified_at": "2024-03-24T14:51:05.427Z", "product": 1, "user": null, "ip_address": "172.19.0.1"}}, {"model": "catalog.productvisits", "pk": 62, "fields": {"is_deleted": false, "deleted_at": null, "created_at": "2024-03-24T14:56:49.705Z", "modified_at": "2024-03-24T14:56:49.705Z", "product": 15, "user": null, "ip_address": "172.19.0.1"}}, {"model": "catalog.productvisits", "pk": 63, "fields": {"is_deleted": false, "deleted_at": null, "created_at": "2024-03-24T14:59:49.071Z", "modified_at": "2024-03-24T14:59:49.071Z", "product": 4, "user": null, "ip_address": "172.19.0.1"}}, {"model": "catalog.productvisits", "pk": 64, "fields": {"is_deleted": false, "deleted_at": null, "created_at": "2024-03-24T14:59:54.660Z", "modified_at": "2024-03-24T14:59:54.660Z", "product": 23, "user": null, "ip_address": "172.19.0.1"}}, {"model": "catalog.productvisits", "pk": 65, "fields": {"is_deleted": false, "deleted_at": null, "created_at": "2024-03-24T15:09:57.434Z", "modified_at": "2024-03-24T15:09:57.434Z", "product": 11, "user": null, "ip_address": "172.19.0.1"}}, {"model": "catalog.productvisits", "pk": 66, "fields": {"is_deleted": false, "deleted_at": null, "created_at": "2024-03-24T15:31:07.340Z", "modified_at": "2024-03-24T15:31:07.340Z", "product": 13, "user": null, "ip_address": "127.0.0.1"}}, {"model": "catalog.productvisits", "pk": 67, "fields": {"is_deleted": false, "deleted_at": null, "created_at": "2024-03-24T20:47:30.707Z", "modified_at": "2024-03-24T20:47:30.707Z", "product": 1, "user": null, "ip_address": "127.0.0.1"}}, {"model": "catalog.productvisits", "pk": 68, "fields": {"is_deleted": false, "deleted_at": null, "created_at": "2024-03-24T20:47:38.154Z", "modified_at": "2024-03-24T20:47:38.154Z", "product": 11, "user": null, "ip_address": "127.0.0.1"}}, {"model": "catalog.productvisits", "pk": 69, "fields": {"is_deleted": false, "deleted_at": null, "created_at": "2024-03-24T20:47:44.690Z", "modified_at": "2024-03-24T20:47:44.690Z", "product": 13, "user": null, "ip_address": "127.0.0.1"}}, {"model": "catalog.productvisits", "pk": 70, "fields": {"is_deleted": false, "deleted_at": null, "created_at": "2024-03-25T13:10:47.781Z", "modified_at": "2024-03-25T13:10:47.781Z", "product": 4, "user": 1, "ip_address": "127.0.0.1"}}, {"model": "catalog.productvisits", "pk": 71, "fields": {"is_deleted": false, "deleted_at": null, "created_at": "2024-03-26T06:57:27.664Z", "modified_at": "2024-03-26T06:57:27.664Z", "product": 4, "user": null, "ip_address": "127.0.0.1"}}, {"model": "catalog.productvisits", "pk": 72, "fields": {"is_deleted": false, "deleted_at": null, "created_at": "2024-03-26T07:04:54.811Z", "modified_at": "2024-03-26T07:04:54.812Z", "product": 1, "user": null, "ip_address": "127.0.0.1"}}, {"model": "catalog.productvisits", "pk": 73, "fields": {"is_deleted": false, "deleted_at": null, "created_at": "2024-03-26T08:44:44.798Z", "modified_at": "2024-03-26T08:44:44.798Z", "product": 1, "user": 1, "ip_address": "127.0.0.1"}}, {"model": "catalog.productvisits", "pk": 74, "fields": {"is_deleted": false, "deleted_at": null, "created_at": "2024-03-26T08:44:50.378Z", "modified_at": "2024-03-26T08:44:50.378Z", "product": 23, "user": 1, "ip_address": "127.0.0.1"}}, {"model": "inventory.stockrecord", "pk": 1, "fields": {"product": 5, "sku": null, "buy_price": 1500000, "sale_price": 1900000, "special_sale_price": 1800000, "special_sale_price_start_at": "2024-01-31T10:55:47Z", "special_sale_price_end_at": "2024-02-02T10:56:02Z", "num_stock": 213, "in_order_limit": null, "threshold_low_stack": null}}, {"model": "inventory.stockrecord", "pk": 2, "fields": {"product": 2, "sku": null, "buy_price": 500000, "sale_price": 900000, "special_sale_price": null, "special_sale_price_start_at": null, "special_sale_price_end_at": null, "num_stock": 8, "in_order_limit": null, "threshold_low_stack": null}}, {"model": "inventory.stockrecord", "pk": 3, "fields": {"product": 3, "sku": null, "buy_price": 500000, "sale_price": 700000, "special_sale_price": 620000, "special_sale_price_start_at": "2024-03-11T09:36:40Z", "special_sale_price_end_at": "2024-03-12T09:36:42Z", "num_stock": 0, "in_order_limit": null, "threshold_low_stack": null}}, {"model": "inventory.stockrecord", "pk": 4, "fields": {"product": 4, "sku": null, "buy_price": null, "sale_price": 1000, "special_sale_price": 1800000, "special_sale_price_start_at": "2024-01-31T10:55:47Z", "special_sale_price_end_at": "2024-02-02T10:56:02Z", "num_stock": 5, "in_order_limit": null, "threshold_low_stack": null}}, {"model": "inventory.stockrecord", "pk": 6, "fields": {"product": 6, "sku": null, "buy_price": 500, "sale_price": 1000, "special_sale_price": null, "special_sale_price_start_at": null, "special_sale_price_end_at": null, "num_stock": 5, "in_order_limit": null, "threshold_low_stack": null}}, {"model": "inventory.stockrecord", "pk": 7, "fields": {"product": 1, "sku": null, "buy_price": null, "sale_price": 900000, "special_sale_price": null, "special_sale_price_start_at": null, "special_sale_price_end_at": null, "num_stock": 8, "in_order_limit": null, "threshold_low_stack": null}}, {"model": "inventory.stockrecord", "pk": 10, "fields": {"product": 10, "sku": null, "buy_price": 120000, "sale_price": 150000, "special_sale_price": 130000, "special_sale_price_start_at": null, "special_sale_price_end_at": null, "num_stock": 19, "in_order_limit": null, "threshold_low_stack": null}}, {"model": "inventory.stockrecord", "pk": 11, "fields": {"product": 9, "sku": null, "buy_price": null, "sale_price": 150000, "special_sale_price": 130000, "special_sale_price_start_at": null, "special_sale_price_end_at": null, "num_stock": 19, "in_order_limit": null, "threshold_low_stack": null}}, {"model": "inventory.stockrecord", "pk": 12, "fields": {"product": 12, "sku": null, "buy_price": 9000000, "sale_price": 10000000, "special_sale_price": null, "special_sale_price_start_at": null, "special_sale_price_end_at": null, "num_stock": 16, "in_order_limit": null, "threshold_low_stack": null}}, {"model": "inventory.stockrecord", "pk": 13, "fields": {"product": 11, "sku": null, "buy_price": null, "sale_price": 10000000, "special_sale_price": null, "special_sale_price_start_at": null, "special_sale_price_end_at": null, "num_stock": 16, "in_order_limit": null, "threshold_low_stack": null}}, {"model": "inventory.stockrecord", "pk": 15, "fields": {"product": 13, "sku": null, "buy_price": null, "sale_price": 500000, "special_sale_price": 400000, "special_sale_price_start_at": null, "special_sale_price_end_at": null, "num_stock": 5, "in_order_limit": null, "threshold_low_stack": null}}, {"model": "inventory.stockrecord", "pk": 16, "fields": {"product": 16, "sku": "TKU-20000", "buy_price": 4200000, "sale_price": 5000000, "special_sale_price": 4500000, "special_sale_price_start_at": null, "special_sale_price_end_at": null, "num_stock": 10, "in_order_limit": null, "threshold_low_stack": null}}, {"model": "inventory.stockrecord", "pk": 17, "fields": {"product": 15, "sku": null, "buy_price": null, "sale_price": 4000000, "special_sale_price": null, "special_sale_price_start_at": null, "special_sale_price_end_at": null, "num_stock": 4, "in_order_limit": null, "threshold_low_stack": null}}, {"model": "inventory.stockrecord", "pk": 18, "fields": {"product": 17, "sku": "TKU-10002", "buy_price": 1000000, "sale_price": 2000000, "special_sale_price": null, "special_sale_price_start_at": null, "special_sale_price_end_at": null, "num_stock": 5, "in_order_limit": null, "threshold_low_stack": null}}, {"model": "inventory.stockrecord", "pk": 19, "fields": {"product": 18, "sku": "TKU-1000", "buy_price": 200000, "sale_price": 500000, "special_sale_price": 400000, "special_sale_price_start_at": "2024-02-09T10:31:17Z", "special_sale_price_end_at": "2024-02-15T10:31:22Z", "num_stock": 5, "in_order_limit": null, "threshold_low_stack": null}}, {"model": "inventory.stockrecord", "pk": 20, "fields": {"product": 19, "sku": "TKU-1003", "buy_price": 5000000, "sale_price": 10000000, "special_sale_price": 8000000, "special_sale_price_start_at": "2024-02-09T10:31:11Z", "special_sale_price_end_at": "2024-02-10T10:31:12Z", "num_stock": 4, "in_order_limit": null, "threshold_low_stack": null}}, {"model": "inventory.stockrecord", "pk": 22, "fields": {"product": 21, "sku": "TKU-20003", "buy_price": 3000000, "sale_price": 4000000, "special_sale_price": null, "special_sale_price_start_at": null, "special_sale_price_end_at": null, "num_stock": 4, "in_order_limit": null, "threshold_low_stack": null}}, {"model": "inventory.stockrecord", "pk": 23, "fields": {"product": 22, "sku": "TKU-standalone-1000", "buy_price": 9000000, "sale_price": 10000000, "special_sale_price": 9500000, "special_sale_price_start_at": "2024-02-08T19:55:24Z", "special_sale_price_end_at": "2024-02-10T19:55:25Z", "num_stock": 2, "in_order_limit": 1, "threshold_low_stack": null}}, {"model": "inventory.stockrecord", "pk": 24, "fields": {"product": 24, "sku": "TKU-1234", "buy_price": 1000000, "sale_price": 4000000, "special_sale_price": 3500000, "special_sale_price_start_at": null, "special_sale_price_end_at": null, "num_stock": 19, "in_order_limit": null, "threshold_low_stack": null}}, {"model": "inventory.stockrecord", "pk": 25, "fields": {"product": 23, "sku": null, "buy_price": null, "sale_price": 1000000, "special_sale_price": 700000, "special_sale_price_start_at": null, "special_sale_price_end_at": null, "num_stock": 19, "in_order_limit": null, "threshold_low_stack": null}}, {"model": "inventory.stockrecord", "pk": 26, "fields": {"product": 25, "sku": "TKU-1445", "buy_price": 3000000, "sale_price": 4000000, "special_sale_price": 3200000, "special_sale_price_start_at": null, "special_sale_price_end_at": null, "num_stock": 21, "in_order_limit": null, "threshold_low_stack": null}}, {"model": "inventory.stockrecord", "pk": 27, "fields": {"product": 26, "sku": "TKU-21212121", "buy_price": 600000, "sale_price": 1000000, "special_sale_price": 700000, "special_sale_price_start_at": null, "special_sale_price_end_at": null, "num_stock": 19, "in_order_limit": 2, "threshold_low_stack": null}}, {"model": "inventory.stockrecord", "pk": 28, "fields": {"product": 27, "sku": "TKU-121212121", "buy_price": 1000000, "sale_price": 5000000, "special_sale_price": 3100000, "special_sale_price_start_at": null, "special_sale_price_end_at": "2024-03-05T09:08:57Z", "num_stock": 10, "in_order_limit": 2, "threshold_low_stack": null}}, {"model": "order.order", "pk": 1, "fields": {"is_deleted": false, "deleted_at": null, "created_at": "2024-03-07T15:23:47.553Z", "modified_at": "2024-03-07T18:05:06.700Z", "user": 1, "slug": "61448", "payment_status": "در انتظار پرداخت", "verified_payment": false, "lock": false, "repayment_expire_at": null, "delivery_status": null, "delivery_canceled_reason": null, "shipping_rate": 1, "address": 1, "coupon": null, "tracking_code": null, "delivery_status_modified_at": null, "ordered_at": null, "shipped_at": null, "delivered_at": null, "final_paid_price": 0, "final_profit_price": 0, "final_total_items_final_price": 0, "final_total_items_before_discount_price": 0, "final_coupon_effect_price": 0, "final_shipping_effect_price": 0}}, {"model": "order.order", "pk": 2, "fields": {"is_deleted": false, "deleted_at": null, "created_at": "2024-03-07T19:15:09.985Z", "modified_at": "2024-03-07T19:15:09.985Z", "user": 2, "slug": "91005", "payment_status": "باز", "verified_payment": false, "lock": false, "repayment_expire_at": null, "delivery_status": null, "delivery_canceled_reason": null, "shipping_rate": null, "address": null, "coupon": null, "tracking_code": null, "delivery_status_modified_at": null, "ordered_at": null, "shipped_at": null, "delivered_at": null, "final_paid_price": 0, "final_profit_price": 0, "final_total_items_final_price": 0, "final_total_items_before_discount_price": 0, "final_coupon_effect_price": 0, "final_shipping_effect_price": 0}}, {"model": "order.order", "pk": 3, "fields": {"is_deleted": false, "deleted_at": null, "created_at": "2024-03-07T20:06:08.283Z", "modified_at": "2024-03-07T20:13:17.419Z", "user": 3, "slug": "71668", "payment_status": "در انتظار پرداخت", "verified_payment": false, "lock": false, "repayment_expire_at": "2024-03-07T21:09:13.846Z", "delivery_status": null, "delivery_canceled_reason": null, "shipping_rate": 2, "address": 2, "coupon": null, "tracking_code": null, "delivery_status_modified_at": null, "ordered_at": null, "shipped_at": null, "delivered_at": null, "final_paid_price": 0, "final_profit_price": 0, "final_total_items_final_price": 0, "final_total_items_before_discount_price": 0, "final_coupon_effect_price": 0, "final_shipping_effect_price": 23000}}, {"model": "order.order", "pk": 4, "fields": {"is_deleted": false, "deleted_at": null, "created_at": "2024-03-07T20:09:18.861Z", "modified_at": "2024-03-10T09:03:53.092Z", "user": 3, "slug": "26566", "payment_status": "پرداخت شده", "verified_payment": false, "lock": false, "repayment_expire_at": null, "delivery_status": "در انتظار تایید", "delivery_canceled_reason": null, "shipping_rate": 2, "address": 14, "coupon": null, "tracking_code": null, "delivery_status_modified_at": "2024-03-10T09:03:53.092Z", "ordered_at": "2024-03-10T09:03:52.830Z", "shipped_at": null, "delivered_at": null, "final_paid_price": 0, "final_profit_price": 0, "final_total_items_final_price": 900000, "final_total_items_before_discount_price": 900000, "final_coupon_effect_price": 923000, "final_shipping_effect_price": 23000}}, {"model": "order.order", "pk": 5, "fields": {"is_deleted": false, "deleted_at": null, "created_at": "2024-03-07T21:25:18.248Z", "modified_at": "2024-03-09T05:05:53.578Z", "user": 1, "slug": "91796", "payment_status": "پرداخت شده", "verified_payment": false, "lock": false, "repayment_expire_at": null, "delivery_status": "در انتظار تایید", "delivery_canceled_reason": null, "shipping_rate": 1, "address": 3, "coupon": null, "tracking_code": null, "delivery_status_modified_at": "2024-03-09T05:05:53.578Z", "ordered_at": "2024-03-09T05:05:53.421Z", "shipped_at": null, "delivered_at": null, "final_paid_price": 0, "final_profit_price": 90000, "final_total_items_final_price": 2500000, "final_total_items_before_discount_price": 1600000, "final_coupon_effect_price": 2500000, "final_shipping_effect_price": 0}}, {"model": "order.order", "pk": 6, "fields": {"is_deleted": false, "deleted_at": null, "created_at": "2024-03-08T19:09:43.562Z", "modified_at": "2024-03-08T19:09:43.562Z", "user": 4, "slug": "78429", "payment_status": "باز", "verified_payment": false, "lock": false, "repayment_expire_at": null, "delivery_status": null, "delivery_canceled_reason": null, "shipping_rate": null, "address": null, "coupon": null, "tracking_code": null, "delivery_status_modified_at": null, "ordered_at": null, "shipped_at": null, "delivered_at": null, "final_paid_price": 0, "final_profit_price": 0, "final_total_items_final_price": 0, "final_total_items_before_discount_price": 0, "final_coupon_effect_price": 0, "final_shipping_effect_price": 0}}, {"model": "order.order", "pk": 7, "fields": {"is_deleted": false, "deleted_at": null, "created_at": "2024-03-09T05:06:13.099Z", "modified_at": "2024-03-09T11:17:47.783Z", "user": 1, "slug": "57422", "payment_status": "پرداخت شده", "verified_payment": false, "lock": false, "repayment_expire_at": null, "delivery_status": "در انتظار تایید", "delivery_canceled_reason": null, "shipping_rate": 2, "address": 7, "coupon": null, "tracking_code": null, "delivery_status_modified_at": "2024-03-09T11:17:47.782Z", "ordered_at": "2024-03-09T11:17:47.630Z", "shipped_at": null, "delivered_at": null, "final_paid_price": 0, "final_profit_price": 0, "final_total_items_final_price": 900000, "final_total_items_before_discount_price": 900000, "final_coupon_effect_price": 923000, "final_shipping_effect_price": 23000}}, {"model": "order.order", "pk": 8, "fields": {"is_deleted": false, "deleted_at": null, "created_at": "2024-03-09T07:16:36.692Z", "modified_at": "2024-03-09T07:22:22.963Z", "user": 5, "slug": "39266", "payment_status": "در انتظار پرداخت", "verified_payment": false, "lock": false, "repayment_expire_at": null, "delivery_status": null, "delivery_canceled_reason": null, "shipping_rate": 1, "address": 4, "coupon": null, "tracking_code": null, "delivery_status_modified_at": null, "ordered_at": null, "shipped_at": null, "delivered_at": null, "final_paid_price": 0, "final_profit_price": 0, "final_total_items_final_price": 0, "final_total_items_before_discount_price": 0, "final_coupon_effect_price": 0, "final_shipping_effect_price": 0}}, {"model": "order.order", "pk": 9, "fields": {"is_deleted": false, "deleted_at": null, "created_at": "2024-03-09T07:22:33.404Z", "modified_at": "2024-03-09T07:25:57.417Z", "user": 5, "slug": "34163", "payment_status": "در انتظار پرداخت", "verified_payment": false, "lock": false, "repayment_expire_at": "2024-03-09T08:25:57.416Z", "delivery_status": null, "delivery_canceled_reason": null, "shipping_rate": 1, "address": 5, "coupon": null, "tracking_code": null, "delivery_status_modified_at": null, "ordered_at": null, "shipped_at": null, "delivered_at": null, "final_paid_price": 0, "final_profit_price": 0, "final_total_items_final_price": 0, "final_total_items_before_discount_price": 0, "final_coupon_effect_price": 0, "final_shipping_effect_price": 0}}, {"model": "order.order", "pk": 10, "fields": {"is_deleted": false, "deleted_at": null, "created_at": "2024-03-09T07:25:58.798Z", "modified_at": "2024-03-09T07:32:32.186Z", "user": 5, "slug": "64118", "payment_status": "پرداخت شده", "verified_payment": false, "lock": false, "repayment_expire_at": null, "delivery_status": "درحال پردازش", "delivery_canceled_reason": null, "shipping_rate": 1, "address": 6, "coupon": null, "tracking_code": null, "delivery_status_modified_at": "2024-03-09T07:32:32.185Z", "ordered_at": "2024-03-09T07:30:06Z", "shipped_at": null, "delivered_at": null, "final_paid_price": 0, "final_profit_price": 0, "final_total_items_final_price": 1000, "final_total_items_before_discount_price": 1000, "final_coupon_effect_price": 1000, "final_shipping_effect_price": 0}}, {"model": "order.order", "pk": 11, "fields": {"is_deleted": false, "deleted_at": null, "created_at": "2024-03-09T07:32:39.382Z", "modified_at": "2024-03-09T07:32:39.382Z", "user": 5, "slug": "62423", "payment_status": "باز", "verified_payment": false, "lock": false, "repayment_expire_at": null, "delivery_status": null, "delivery_canceled_reason": null, "shipping_rate": null, "address": null, "coupon": null, "tracking_code": null, "delivery_status_modified_at": null, "ordered_at": null, "shipped_at": null, "delivered_at": null, "final_paid_price": 0, "final_profit_price": 0, "final_total_items_final_price": 0, "final_total_items_before_discount_price": 0, "final_coupon_effect_price": 0, "final_shipping_effect_price": 0}}, {"model": "order.order", "pk": 12, "fields": {"is_deleted": false, "deleted_at": null, "created_at": "2024-03-09T11:18:11.017Z", "modified_at": "2024-03-09T12:20:13.704Z", "user": 1, "slug": "79791", "payment_status": "در انتظار پرداخت", "verified_payment": false, "lock": false, "repayment_expire_at": "2024-03-09T13:20:13.704Z", "delivery_status": null, "delivery_canceled_reason": null, "shipping_rate": 1, "address": 8, "coupon": null, "tracking_code": null, "delivery_status_modified_at": null, "ordered_at": null, "shipped_at": null, "delivered_at": null, "final_paid_price": 0, "final_profit_price": 0, "final_total_items_final_price": 0, "final_total_items_before_discount_price": 0, "final_coupon_effect_price": 0, "final_shipping_effect_price": 0}}, {"model": "order.order", "pk": 13, "fields": {"is_deleted": false, "deleted_at": null, "created_at": "2024-03-09T12:20:20.228Z", "modified_at": "2024-03-09T12:21:50.541Z", "user": 1, "slug": "66684", "payment_status": "پرداخت شده", "verified_payment": false, "lock": false, "repayment_expire_at": null, "delivery_status": "در انتظار تایید", "delivery_canceled_reason": null, "shipping_rate": 1, "address": 9, "coupon": null, "tracking_code": null, "delivery_status_modified_at": "2024-03-09T12:21:50.541Z", "ordered_at": "2024-03-09T12:21:49.662Z", "shipped_at": null, "delivered_at": null, "final_paid_price": 0, "final_profit_price": 0, "final_total_items_final_price": 900000, "final_total_items_before_discount_price": 900000, "final_coupon_effect_price": 900000, "final_shipping_effect_price": 0}}, {"model": "order.order", "pk": 14, "fields": {"is_deleted": false, "deleted_at": null, "created_at": "2024-03-09T12:22:15.740Z", "modified_at": "2024-03-09T12:22:51.169Z", "user": 1, "slug": "25189", "payment_status": "پرداخت شده", "verified_payment": false, "lock": false, "repayment_expire_at": null, "delivery_status": "در انتظار تایید", "delivery_canceled_reason": null, "shipping_rate": 1, "address": 10, "coupon": null, "tracking_code": null, "delivery_status_modified_at": "2024-03-09T12:22:51.169Z", "ordered_at": "2024-03-09T12:22:50.308Z", "shipped_at": null, "delivered_at": null, "final_paid_price": 0, "final_profit_price": 0, "final_total_items_final_price": 900000, "final_total_items_before_discount_price": 900000, "final_coupon_effect_price": 900000, "final_shipping_effect_price": 0}}, {"model": "order.order", "pk": 15, "fields": {"is_deleted": false, "deleted_at": null, "created_at": "2024-03-09T12:23:40.500Z", "modified_at": "2024-03-09T12:23:58.893Z", "user": 1, "slug": "88050", "payment_status": "پرداخت شده", "verified_payment": false, "lock": false, "repayment_expire_at": null, "delivery_status": "در انتظار تایید", "delivery_canceled_reason": null, "shipping_rate": 1, "address": 11, "coupon": null, "tracking_code": null, "delivery_status_modified_at": "2024-03-09T12:23:58.893Z", "ordered_at": "2024-03-09T12:23:57.212Z", "shipped_at": null, "delivered_at": null, "final_paid_price": 0, "final_profit_price": 0, "final_total_items_final_price": 900000, "final_total_items_before_discount_price": 900000, "final_coupon_effect_price": 900000, "final_shipping_effect_price": 0}}, {"model": "order.order", "pk": 16, "fields": {"is_deleted": false, "deleted_at": null, "created_at": "2024-03-09T12:24:06.312Z", "modified_at": "2024-03-09T12:39:36.281Z", "user": 1, "slug": "23687", "payment_status": "در انتظار پرداخت", "verified_payment": false, "lock": false, "repayment_expire_at": "2024-03-09T13:39:36.281Z", "delivery_status": null, "delivery_canceled_reason": null, "shipping_rate": 1, "address": 12, "coupon": null, "tracking_code": null, "delivery_status_modified_at": null, "ordered_at": null, "shipped_at": null, "delivered_at": null, "final_paid_price": 0, "final_profit_price": 0, "final_total_items_final_price": 0, "final_total_items_before_discount_price": 0, "final_coupon_effect_price": 0, "final_shipping_effect_price": 0}}, {"model": "order.order", "pk": 17, "fields": {"is_deleted": false, "deleted_at": null, "created_at": "2024-03-09T12:39:46.317Z", "modified_at": "2024-03-09T21:03:43.984Z", "user": 1, "slug": "54160", "payment_status": "در انتظار پرداخت", "verified_payment": false, "lock": false, "repayment_expire_at": "2024-03-09T22:03:43.971Z", "delivery_status": null, "delivery_canceled_reason": null, "shipping_rate": 1, "address": 13, "coupon": null, "tracking_code": null, "delivery_status_modified_at": null, "ordered_at": null, "shipped_at": null, "delivered_at": null, "final_paid_price": 0, "final_profit_price": 0, "final_total_items_final_price": 0, "final_total_items_before_discount_price": 0, "final_coupon_effect_price": 0, "final_shipping_effect_price": 0}}, {"model": "order.order", "pk": 26, "fields": {"is_deleted": false, "deleted_at": null, "created_at": "2024-03-09T21:11:04.246Z", "modified_at": "2024-03-10T13:44:12.512Z", "user": 1, "slug": "79431", "payment_status": "پرداخت شده", "verified_payment": false, "lock": false, "repayment_expire_at": null, "delivery_status": "در انتظار تایید", "delivery_canceled_reason": null, "shipping_rate": 1, "address": 15, "coupon": null, "tracking_code": null, "delivery_status_modified_at": "2024-03-10T13:44:12.511Z", "ordered_at": "2024-03-10T13:44:10.114Z", "shipped_at": null, "delivered_at": null, "final_paid_price": 0, "final_profit_price": 90000, "final_total_items_final_price": 1601000, "final_total_items_before_discount_price": 1601000, "final_coupon_effect_price": 1601000, "final_shipping_effect_price": 0}}, {"model": "order.order", "pk": 27, "fields": {"is_deleted": false, "deleted_at": null, "created_at": "2024-03-10T09:03:56.203Z", "modified_at": "2024-03-10T09:03:56.203Z", "user": 3, "slug": "81714", "payment_status": "باز", "verified_payment": false, "lock": false, "repayment_expire_at": null, "delivery_status": null, "delivery_canceled_reason": null, "shipping_rate": null, "address": null, "coupon": null, "tracking_code": null, "delivery_status_modified_at": null, "ordered_at": null, "shipped_at": null, "delivered_at": null, "final_paid_price": 0, "final_profit_price": 0, "final_total_items_final_price": 0, "final_total_items_before_discount_price": 0, "final_coupon_effect_price": 0, "final_shipping_effect_price": 0}}, {"model": "order.order", "pk": 28, "fields": {"is_deleted": false, "deleted_at": null, "created_at": "2024-03-10T13:44:18.972Z", "modified_at": "2024-03-11T08:55:48.528Z", "user": 1, "slug": "90554", "payment_status": "پرداخت شده", "verified_payment": false, "lock": false, "repayment_expire_at": null, "delivery_status": "در انتظار تایید", "delivery_canceled_reason": null, "shipping_rate": 1, "address": 16, "coupon": null, "tracking_code": null, "delivery_status_modified_at": "2024-03-11T08:55:48.528Z", "ordered_at": "2024-03-11T08:55:48.072Z", "shipped_at": null, "delivered_at": null, "final_paid_price": 0, "final_profit_price": 0, "final_total_items_final_price": 2000, "final_total_items_before_discount_price": 1000, "final_coupon_effect_price": 2000, "final_shipping_effect_price": 0}}, {"model": "order.order", "pk": 29, "fields": {"is_deleted": false, "deleted_at": null, "created_at": "2024-03-11T08:55:51.601Z", "modified_at": "2024-03-11T08:57:08.900Z", "user": 1, "slug": "69866", "payment_status": "پرداخت شده", "verified_payment": false, "lock": false, "repayment_expire_at": null, "delivery_status": "در انتظار تایید", "delivery_canceled_reason": null, "shipping_rate": 1, "address": 17, "coupon": null, "tracking_code": null, "delivery_status_modified_at": "2024-03-11T08:57:08.900Z", "ordered_at": "2024-03-11T08:57:08.722Z", "shipped_at": null, "delivered_at": null, "final_paid_price": 0, "final_profit_price": 0, "final_total_items_final_price": 900000, "final_total_items_before_discount_price": 900000, "final_coupon_effect_price": 900000, "final_shipping_effect_price": 0}}, {"model": "order.order", "pk": 30, "fields": {"is_deleted": false, "deleted_at": null, "created_at": "2024-03-11T08:57:12.179Z", "modified_at": "2024-03-13T07:37:50.701Z", "user": 1, "slug": "64785", "payment_status": "در انتظار پرداخت", "verified_payment": false, "lock": false, "repayment_expire_at": "2024-03-13T08:37:50.688Z", "delivery_status": null, "delivery_canceled_reason": null, "shipping_rate": 1, "address": 18, "coupon": null, "tracking_code": null, "delivery_status_modified_at": null, "ordered_at": null, "shipped_at": null, "delivered_at": null, "final_paid_price": 0, "final_profit_price": 0, "final_total_items_final_price": 0, "final_total_items_before_discount_price": 0, "final_coupon_effect_price": 0, "final_shipping_effect_price": 0}}, {"model": "order.order", "pk": 31, "fields": {"is_deleted": false, "deleted_at": null, "created_at": "2024-03-13T07:37:58.047Z", "modified_at": "2024-03-14T10:20:53.476Z", "user": 1, "slug": "15830", "payment_status": "پرداخت شده", "verified_payment": false, "lock": false, "repayment_expire_at": null, "delivery_status": "در انتظار تایید", "delivery_canceled_reason": null, "shipping_rate": 1, "address": 20, "coupon": null, "tracking_code": null, "delivery_status_modified_at": "2024-03-14T10:20:53.476Z", "ordered_at": "2024-03-14T10:20:51.180Z", "shipped_at": null, "delivered_at": null, "final_paid_price": 0, "final_profit_price": 0, "final_total_items_final_price": 900000, "final_total_items_before_discount_price": 900000, "final_coupon_effect_price": 900000, "final_shipping_effect_price": 0}}, {"model": "order.order", "pk": 32, "fields": {"is_deleted": false, "deleted_at": null, "created_at": "2024-03-14T10:13:16.159Z", "modified_at": "2024-03-14T10:14:29.478Z", "user": 6, "slug": "72501", "payment_status": "باز", "verified_payment": false, "lock": true, "repayment_expire_at": null, "delivery_status": null, "delivery_canceled_reason": null, "shipping_rate": 1, "address": 19, "coupon": null, "tracking_code": null, "delivery_status_modified_at": null, "ordered_at": null, "shipped_at": null, "delivered_at": null, "final_paid_price": 0, "final_profit_price": 0, "final_total_items_final_price": 0, "final_total_items_before_discount_price": 0, "final_coupon_effect_price": 0, "final_shipping_effect_price": 0}}, {"model": "order.order", "pk": 33, "fields": {"is_deleted": false, "deleted_at": null, "created_at": "2024-03-14T10:21:00.604Z", "modified_at": "2024-03-14T10:25:42.463Z", "user": 1, "slug": "21049", "payment_status": "در انتظار پرداخت", "verified_payment": false, "lock": false, "repayment_expire_at": "2024-03-14T11:25:42.367Z", "delivery_status": null, "delivery_canceled_reason": null, "shipping_rate": 1, "address": 21, "coupon": null, "tracking_code": null, "delivery_status_modified_at": null, "ordered_at": null, "shipped_at": null, "delivered_at": null, "final_paid_price": 0, "final_profit_price": 0, "final_total_items_final_price": 0, "final_total_items_before_discount_price": 0, "final_coupon_effect_price": 0, "final_shipping_effect_price": 0}}, {"model": "order.order", "pk": 34, "fields": {"is_deleted": false, "deleted_at": null, "created_at": "2024-03-14T10:25:59.997Z", "modified_at": "2024-03-14T10:37:03.510Z", "user": 1, "slug": "72181", "payment_status": "پرداخت شده", "verified_payment": false, "lock": false, "repayment_expire_at": null, "delivery_status": "در انتظار تایید", "delivery_canceled_reason": null, "shipping_rate": 1, "address": 25, "coupon": null, "tracking_code": null, "delivery_status_modified_at": "2024-03-14T10:37:03.509Z", "ordered_at": "2024-03-14T10:37:02.303Z", "shipped_at": null, "delivered_at": null, "final_paid_price": 0, "final_profit_price": 100000, "final_total_items_final_price": 1900000, "final_total_items_before_discount_price": 1900000, "final_coupon_effect_price": 1900000, "final_shipping_effect_price": 0}}, {"model": "order.order", "pk": 36, "fields": {"is_deleted": false, "deleted_at": null, "created_at": "2024-03-14T10:37:11.616Z", "modified_at": "2024-03-19T11:47:02.498Z", "user": 1, "slug": "85868", "payment_status": "پرداخت شده", "verified_payment": false, "lock": false, "repayment_expire_at": null, "delivery_status": "در انتظار تایید", "delivery_canceled_reason": null, "shipping_rate": 1, "address": 27, "coupon": null, "tracking_code": null, "delivery_status_modified_at": "2024-03-19T11:47:02.497Z", "ordered_at": "2024-03-19T11:47:02.072Z", "shipped_at": null, "delivered_at": null, "final_paid_price": 0, "final_profit_price": 120000, "final_total_items_final_price": 2031000, "final_total_items_before_discount_price": 2051000, "final_coupon_effect_price": 2031000, "final_shipping_effect_price": 0}}, {"model": "order.order", "pk": 37, "fields": {"is_deleted": false, "deleted_at": null, "created_at": "2024-03-16T13:27:14.075Z", "modified_at": "2024-03-16T13:35:33.772Z", "user": 7, "slug": "75710", "payment_status": "پرداخت شده", "verified_payment": false, "lock": false, "repayment_expire_at": null, "delivery_status": "تحویل داده شده", "delivery_canceled_reason": null, "shipping_rate": 1, "address": 26, "coupon": null, "tracking_code": null, "delivery_status_modified_at": "2024-03-16T13:35:33.771Z", "ordered_at": "2024-03-16T13:34:00Z", "shipped_at": null, "delivered_at": "2024-03-16T13:35:33.771Z", "final_paid_price": 0, "final_profit_price": 500000, "final_total_items_final_price": 3500000, "final_total_items_before_discount_price": 4000000, "final_coupon_effect_price": 3500000, "final_shipping_effect_price": 0}}, {"model": "order.order", "pk": 38, "fields": {"is_deleted": false, "deleted_at": null, "created_at": "2024-03-16T13:34:04.553Z", "modified_at": "2024-03-16T13:34:04.553Z", "user": 7, "slug": "37966", "payment_status": "باز", "verified_payment": false, "lock": false, "repayment_expire_at": null, "delivery_status": null, "delivery_canceled_reason": null, "shipping_rate": null, "address": null, "coupon": null, "tracking_code": null, "delivery_status_modified_at": null, "ordered_at": null, "shipped_at": null, "delivered_at": null, "final_paid_price": 0, "final_profit_price": 0, "final_total_items_final_price": 0, "final_total_items_before_discount_price": 0, "final_coupon_effect_price": 0, "final_shipping_effect_price": 0}}, {"model": "order.order", "pk": 39, "fields": {"is_deleted": false, "deleted_at": null, "created_at": "2024-03-19T11:47:03.982Z", "modified_at": "2024-03-19T11:47:03.982Z", "user": 1, "slug": "83754", "payment_status": "باز", "verified_payment": false, "lock": false, "repayment_expire_at": null, "delivery_status": null, "delivery_canceled_reason": null, "shipping_rate": null, "address": null, "coupon": null, "tracking_code": null, "delivery_status_modified_at": null, "ordered_at": null, "shipped_at": null, "delivered_at": null, "final_paid_price": 0, "final_profit_price": 0, "final_total_items_final_price": 0, "final_total_items_before_discount_price": 0, "final_coupon_effect_price": 0, "final_shipping_effect_price": 0}}, {"model": "order.orderitem", "pk": 1, "fields": {"order": 1, "product": 2, "count": 1, "final_buy_price": null, "final_price": null, "final_price_before_discount": null, "final_discount": null, "final_profit": null}}, {"model": "order.orderitem", "pk": 2, "fields": {"order": 3, "product": 26, "count": 1, "final_buy_price": null, "final_price": null, "final_price_before_discount": null, "final_discount": null, "final_profit": null}}, {"model": "order.orderitem", "pk": 3, "fields": {"order": 5, "product": 3, "count": 1, "final_buy_price": null, "final_price": 700000, "final_price_before_discount": 700000, "final_discount": 700000, "final_profit": 90000}}, {"model": "order.orderitem", "pk": 4, "fields": {"order": 5, "product": 2, "count": 2, "final_buy_price": null, "final_price": 1800000, "final_price_before_discount": 900000, "final_discount": 0, "final_profit": 0}}, {"model": "order.orderitem", "pk": 5, "fields": {"order": 8, "product": 25, "count": 1, "final_buy_price": null, "final_price": null, "final_price_before_discount": null, "final_discount": null, "final_profit": null}}, {"model": "order.orderitem", "pk": 6, "fields": {"order": 7, "product": 2, "count": 1, "final_buy_price": null, "final_price": 900000, "final_price_before_discount": 900000, "final_discount": 0, "final_profit": 0}}, {"model": "order.orderitem", "pk": 7, "fields": {"order": 9, "product": 12, "count": 1, "final_buy_price": null, "final_price": null, "final_price_before_discount": null, "final_discount": null, "final_profit": null}}, {"model": "order.orderitem", "pk": 8, "fields": {"order": 10, "product": 6, "count": 1, "final_buy_price": null, "final_price": 1000, "final_price_before_discount": 1000, "final_discount": 0, "final_profit": 0}}, {"model": "order.orderitem", "pk": 9, "fields": {"order": 11, "product": 2, "count": 1, "final_buy_price": null, "final_price": null, "final_price_before_discount": null, "final_discount": null, "final_profit": null}}, {"model": "order.orderitem", "pk": 10, "fields": {"order": 12, "product": 2, "count": 1, "final_buy_price": null, "final_price": null, "final_price_before_discount": null, "final_discount": null, "final_profit": null}}, {"model": "order.orderitem", "pk": 11, "fields": {"order": 13, "product": 2, "count": 1, "final_buy_price": null, "final_price": 900000, "final_price_before_discount": 900000, "final_discount": 0, "final_profit": 0}}, {"model": "order.orderitem", "pk": 12, "fields": {"order": 14, "product": 2, "count": 1, "final_buy_price": null, "final_price": 900000, "final_price_before_discount": 900000, "final_discount": 0, "final_profit": 0}}, {"model": "order.orderitem", "pk": 13, "fields": {"order": 15, "product": 2, "count": 1, "final_buy_price": null, "final_price": 900000, "final_price_before_discount": 900000, "final_discount": 0, "final_profit": 0}}, {"model": "order.orderitem", "pk": 14, "fields": {"order": 16, "product": 2, "count": 1, "final_buy_price": null, "final_price": null, "final_price_before_discount": null, "final_discount": null, "final_profit": null}}, {"model": "order.orderitem", "pk": 18, "fields": {"order": 17, "product": 22, "count": 1, "final_buy_price": null, "final_price": null, "final_price_before_discount": null, "final_discount": null, "final_profit": null}}, {"model": "order.orderitem", "pk": 21, "fields": {"order": 4, "product": 2, "count": 1, "final_buy_price": null, "final_price": 900000, "final_price_before_discount": 900000, "final_discount": 0, "final_profit": 0}}, {"model": "order.orderitem", "pk": 23, "fields": {"order": 26, "product": 2, "count": 1, "final_buy_price": null, "final_price": 900000, "final_price_before_discount": 900000, "final_discount": 0, "final_profit": 0}}, {"model": "order.orderitem", "pk": 24, "fields": {"order": 26, "product": 3, "count": 1, "final_buy_price": null, "final_price": 700000, "final_price_before_discount": 700000, "final_discount": 700000, "final_profit": 90000}}, {"model": "order.orderitem", "pk": 25, "fields": {"order": 26, "product": 6, "count": 1, "final_buy_price": null, "final_price": 1000, "final_price_before_discount": 1000, "final_discount": 0, "final_profit": 0}}, {"model": "order.orderitem", "pk": 52, "fields": {"order": 28, "product": 6, "count": 2, "final_buy_price": null, "final_price": 2000, "final_price_before_discount": 1000, "final_discount": 0, "final_profit": 0}}, {"model": "order.orderitem", "pk": 53, "fields": {"order": 29, "product": 2, "count": 1, "final_buy_price": null, "final_price": 900000, "final_price_before_discount": 900000, "final_discount": 0, "final_profit": 0}}, {"model": "order.orderitem", "pk": 55, "fields": {"order": 30, "product": 6, "count": 1, "final_buy_price": null, "final_price": null, "final_price_before_discount": null, "final_discount": null, "final_profit": null}}, {"model": "order.orderitem", "pk": 56, "fields": {"order": 30, "product": 5, "count": 1, "final_buy_price": null, "final_price": null, "final_price_before_discount": null, "final_discount": null, "final_profit": null}}, {"model": "order.orderitem", "pk": 57, "fields": {"order": 32, "product": 5, "count": 1, "final_buy_price": null, "final_price": null, "final_price_before_discount": null, "final_discount": null, "final_profit": null}}, {"model": "order.orderitem", "pk": 58, "fields": {"order": 31, "product": 2, "count": 1, "final_buy_price": 500000, "final_price": 900000, "final_price_before_discount": 900000, "final_discount": 0, "final_profit": 0}}, {"model": "order.orderitem", "pk": 59, "fields": {"order": 33, "product": 5, "count": 1, "final_buy_price": null, "final_price": null, "final_price_before_discount": null, "final_discount": null, "final_profit": null}}, {"model": "order.orderitem", "pk": 60, "fields": {"order": 34, "product": 5, "count": 1, "final_buy_price": 1500000, "final_price": 1900000, "final_price_before_discount": 1900000, "final_discount": 1900000, "final_profit": 100000}}, {"model": "order.orderitem", "pk": 61, "fields": {"order": 35, "product": 5, "count": 1, "final_buy_price": null, "final_price": null, "final_price_before_discount": null, "final_discount": null, "final_profit": null}}, {"model": "order.orderitem", "pk": 77, "fields": {"order": 37, "product": 24, "count": 1, "final_buy_price": 1000000, "final_price": 3500000, "final_price_before_discount": 4000000, "final_discount": 4000000, "final_profit": 500000}}, {"model": "order.orderitem", "pk": 78, "fields": {"order": 36, "product": 6, "count": 1, "final_buy_price": 500, "final_price": 1000, "final_price_before_discount": 1000, "final_discount": 0, "final_profit": 0}}, {"model": "order.orderitem", "pk": 79, "fields": {"order": 36, "product": 5, "count": 1, "final_buy_price": 1500000, "final_price": 1900000, "final_price_before_discount": 1900000, "final_discount": 1900000, "final_profit": 100000}}, {"model": "order.orderitem", "pk": 80, "fields": {"order": 36, "product": 10, "count": 1, "final_buy_price": 120000, "final_price": 130000, "final_price_before_discount": 150000, "final_discount": 150000, "final_profit": 20000}}, {"model": "order.orderaddress", "pk": 1, "fields": {"receiver_name": "تایماز", "receiver_family": "", "receiver_phone": "09981879975", "receiver_city": "اردبیل", "receiver_province": "اردبیل", "receiver_postal_code": "3166946324", "receiver_address": "Snsjwjzejwn", "receiver_building_number": "2", "receiver_unit": "2", "receiver_national_code": ""}}, {"model": "order.orderaddress", "pk": 2, "fields": {"receiver_name": "wfawfa", "receiver_family": "", "receiver_phone": "09981879975", "receiver_city": "آبش احمد", "receiver_province": "آذربایجان شرقی", "receiver_postal_code": "1111111111", "receiver_address": "wafwfawfawfawfawfa", "receiver_building_number": "2", "receiver_unit": "2", "receiver_national_code": ""}}, {"model": "order.orderaddress", "pk": 3, "fields": {"receiver_name": "تایماز", "receiver_family": "", "receiver_phone": "09981879975", "receiver_city": "اردبیل", "receiver_province": "اردبیل", "receiver_postal_code": "3166946324", "receiver_address": "Snsjwjzejwn", "receiver_building_number": "2", "receiver_unit": "2", "receiver_national_code": ""}}, {"model": "order.orderaddress", "pk": 4, "fields": {"receiver_name": "زقحزویحو", "receiver_family": "", "receiver_phone": "09332214332", "receiver_city": "فردیس", "receiver_province": "البرز", "receiver_postal_code": "0987654321", "receiver_address": "Gggyngbtvgfddd", "receiver_building_number": "113", "receiver_unit": "555", "receiver_national_code": ""}}, {"model": "order.orderaddress", "pk": 5, "fields": {"receiver_name": "زقحزویحو", "receiver_family": "", "receiver_phone": "09332214332", "receiver_city": "فردیس", "receiver_province": "البرز", "receiver_postal_code": "0987654321", "receiver_address": "Gggyngbtvgfddd", "receiver_building_number": "113", "receiver_unit": "555", "receiver_national_code": ""}}, {"model": "order.orderaddress", "pk": 6, "fields": {"receiver_name": "زقحزویحو", "receiver_family": "", "receiver_phone": "09332214332", "receiver_city": "فردیس", "receiver_province": "البرز", "receiver_postal_code": "0987654321", "receiver_address": "Gggyngbtvgfddd", "receiver_building_number": "113", "receiver_unit": "555", "receiver_national_code": ""}}, {"model": "order.orderaddress", "pk": 7, "fields": {"receiver_name": "تایماز", "receiver_family": "", "receiver_phone": "09981879975", "receiver_city": "اردبیل", "receiver_province": "اردبیل", "receiver_postal_code": "3166946324", "receiver_address": "Snsjwjzejwn", "receiver_building_number": "2", "receiver_unit": "2", "receiver_national_code": ""}}, {"model": "order.orderaddress", "pk": 8, "fields": {"receiver_name": "تایماز", "receiver_family": "", "receiver_phone": "09981879975", "receiver_city": "اردبیل", "receiver_province": "اردبیل", "receiver_postal_code": "3166946324", "receiver_address": "Snsjwjzejwn", "receiver_building_number": "2", "receiver_unit": "2", "receiver_national_code": ""}}, {"model": "order.orderaddress", "pk": 9, "fields": {"receiver_name": "تایماز", "receiver_family": "", "receiver_phone": "09981879975", "receiver_city": "اردبیل", "receiver_province": "اردبیل", "receiver_postal_code": "3166946324", "receiver_address": "Snsjwjzejwn", "receiver_building_number": "2", "receiver_unit": "2", "receiver_national_code": ""}}, {"model": "order.orderaddress", "pk": 10, "fields": {"receiver_name": "تایماز", "receiver_family": "", "receiver_phone": "09981879975", "receiver_city": "اردبیل", "receiver_province": "اردبیل", "receiver_postal_code": "3166946324", "receiver_address": "Snsjwjzejwn", "receiver_building_number": "2", "receiver_unit": "2", "receiver_national_code": ""}}, {"model": "order.orderaddress", "pk": 11, "fields": {"receiver_name": "تایماز", "receiver_family": "", "receiver_phone": "09981879975", "receiver_city": "اردبیل", "receiver_province": "اردبیل", "receiver_postal_code": "3166946324", "receiver_address": "Snsjwjzejwn", "receiver_building_number": "2", "receiver_unit": "2", "receiver_national_code": ""}}, {"model": "order.orderaddress", "pk": 12, "fields": {"receiver_name": "تایماز", "receiver_family": "", "receiver_phone": "09981879975", "receiver_city": "اردبیل", "receiver_province": "اردبیل", "receiver_postal_code": "3166946324", "receiver_address": "Snsjwjzejwn", "receiver_building_number": "2", "receiver_unit": "2", "receiver_national_code": ""}}, {"model": "order.orderaddress", "pk": 13, "fields": {"receiver_name": "تایماز", "receiver_family": "", "receiver_phone": "09981879975", "receiver_city": "ارومیه", "receiver_province": "آذربایجان غربی", "receiver_postal_code": "3166946324", "receiver_address": "شصبشصبشصبشصبش", "receiver_building_number": "2", "receiver_unit": "2", "receiver_national_code": ""}}, {"model": "order.orderaddress", "pk": 14, "fields": {"receiver_name": "wfawfa", "receiver_family": "", "receiver_phone": "09981879975", "receiver_city": "آبش احمد", "receiver_province": "آذربایجان شرقی", "receiver_postal_code": "1111111111", "receiver_address": "wafwfawfawfawfawfa", "receiver_building_number": "2", "receiver_unit": "2", "receiver_national_code": ""}}, {"model": "order.orderaddress", "pk": 15, "fields": {"receiver_name": "تایماز", "receiver_family": "", "receiver_phone": "09981879975", "receiver_city": "ارومیه", "receiver_province": "آذربایجان غربی", "receiver_postal_code": "3166946324", "receiver_address": "شصبشصبشصبشصبش", "receiver_building_number": "2", "receiver_unit": "2", "receiver_national_code": ""}}, {"model": "order.orderaddress", "pk": 16, "fields": {"receiver_name": "تایماز", "receiver_family": "", "receiver_phone": "09981879975", "receiver_city": "ارومیه", "receiver_province": "آذربایجان غربی", "receiver_postal_code": "3166946324", "receiver_address": "شصبشصبشصبشصبش", "receiver_building_number": "2", "receiver_unit": "2", "receiver_national_code": ""}}, {"model": "order.orderaddress", "pk": 17, "fields": {"receiver_name": "تایماز", "receiver_family": "", "receiver_phone": "09981879975", "receiver_city": "ارومیه", "receiver_province": "آذربایجان غربی", "receiver_postal_code": "3166946324", "receiver_address": "شصبشصبشصبشصبش", "receiver_building_number": "2", "receiver_unit": "2", "receiver_national_code": ""}}, {"model": "order.orderaddress", "pk": 18, "fields": {"receiver_name": "تایماز", "receiver_family": "", "receiver_phone": "09981879975", "receiver_city": "ارومیه", "receiver_province": "آذربایجان غربی", "receiver_postal_code": "3166946324", "receiver_address": "شصبشصبشصبشصبش", "receiver_building_number": "2", "receiver_unit": "2", "receiver_national_code": ""}}, {"model": "order.orderaddress", "pk": 19, "fields": {"receiver_name": "wfawfa", "receiver_family": "", "receiver_phone": "09981879977", "receiver_city": "آبش احمد", "receiver_province": "آذربایجان شرقی", "receiver_postal_code": "1111111111", "receiver_address": "wfawfawfawfawfa", "receiver_building_number": "22", "receiver_unit": "2", "receiver_national_code": ""}}, {"model": "order.orderaddress", "pk": 20, "fields": {"receiver_name": "تایماز", "receiver_family": "", "receiver_phone": "09981879975", "receiver_city": "ارومیه", "receiver_province": "آذربایجان غربی", "receiver_postal_code": "3166946324", "receiver_address": "شصبشصبشصبشصبش", "receiver_building_number": "2", "receiver_unit": "2", "receiver_national_code": ""}}, {"model": "order.orderaddress", "pk": 21, "fields": {"receiver_name": "تایماز", "receiver_family": "اکبری", "receiver_phone": "09981879975", "receiver_city": "ارومیه", "receiver_province": "آذربایجان غربی", "receiver_postal_code": "3166946324", "receiver_address": "شصبشصبشصبشصبش", "receiver_building_number": "2", "receiver_unit": "2", "receiver_national_code": ""}}, {"model": "order.orderaddress", "pk": 22, "fields": {"receiver_name": "تایماز", "receiver_family": "", "receiver_phone": "09981879975", "receiver_city": "ارومیه", "receiver_province": "آذربایجان غربی", "receiver_postal_code": "3166946324", "receiver_address": "شصبشصبشصبشصبش", "receiver_building_number": "2", "receiver_unit": "2", "receiver_national_code": ""}}, {"model": "order.orderaddress", "pk": 23, "fields": {"receiver_name": "تایماز", "receiver_family": "", "receiver_phone": "09981879975", "receiver_city": "ارومیه", "receiver_province": "آذربایجان غربی", "receiver_postal_code": "3166946324", "receiver_address": "شصبشصبشصبشصبش", "receiver_building_number": "2", "receiver_unit": "2", "receiver_national_code": ""}}, {"model": "order.orderaddress", "pk": 24, "fields": {"receiver_name": "تایماز", "receiver_family": "", "receiver_phone": "09981879975", "receiver_city": "ارومیه", "receiver_province": "آذربایجان غربی", "receiver_postal_code": "3166946324", "receiver_address": "شصبشصبشصبشصبش", "receiver_building_number": "2", "receiver_unit": "2", "receiver_national_code": ""}}, {"model": "order.orderaddress", "pk": 25, "fields": {"receiver_name": "تایماز", "receiver_family": "", "receiver_phone": "09981879975", "receiver_city": "ارومیه", "receiver_province": "آذربایجان غربی", "receiver_postal_code": "3166946324", "receiver_address": "شصبشصبشصبشصبش", "receiver_building_number": "2", "receiver_unit": "2", "receiver_national_code": ""}}, {"model": "order.orderaddress", "pk": 26, "fields": {"receiver_name": "مهسام", "receiver_family": "", "receiver_phone": "09981879975", "receiver_city": "فردیس", "receiver_province": "البرز", "receiver_postal_code": "1234567899", "receiver_address": "tehran malard", "receiver_building_number": "22", "receiver_unit": "2", "receiver_national_code": ""}}, {"model": "order.orderaddress", "pk": 27, "fields": {"receiver_name": "wawa", "receiver_family": "", "receiver_phone": "09981879999", "receiver_city": "آبش احمد", "receiver_province": "آذربایجان شرقی", "receiver_postal_code": "2121212222", "receiver_address": "wafwfafwafwa", "receiver_building_number": "2", "receiver_unit": "2", "receiver_national_code": ""}}, {"model": "order.coupon", "pk": 1, "fields": {"is_deleted": false, "deleted_at": null, "created_at": "2024-03-09T05:03:08.104Z", "modified_at": "2024-03-09T05:03:08.104Z", "title": "Test", "code": "taymaz", "discount_type": "%", "discount_amount": 100, "max_usage": null, "usage_count": 0, "max_usage_per_user": null, "min_order_total": null, "max_order_total": null, "only_first_order": false, "start_at": null, "expire_at": null}}, {"model": "order.coupon", "pk": 2, "fields": {"is_deleted": false, "deleted_at": null, "created_at": "2024-03-11T08:54:41.423Z", "modified_at": "2024-03-11T08:54:41.423Z", "title": "test", "code": "test", "discount_type": "$", "discount_amount": 1000000, "max_usage": null, "usage_count": 0, "max_usage_per_user": null, "min_order_total": null, "max_order_total": null, "only_first_order": false, "start_at": null, "expire_at": null}}, {"model": "order.shippingservice", "pk": 1, "fields": {"is_deleted": false, "deleted_at": null, "created_at": "2024-03-07T18:03:33.964Z", "modified_at": "2024-03-07T18:03:33.964Z", "image": 11, "name": "پست پیشتاز", "url": null, "is_public": true}}, {"model": "order.shippingservice", "pk": 2, "fields": {"is_deleted": false, "deleted_at": null, "created_at": "2024-03-07T18:03:46.860Z", "modified_at": "2024-03-07T18:03:46.860Z", "image": 10, "name": "تیپاکس", "url": null, "is_public": true}}, {"model": "order.shippingrate", "pk": 1, "fields": {"is_deleted": false, "deleted_at": null, "created_at": "2024-03-07T18:04:10.570Z", "modified_at": "2024-03-07T18:04:10.570Z", "service": 2, "all_area": true, "area": null, "pay_at_destination": true, "price": 0, "free_shipping_threshold": 0, "is_public": true, "order": 0}}, {"model": "order.shippingrate", "pk": 2, "fields": {"is_deleted": false, "deleted_at": null, "created_at": "2024-03-07T18:04:30.757Z", "modified_at": "2024-03-07T18:04:30.757Z", "service": 1, "all_area": true, "area": null, "pay_at_destination": false, "price": 23000, "free_shipping_threshold": 0, "is_public": true, "order": 1}}, {"model": "transaction.transaction", "pk": 1, "fields": {"is_deleted": false, "deleted_at": null, "created_at": "2024-03-07T18:05:06.202Z", "modified_at": "2024-03-07T18:05:06.714Z", "user": 1, "order": 1, "status": "کاربر به درگاه انتقال یافت", "failed_reason": null, "transaction_number": "28385361", "slug": "H6mIfB", "ref_id": null}}, {"model": "transaction.transaction", "pk": 2, "fields": {"is_deleted": false, "deleted_at": null, "created_at": "2024-03-07T20:08:41.491Z", "modified_at": "2024-03-07T20:09:13.858Z", "user": 3, "order": 3, "status": "پرداخت توسط کاربر کنسل شده است", "failed_reason": "Status: False,کد: -51, پیام: لغو توسط کاربر", "transaction_number": "89928642", "slug": "uStL1f", "ref_id": null}}, {"model": "transaction.transaction", "pk": 3, "fields": {"is_deleted": false, "deleted_at": null, "created_at": "2024-03-07T20:13:17.147Z", "modified_at": "2024-03-07T20:13:17.435Z", "user": 3, "order": 3, "status": "کاربر به درگاه انتقال یافت", "failed_reason": null, "transaction_number": "98111144", "slug": "LYXUSB", "ref_id": null}}, {"model": "transaction.transaction", "pk": 4, "fields": {"is_deleted": false, "deleted_at": null, "created_at": "2024-03-09T05:05:53.556Z", "modified_at": "2024-03-09T05:05:53.556Z", "user": 1, "order": 5, "status": "پرداخت موفق", "failed_reason": null, "transaction_number": "77572927", "slug": "6feCUw", "ref_id": null}}, {"model": "transaction.transaction", "pk": 5, "fields": {"is_deleted": false, "deleted_at": null, "created_at": "2024-03-09T07:22:22.721Z", "modified_at": "2024-03-09T07:22:22.977Z", "user": 5, "order": 8, "status": "کاربر به درگاه انتقال یافت", "failed_reason": null, "transaction_number": "10751514", "slug": "q2CtpV", "ref_id": null}}, {"model": "transaction.transaction", "pk": 6, "fields": {"is_deleted": false, "deleted_at": null, "created_at": "2024-03-09T07:25:44.474Z", "modified_at": "2024-03-09T07:25:57.429Z", "user": 5, "order": 9, "status": "پرداخت توسط کاربر کنسل شده است", "failed_reason": "Status: False,کد: -51, پیام: لغو توسط کاربر", "transaction_number": "54954027", "slug": "FKPUMF", "ref_id": null}}, {"model": "transaction.transaction", "pk": 7, "fields": {"is_deleted": false, "deleted_at": null, "created_at": "2024-03-09T07:30:06.754Z", "modified_at": "2024-03-09T07:30:06.754Z", "user": 5, "order": 10, "status": "پرداخت موفق", "failed_reason": null, "transaction_number": "48440320", "slug": "nHMatX", "ref_id": null}}, {"model": "transaction.transaction", "pk": 8, "fields": {"is_deleted": false, "deleted_at": null, "created_at": "2024-03-09T11:17:47.750Z", "modified_at": "2024-03-09T11:17:47.750Z", "user": 1, "order": 7, "status": "پرداخت موفق", "failed_reason": null, "transaction_number": "80338974", "slug": "w9i39R", "ref_id": null}}, {"model": "transaction.transaction", "pk": 9, "fields": {"is_deleted": false, "deleted_at": null, "created_at": "2024-03-09T12:20:06.144Z", "modified_at": "2024-03-09T12:20:13.765Z", "user": 1, "order": 12, "status": "پرداخت توسط کاربر کنسل شده است", "failed_reason": "Status: False,کد: -51, پیام: لغو توسط کاربر", "transaction_number": "83145758", "slug": "k2aKp9", "ref_id": null}}, {"model": "transaction.transaction", "pk": 10, "fields": {"is_deleted": false, "deleted_at": null, "created_at": "2024-03-09T12:21:50.399Z", "modified_at": "2024-03-09T12:21:50.399Z", "user": 1, "order": 13, "status": "پرداخت موفق", "failed_reason": null, "transaction_number": "94993839", "slug": "BT7Qus", "ref_id": null}}, {"model": "transaction.transaction", "pk": 11, "fields": {"is_deleted": false, "deleted_at": null, "created_at": "2024-03-09T12:22:51.051Z", "modified_at": "2024-03-09T12:22:51.051Z", "user": 1, "order": 14, "status": "پرداخت موفق", "failed_reason": null, "transaction_number": "18401020", "slug": "djLFLZ", "ref_id": null}}, {"model": "transaction.transaction", "pk": 12, "fields": {"is_deleted": false, "deleted_at": null, "created_at": "2024-03-09T12:23:58.780Z", "modified_at": "2024-03-09T12:23:58.780Z", "user": 1, "order": 15, "status": "پرداخت موفق", "failed_reason": null, "transaction_number": "41331886", "slug": "3IPwuX", "ref_id": null}}, {"model": "transaction.transaction", "pk": 13, "fields": {"is_deleted": false, "deleted_at": null, "created_at": "2024-03-09T12:39:29.281Z", "modified_at": "2024-03-09T12:39:36.338Z", "user": 1, "order": 16, "status": "پرداخت توسط کاربر کنسل شده است", "failed_reason": "Status: False,کد: -51, پیام: لغو توسط کاربر", "transaction_number": "70419041", "slug": "Yn8duB", "ref_id": null}}, {"model": "transaction.transaction", "pk": 14, "fields": {"is_deleted": false, "deleted_at": null, "created_at": "2024-03-09T21:03:43.640Z", "modified_at": "2024-03-09T21:03:43.995Z", "user": 1, "order": 17, "status": "کاربر به درگاه انتقال یافت", "failed_reason": null, "transaction_number": "27474578", "slug": "RKjtEE", "ref_id": null}}, {"model": "transaction.transaction", "pk": 15, "fields": {"is_deleted": false, "deleted_at": null, "created_at": "2024-03-10T09:03:52.981Z", "modified_at": "2024-03-10T09:03:52.981Z", "user": 3, "order": 4, "status": "پرداخت موفق", "failed_reason": null, "transaction_number": "37434731", "slug": "2PuIDW", "ref_id": null}}, {"model": "transaction.transaction", "pk": 16, "fields": {"is_deleted": false, "deleted_at": null, "created_at": "2024-03-10T13:44:12.357Z", "modified_at": "2024-03-10T13:44:12.357Z", "user": 1, "order": 26, "status": "پرداخت موفق", "failed_reason": null, "transaction_number": "67775961", "slug": "VQ7bGe", "ref_id": null}}, {"model": "transaction.transaction", "pk": 17, "fields": {"is_deleted": false, "deleted_at": null, "created_at": "2024-03-11T08:55:48.376Z", "modified_at": "2024-03-11T08:55:48.376Z", "user": 1, "order": 28, "status": "پرداخت موفق", "failed_reason": null, "transaction_number": "72127546", "slug": "okeK9w", "ref_id": null}}, {"model": "transaction.transaction", "pk": 18, "fields": {"is_deleted": false, "deleted_at": null, "created_at": "2024-03-11T08:57:08.816Z", "modified_at": "2024-03-11T08:57:08.816Z", "user": 1, "order": 29, "status": "پرداخت موفق", "failed_reason": null, "transaction_number": "37499474", "slug": "n3TFmM", "ref_id": null}}, {"model": "transaction.transaction", "pk": 19, "fields": {"is_deleted": false, "deleted_at": null, "created_at": "2024-03-13T07:37:50.466Z", "modified_at": "2024-03-13T07:37:55.791Z", "user": 1, "order": 30, "status": "پرداخت توسط کاربر کنسل شده است", "failed_reason": "Status: False,کد: -51, پیام: لغو توسط کاربر", "transaction_number": "60179691", "slug": "pcJ8qR", "ref_id": null}}, {"model": "transaction.transaction", "pk": 20, "fields": {"is_deleted": false, "deleted_at": null, "created_at": "2024-03-14T10:20:53.272Z", "modified_at": "2024-03-14T10:20:53.272Z", "user": 1, "order": 31, "status": "پرداخت موفق", "failed_reason": null, "transaction_number": "93269661", "slug": "pAgZ67", "ref_id": null}}, {"model": "transaction.transaction", "pk": 21, "fields": {"is_deleted": false, "deleted_at": null, "created_at": "2024-03-14T10:25:41.870Z", "modified_at": "2024-03-14T10:25:52.314Z", "user": 1, "order": 33, "status": "پرداخت توسط کاربر کنسل شده است", "failed_reason": "Status: False,کد: -51, پیام: لغو توسط کاربر", "transaction_number": "45261387", "slug": "0AQndW", "ref_id": null}}, {"model": "transaction.transaction", "pk": 22, "fields": {"is_deleted": false, "deleted_at": null, "created_at": "2024-03-14T10:31:25.541Z", "modified_at": "2024-03-14T10:31:25.541Z", "user": 1, "order": 34, "status": "پرداخت موفق", "failed_reason": null, "transaction_number": "68918362", "slug": "d3eEL7", "ref_id": null}}, {"model": "transaction.transaction", "pk": 23, "fields": {"is_deleted": false, "deleted_at": null, "created_at": "2024-03-14T10:37:03.196Z", "modified_at": "2024-03-14T10:37:03.196Z", "user": 1, "order": 34, "status": "پرداخت موفق", "failed_reason": null, "transaction_number": "43679932", "slug": "rCejOF", "ref_id": null}}, {"model": "transaction.transaction", "pk": 24, "fields": {"is_deleted": false, "deleted_at": null, "created_at": "2024-03-16T13:34:00.101Z", "modified_at": "2024-03-16T13:34:00.101Z", "user": 7, "order": 37, "status": "پرداخت موفق", "failed_reason": null, "transaction_number": "35130845", "slug": "BGswOH", "ref_id": null}}, {"model": "transaction.transaction", "pk": 25, "fields": {"is_deleted": false, "deleted_at": null, "created_at": "2024-03-19T11:47:02.456Z", "modified_at": "2024-03-19T11:47:02.456Z", "user": 1, "order": 36, "status": "پرداخت موفق", "failed_reason": null, "transaction_number": "23096351", "slug": "201Lvh", "ref_id": null}}]