[{"model": "inventory.stockrecord", "pk": 1, "fields": {"product": 5, "sku": null, "buy_price": 1500000, "sale_price": 1900000, "special_sale_price": 1800000, "special_sale_price_start_at": "2024-01-31T10:55:47Z", "special_sale_price_end_at": "2024-02-02T10:56:02Z", "num_stock": 213, "in_order_limit": null, "threshold_low_stack": null}}, {"model": "inventory.stockrecord", "pk": 2, "fields": {"product": 2, "sku": null, "buy_price": 500000, "sale_price": 900000, "special_sale_price": null, "special_sale_price_start_at": null, "special_sale_price_end_at": null, "num_stock": 3, "in_order_limit": null, "threshold_low_stack": null}}, {"model": "inventory.stockrecord", "pk": 3, "fields": {"product": 3, "sku": null, "buy_price": 500000, "sale_price": 700000, "special_sale_price": 620000, "special_sale_price_start_at": "2024-03-11T09:36:40Z", "special_sale_price_end_at": "2024-03-12T09:36:42Z", "num_stock": 0, "in_order_limit": null, "threshold_low_stack": null}}, {"model": "inventory.stockrecord", "pk": 4, "fields": {"product": 4, "sku": null, "buy_price": null, "sale_price": 1000, "special_sale_price": 1800000, "special_sale_price_start_at": "2024-01-31T10:55:47Z", "special_sale_price_end_at": "2024-02-02T10:56:02Z", "num_stock": 5, "in_order_limit": null, "threshold_low_stack": null}}, {"model": "inventory.stockrecord", "pk": 6, "fields": {"product": 6, "sku": null, "buy_price": 500, "sale_price": 1000, "special_sale_price": null, "special_sale_price_start_at": null, "special_sale_price_end_at": null, "num_stock": 5, "in_order_limit": null, "threshold_low_stack": null}}, {"model": "inventory.stockrecord", "pk": 7, "fields": {"product": 1, "sku": null, "buy_price": null, "sale_price": 900000, "special_sale_price": null, "special_sale_price_start_at": null, "special_sale_price_end_at": null, "num_stock": 3, "in_order_limit": null, "threshold_low_stack": null}}, {"model": "inventory.stockrecord", "pk": 10, "fields": {"product": 10, "sku": null, "buy_price": 120000, "sale_price": 150000, "special_sale_price": 130000, "special_sale_price_start_at": null, "special_sale_price_end_at": null, "num_stock": 19, "in_order_limit": null, "threshold_low_stack": null}}, {"model": "inventory.stockrecord", "pk": 11, "fields": {"product": 9, "sku": null, "buy_price": null, "sale_price": 150000, "special_sale_price": 130000, "special_sale_price_start_at": null, "special_sale_price_end_at": null, "num_stock": 19, "in_order_limit": null, "threshold_low_stack": null}}, {"model": "inventory.stockrecord", "pk": 12, "fields": {"product": 12, "sku": null, "buy_price": 9000000, "sale_price": 10000000, "special_sale_price": null, "special_sale_price_start_at": null, "special_sale_price_end_at": null, "num_stock": 16, "in_order_limit": null, "threshold_low_stack": null}}, {"model": "inventory.stockrecord", "pk": 13, "fields": {"product": 11, "sku": null, "buy_price": null, "sale_price": 10000000, "special_sale_price": null, "special_sale_price_start_at": null, "special_sale_price_end_at": null, "num_stock": 16, "in_order_limit": null, "threshold_low_stack": null}}, {"model": "inventory.stockrecord", "pk": 15, "fields": {"product": 13, "sku": null, "buy_price": null, "sale_price": 500000, "special_sale_price": 400000, "special_sale_price_start_at": null, "special_sale_price_end_at": null, "num_stock": 5, "in_order_limit": null, "threshold_low_stack": null}}, {"model": "inventory.stockrecord", "pk": 16, "fields": {"product": 16, "sku": "TKU-20000", "buy_price": 4200000, "sale_price": 5000000, "special_sale_price": 4500000, "special_sale_price_start_at": null, "special_sale_price_end_at": null, "num_stock": 10, "in_order_limit": null, "threshold_low_stack": null}}, {"model": "inventory.stockrecord", "pk": 17, "fields": {"product": 15, "sku": null, "buy_price": null, "sale_price": 4000000, "special_sale_price": null, "special_sale_price_start_at": null, "special_sale_price_end_at": null, "num_stock": 4, "in_order_limit": null, "threshold_low_stack": null}}, {"model": "inventory.stockrecord", "pk": 18, "fields": {"product": 17, "sku": "TKU-10002", "buy_price": 1000000, "sale_price": 2000000, "special_sale_price": null, "special_sale_price_start_at": null, "special_sale_price_end_at": null, "num_stock": 5, "in_order_limit": null, "threshold_low_stack": null}}, {"model": "inventory.stockrecord", "pk": 19, "fields": {"product": 18, "sku": "TKU-1000", "buy_price": 200000, "sale_price": 500000, "special_sale_price": 400000, "special_sale_price_start_at": "2024-02-09T10:31:17Z", "special_sale_price_end_at": "2024-02-15T10:31:22Z", "num_stock": 5, "in_order_limit": null, "threshold_low_stack": null}}, {"model": "inventory.stockrecord", "pk": 20, "fields": {"product": 19, "sku": "TKU-1003", "buy_price": 5000000, "sale_price": 10000000, "special_sale_price": 8000000, "special_sale_price_start_at": "2024-02-09T10:31:11Z", "special_sale_price_end_at": "2024-02-10T10:31:12Z", "num_stock": 4, "in_order_limit": null, "threshold_low_stack": null}}, {"model": "inventory.stockrecord", "pk": 22, "fields": {"product": 21, "sku": "TKU-20003", "buy_price": 3000000, "sale_price": 4000000, "special_sale_price": null, "special_sale_price_start_at": null, "special_sale_price_end_at": null, "num_stock": 4, "in_order_limit": null, "threshold_low_stack": null}}, {"model": "inventory.stockrecord", "pk": 23, "fields": {"product": 22, "sku": "TKU-standalone-1000", "buy_price": 9000000, "sale_price": 10000000, "special_sale_price": 9500000, "special_sale_price_start_at": "2024-02-08T19:55:24Z", "special_sale_price_end_at": "2024-02-10T19:55:25Z", "num_stock": 2, "in_order_limit": 1, "threshold_low_stack": null}}, {"model": "inventory.stockrecord", "pk": 24, "fields": {"product": 24, "sku": "TKU-1234", "buy_price": 1000000, "sale_price": 4000000, "special_sale_price": 3500000, "special_sale_price_start_at": null, "special_sale_price_end_at": null, "num_stock": 19, "in_order_limit": null, "threshold_low_stack": null}}, {"model": "inventory.stockrecord", "pk": 25, "fields": {"product": 23, "sku": null, "buy_price": null, "sale_price": 1000000, "special_sale_price": 700000, "special_sale_price_start_at": null, "special_sale_price_end_at": null, "num_stock": 19, "in_order_limit": null, "threshold_low_stack": null}}, {"model": "inventory.stockrecord", "pk": 26, "fields": {"product": 25, "sku": "TKU-1445", "buy_price": 3000000, "sale_price": 4000000, "special_sale_price": 3200000, "special_sale_price_start_at": null, "special_sale_price_end_at": null, "num_stock": 21, "in_order_limit": null, "threshold_low_stack": null}}, {"model": "inventory.stockrecord", "pk": 27, "fields": {"product": 26, "sku": "TKU-21212121", "buy_price": 600000, "sale_price": 1000000, "special_sale_price": 700000, "special_sale_price_start_at": null, "special_sale_price_end_at": null, "num_stock": 19, "in_order_limit": 2, "threshold_low_stack": null}}, {"model": "inventory.stockrecord", "pk": 28, "fields": {"product": 27, "sku": "TKU-121212121", "buy_price": 1000000, "sale_price": 5000000, "special_sale_price": 3100000, "special_sale_price_start_at": null, "special_sale_price_end_at": "2024-03-05T09:08:57Z", "num_stock": 10, "in_order_limit": 2, "threshold_low_stack": null}}, {"model": "catalog.category", "pk": 1, "fields": {"tn_ancestors_pks": "", "tn_ancestors_count": 0, "tn_children_pks": "4,7,8,6,3,5", "tn_children_count": 6, "tn_depth": 1, "tn_descendants_pks": "4,7,8,6,3,5", "tn_descendants_count": 6, "tn_index": 0, "tn_level": 1, "tn_parent": null, "tn_priority": 0, "tn_order": 0, "tn_siblings_pks": "2", "tn_siblings_count": 1, "is_deleted": false, "deleted_at": null, "created_at": "2024-01-25T19:04:32.269Z", "modified_at": "2024-03-28T21:20:05.167Z", "image": 5, "title_ir": "مردانه", "title_en": "men", "description": null, "is_public": true, "slug": "category-men-shoes", "order": 0}}, {"model": "catalog.category", "pk": 2, "fields": {"tn_ancestors_pks": "", "tn_ancestors_count": 0, "tn_children_pks": "9,10,11,12,13,14", "tn_children_count": 6, "tn_depth": 1, "tn_descendants_pks": "9,10,11,12,13,14", "tn_descendants_count": 6, "tn_index": 1, "tn_level": 1, "tn_parent": null, "tn_priority": 0, "tn_order": 7, "tn_siblings_pks": "1", "tn_siblings_count": 1, "is_deleted": false, "deleted_at": null, "created_at": "2024-01-25T19:04:45.319Z", "modified_at": "2024-03-28T21:21:26.268Z", "image": 5, "title_ir": "زنانه", "title_en": "women", "description": null, "is_public": true, "slug": "category-women-shoes", "order": 1}}, {"model": "catalog.category", "pk": 3, "fields": {"tn_ancestors_pks": "1", "tn_ancestors_count": 1, "tn_children_pks": "", "tn_children_count": 0, "tn_depth": 0, "tn_descendants_pks": "", "tn_descendants_count": 0, "tn_index": 4, "tn_level": 2, "tn_parent": 1, "tn_priority": 0, "tn_order": 5, "tn_siblings_pks": "4,7,8,6,5", "tn_siblings_count": 5, "is_deleted": false, "deleted_at": null, "created_at": "2024-01-25T19:06:39.734Z", "modified_at": "2024-03-28T21:21:20.548Z", "image": 5, "title_ir": "اسپرت", "title_en": "sport shoes", "description": null, "is_public": true, "slug": "category-men-sport-shoes", "order": 1}}, {"model": "catalog.category", "pk": 4, "fields": {"tn_ancestors_pks": "1", "tn_ancestors_count": 1, "tn_children_pks": "", "tn_children_count": 0, "tn_depth": 0, "tn_descendants_pks": "", "tn_descendants_count": 0, "tn_index": 0, "tn_level": 2, "tn_parent": 1, "tn_priority": 0, "tn_order": 1, "tn_siblings_pks": "7,8,6,3,5", "tn_siblings_count": 5, "is_deleted": false, "deleted_at": null, "created_at": "2024-01-25T19:06:54.002Z", "modified_at": "2024-03-28T21:20:22.947Z", "image": 5, "title_ir": "بسکتبال", "title_en": "basketball", "description": null, "is_public": true, "slug": "category-men-basketball-shoes", "order": 1}}, {"model": "catalog.category", "pk": 5, "fields": {"tn_ancestors_pks": "1", "tn_ancestors_count": 1, "tn_children_pks": "", "tn_children_count": 0, "tn_depth": 0, "tn_descendants_pks": "", "tn_descendants_count": 0, "tn_index": 5, "tn_level": 2, "tn_parent": 1, "tn_priority": 0, "tn_order": 6, "tn_siblings_pks": "4,7,8,6,3", "tn_siblings_count": 5, "is_deleted": false, "deleted_at": null, "created_at": "2024-01-25T19:07:09.482Z", "modified_at": "2024-03-28T21:21:23.447Z", "image": 5, "title_ir": "پیاده روی", "title_en": "walking", "description": null, "is_public": true, "slug": "category-men-walking-shoes", "order": 1}}, {"model": "catalog.category", "pk": 6, "fields": {"tn_ancestors_pks": "1", "tn_ancestors_count": 1, "tn_children_pks": "", "tn_children_count": 0, "tn_depth": 0, "tn_descendants_pks": "", "tn_descendants_count": 0, "tn_index": 3, "tn_level": 2, "tn_parent": 1, "tn_priority": 0, "tn_order": 4, "tn_siblings_pks": "4,7,8,3,5", "tn_siblings_count": 5, "is_deleted": false, "deleted_at": null, "created_at": "2024-01-25T19:07:23.725Z", "modified_at": "2024-03-28T21:21:17.589Z", "image": 5, "title_ir": "رانینگ", "title_en": "running", "description": null, "is_public": true, "slug": "category-men-running-shoes", "order": 1}}, {"model": "catalog.category", "pk": 7, "fields": {"tn_ancestors_pks": "1", "tn_ancestors_count": 1, "tn_children_pks": "", "tn_children_count": 0, "tn_depth": 0, "tn_descendants_pks": "", "tn_descendants_count": 0, "tn_index": 1, "tn_level": 2, "tn_parent": 1, "tn_priority": 0, "tn_order": 2, "tn_siblings_pks": "4,8,6,3,5", "tn_siblings_count": 5, "is_deleted": false, "deleted_at": null, "created_at": "2024-01-25T19:07:36.772Z", "modified_at": "2024-03-28T21:21:11.787Z", "image": 5, "title_ir": "روزمره", "title_en": "daily", "description": null, "is_public": true, "slug": "category-men-daily-shoes", "order": 1}}, {"model": "catalog.category", "pk": 8, "fields": {"tn_ancestors_pks": "1", "tn_ancestors_count": 1, "tn_children_pks": "", "tn_children_count": 0, "tn_depth": 0, "tn_descendants_pks": "", "tn_descendants_count": 0, "tn_index": 2, "tn_level": 2, "tn_parent": 1, "tn_priority": 0, "tn_order": 3, "tn_siblings_pks": "4,7,6,3,5", "tn_siblings_count": 5, "is_deleted": false, "deleted_at": null, "created_at": "2024-01-25T19:07:50.183Z", "modified_at": "2024-03-28T21:21:14.427Z", "image": 5, "title_ir": "کوهنوردی", "title_en": "hiking", "description": null, "is_public": true, "slug": "category-men-hiking-shoes", "order": 1}}, {"model": "catalog.category", "pk": 9, "fields": {"tn_ancestors_pks": "2", "tn_ancestors_count": 1, "tn_children_pks": "", "tn_children_count": 0, "tn_depth": 0, "tn_descendants_pks": "", "tn_descendants_count": 0, "tn_index": 0, "tn_level": 2, "tn_parent": 2, "tn_priority": 0, "tn_order": 8, "tn_siblings_pks": "10,11,12,13,14", "tn_siblings_count": 5, "is_deleted": false, "deleted_at": null, "created_at": "2024-01-25T19:22:58.437Z", "modified_at": "2024-03-28T21:21:29.248Z", "image": 5, "title_ir": "بسکتبال", "title_en": "basketball", "description": null, "is_public": true, "slug": "category-women-basketball-shoes", "order": 1}}, {"model": "catalog.category", "pk": 10, "fields": {"tn_ancestors_pks": "2", "tn_ancestors_count": 1, "tn_children_pks": "", "tn_children_count": 0, "tn_depth": 0, "tn_descendants_pks": "", "tn_descendants_count": 0, "tn_index": 1, "tn_level": 2, "tn_parent": 2, "tn_priority": 0, "tn_order": 9, "tn_siblings_pks": "9,11,12,13,14", "tn_siblings_count": 5, "is_deleted": false, "deleted_at": null, "created_at": "2024-01-25T19:22:58.461Z", "modified_at": "2024-03-28T21:21:32.345Z", "image": 5, "title_ir": "روزمره", "title_en": "daily", "description": null, "is_public": true, "slug": "category-women-daily-shoes", "order": 1}}, {"model": "catalog.category", "pk": 11, "fields": {"tn_ancestors_pks": "2", "tn_ancestors_count": 1, "tn_children_pks": "", "tn_children_count": 0, "tn_depth": 0, "tn_descendants_pks": "", "tn_descendants_count": 0, "tn_index": 2, "tn_level": 2, "tn_parent": 2, "tn_priority": 0, "tn_order": 10, "tn_siblings_pks": "9,10,12,13,14", "tn_siblings_count": 5, "is_deleted": false, "deleted_at": null, "created_at": "2024-01-25T19:22:58.485Z", "modified_at": "2024-03-28T21:21:34.938Z", "image": 5, "title_ir": "کوهنوردی", "title_en": "hiking", "description": null, "is_public": true, "slug": "category-women-hiking-shoes", "order": 1}}, {"model": "catalog.category", "pk": 12, "fields": {"tn_ancestors_pks": "2", "tn_ancestors_count": 1, "tn_children_pks": "", "tn_children_count": 0, "tn_depth": 0, "tn_descendants_pks": "", "tn_descendants_count": 0, "tn_index": 3, "tn_level": 2, "tn_parent": 2, "tn_priority": 0, "tn_order": 11, "tn_siblings_pks": "9,10,11,13,14", "tn_siblings_count": 5, "is_deleted": false, "deleted_at": null, "created_at": "2024-01-25T19:22:58.510Z", "modified_at": "2024-03-28T21:21:37.513Z", "image": 5, "title_ir": "رانینگ", "title_en": "running", "description": null, "is_public": true, "slug": "category-women-running-shoes", "order": 1}}, {"model": "catalog.category", "pk": 13, "fields": {"tn_ancestors_pks": "2", "tn_ancestors_count": 1, "tn_children_pks": "", "tn_children_count": 0, "tn_depth": 0, "tn_descendants_pks": "", "tn_descendants_count": 0, "tn_index": 4, "tn_level": 2, "tn_parent": 2, "tn_priority": 0, "tn_order": 12, "tn_siblings_pks": "9,10,11,12,14", "tn_siblings_count": 5, "is_deleted": false, "deleted_at": null, "created_at": "2024-01-25T19:22:58.535Z", "modified_at": "2024-03-28T21:21:40.227Z", "image": 5, "title_ir": "اسپرت", "title_en": "sport shoes", "description": null, "is_public": true, "slug": "category-women-sport-shoes", "order": 1}}, {"model": "catalog.category", "pk": 14, "fields": {"tn_ancestors_pks": "2", "tn_ancestors_count": 1, "tn_children_pks": "", "tn_children_count": 0, "tn_depth": 0, "tn_descendants_pks": "", "tn_descendants_count": 0, "tn_index": 5, "tn_level": 2, "tn_parent": 2, "tn_priority": 0, "tn_order": 13, "tn_siblings_pks": "9,10,11,12,13", "tn_siblings_count": 5, "is_deleted": false, "deleted_at": null, "created_at": "2024-01-25T19:22:58.560Z", "modified_at": "2024-03-28T21:21:07.968Z", "image": 5, "title_ir": "پیاده روی", "title_en": "walking", "description": null, "is_public": true, "slug": "category-women-walking-shoes", "order": 1}}, {"model": "catalog.brand", "pk": 1, "fields": {"is_deleted": false, "deleted_at": null, "created_at": "2024-01-25T19:44:35.542Z", "modified_at": "2024-02-02T14:55:28.420Z", "image": 5, "title_ir": "نایک", "title_en": "nike", "slug": "brand-nike", "order": 1}}, {"model": "catalog.brand", "pk": 2, "fields": {"is_deleted": false, "deleted_at": null, "created_at": "2024-01-25T19:44:43.365Z", "modified_at": "2024-02-02T14:55:28.364Z", "image": 5, "title_ir": "آدیداس", "title_en": "adidas", "slug": "brand-adidas", "order": 1}}, {"model": "catalog.brand", "pk": 3, "fields": {"is_deleted": false, "deleted_at": null, "created_at": "2024-01-25T19:44:54.004Z", "modified_at": "2024-02-02T14:55:28.281Z", "image": 5, "title_ir": "اسکچرز", "title_en": "skechers", "slug": "brand-skechers", "order": 1}}, {"model": "catalog.brand", "pk": 4, "fields": {"is_deleted": false, "deleted_at": null, "created_at": "2024-01-25T19:45:03.460Z", "modified_at": "2024-02-02T14:55:28.224Z", "image": 5, "title_ir": "اسیکس", "title_en": "asics", "slug": "brand-asics", "order": 1}}, {"model": "catalog.brand", "pk": 5, "fields": {"is_deleted": false, "deleted_at": null, "created_at": "2024-01-25T19:45:19.178Z", "modified_at": "2024-02-02T14:55:28.154Z", "image": 5, "title_ir": "بالنسیاگا", "title_en": "balenciaga", "slug": "brand-balenciaga", "order": 1}}, {"model": "catalog.brand", "pk": 6, "fields": {"is_deleted": false, "deleted_at": null, "created_at": "2024-01-25T19:45:27.190Z", "modified_at": "2024-02-02T14:55:28.091Z", "image": 5, "title_ir": "پوما", "title_en": "puma", "slug": "brand-puma", "order": 1}}, {"model": "catalog.brand", "pk": 7, "fields": {"is_deleted": false, "deleted_at": null, "created_at": "2024-01-25T19:45:35.140Z", "modified_at": "2024-02-02T14:55:28.031Z", "image": 5, "title_ir": "تیمبرلند", "title_en": "timberland", "slug": "brand-timberland", "order": 1}}, {"model": "catalog.brand", "pk": 8, "fields": {"is_deleted": false, "deleted_at": null, "created_at": "2024-01-25T19:45:42.163Z", "modified_at": "2024-02-02T14:55:27.970Z", "image": 5, "title_ir": "ریباک", "title_en": "reebok", "slug": "brand-reebok", "order": 1}}, {"model": "catalog.brand", "pk": 9, "fields": {"is_deleted": false, "deleted_at": null, "created_at": "2024-01-25T19:45:51.509Z", "modified_at": "2024-02-02T14:55:27.905Z", "image": 5, "title_ir": "سالومون", "title_en": "salomon", "slug": "brand-salomon", "order": 1}}, {"model": "catalog.brand", "pk": 10, "fields": {"is_deleted": false, "deleted_at": null, "created_at": "2024-01-25T19:46:04.118Z", "modified_at": "2024-02-02T14:55:27.855Z", "image": 5, "title_ir": "کاترپیلار", "title_en": "caterpillar", "slug": "brand-caterpillar", "order": 1}}, {"model": "catalog.brand", "pk": 11, "fields": {"is_deleted": false, "deleted_at": null, "created_at": "2024-01-25T19:46:13.776Z", "modified_at": "2024-03-07T16:46:32.072Z", "image": 5, "title_ir": "نیوبالانس", "title_en": "newbalance", "slug": "brand-newbalance", "order": 2}}, {"model": "catalog.brand", "pk": 12, "fields": {"is_deleted": false, "deleted_at": null, "created_at": "2024-01-25T19:46:17.982Z", "modified_at": "2024-02-02T14:55:28.466Z", "image": 5, "title_ir": "ونس", "title_en": "vans", "slug": "brand-vans", "order": 2}}, {"model": "catalog.optiongroup", "pk": 1, "fields": {"title": "سایز", "filter_contain": true, "filter_param_name": "size"}}, {"model": "catalog.optiongroup", "pk": 2, "fields": {"title": "رنگ", "filter_contain": true, "filter_param_name": "color"}}, {"model": "catalog.optiongroup", "pk": 3, "fields": {"title": "سایز و رنگ", "filter_contain": false, "filter_param_name": null}}, {"model": "catalog.optiongroupvalue", "pk": 1, "fields": {"title": "40", "group": 1, "color_code": null}}, {"model": "catalog.optiongroupvalue", "pk": 2, "fields": {"title": "41", "group": 1, "color_code": null}}, {"model": "catalog.optiongroupvalue", "pk": 3, "fields": {"title": "42", "group": 1, "color_code": null}}, {"model": "catalog.optiongroupvalue", "pk": 4, "fields": {"title": "43", "group": 1, "color_code": null}}, {"model": "catalog.optiongroupvalue", "pk": 5, "fields": {"title": "44", "group": 1, "color_code": null}}, {"model": "catalog.optiongroupvalue", "pk": 6, "fields": {"title": "قرمز", "group": 2, "color_code": "red"}}, {"model": "catalog.optiongroupvalue", "pk": 7, "fields": {"title": "آبی", "group": 2, "color_code": "#38bdf8"}}, {"model": "catalog.optiongroupvalue", "pk": 8, "fields": {"title": "سبز", "group": 2, "color_code": "green"}}, {"model": "catalog.optiongroupvalue", "pk": 9, "fields": {"title": "سفید", "group": 2, "color_code": "white"}}, {"model": "catalog.productclass", "pk": 1, "fields": {"title_ir": "کفش", "title_en": "shoe", "description": null, "slug": "shoe", "track_stock": true, "require_shipping": true, "properties": [1, 2, 3]}}, {"model": "catalog.productclass", "pk": 2, "fields": {"title_ir": "جدید", "title_en": "new", "description": null, "slug": "new", "track_stock": true, "require_shipping": true, "properties": []}}, {"model": "catalog.productattribute", "pk": 1, "fields": {"product_class": 1, "title": "سایز", "type": "option", "option_group": 1, "required": true}}, {"model": "catalog.productattribute", "pk": 2, "fields": {"product_class": 1, "title": "رنگ", "type": "option", "option_group": 2, "required": true}}, {"model": "catalog.productattribute", "pk": 3, "fields": {"product_class": 1, "title": "سایز و رنگ", "type": "multi_option", "option_group": 3, "required": true}}, {"model": "catalog.product", "pk": 1, "fields": {"is_deleted": false, "deleted_at": null, "created_at": "2024-01-29T14:27:12.786Z", "modified_at": "2024-02-07T18:52:00.120Z", "structure": "parent", "parent": null, "order": 1, "title_ir": "نایک زوم پگاسوس توربو مشکی", "title_en": "Nike Zoom Pegasus Turbo Xx", "slug": "nike-zoom-pegasus-turbo-xx", "short_slug": 25515, "upc": "2000", "description": null, "is_public": true, "meta_title": "نایک زوم پگاسوس توربو مشکی", "meta_description": "نایک زوم پگاسوس توربو مشکی", "product_class": 1, "brand": 1, "categories": [1, 7, 2, 10]}}, {"model": "catalog.product", "pk": 2, "fields": {"is_deleted": false, "deleted_at": null, "created_at": "2024-01-30T09:50:50.566Z", "modified_at": "2024-01-30T19:31:44.986Z", "structure": "child", "parent": 1, "order": 0, "title_ir": null, "title_en": null, "slug": null, "short_slug": null, "upc": "2002", "description": null, "is_public": true, "meta_title": null, "meta_description": "", "product_class": null, "brand": null, "categories": []}}, {"model": "catalog.product", "pk": 3, "fields": {"is_deleted": false, "deleted_at": null, "created_at": "2024-01-30T09:51:18.513Z", "modified_at": "2024-03-11T09:48:14.403Z", "structure": "child", "parent": 1, "order": 1, "title_ir": null, "title_en": null, "slug": null, "short_slug": null, "upc": "2001", "description": "", "is_public": true, "meta_title": null, "meta_description": "", "product_class": null, "brand": null, "categories": []}}, {"model": "catalog.product", "pk": 4, "fields": {"is_deleted": false, "deleted_at": null, "created_at": "2024-01-30T14:46:46.427Z", "modified_at": "2024-02-07T18:52:00.107Z", "structure": "parent", "parent": null, "order": 0, "title_ir": "ایرجردن وان فیرلس مشکی", "title_en": "CLOT x Air Jordan 1 Mid Fearless", "slug": "clot-x-air-jordan-1-mid-fearless", "short_slug": 24531, "upc": "100", "description": null, "is_public": true, "meta_title": "ایرجردن وان فیرلس مشکی", "meta_description": "ایرجردن وان فیرلس مشکی", "product_class": 1, "brand": 1, "categories": [1, 7]}}, {"model": "catalog.product", "pk": 5, "fields": {"is_deleted": false, "deleted_at": null, "created_at": "2024-01-30T14:47:44.871Z", "modified_at": "2024-02-09T14:13:18.908Z", "structure": "child", "parent": 4, "order": 1, "title_ir": null, "title_en": null, "slug": null, "short_slug": null, "upc": "101", "description": null, "is_public": true, "meta_title": null, "meta_description": "", "product_class": null, "brand": null, "categories": []}}, {"model": "catalog.product", "pk": 6, "fields": {"is_deleted": false, "deleted_at": null, "created_at": "2024-01-30T15:58:47.835Z", "modified_at": "2024-02-09T14:13:18.929Z", "structure": "child", "parent": 4, "order": 0, "title_ir": null, "title_en": null, "slug": null, "short_slug": null, "upc": "7575", "description": null, "is_public": true, "meta_title": null, "meta_description": "", "product_class": null, "brand": null, "categories": []}}, {"model": "catalog.product", "pk": 9, "fields": {"is_deleted": false, "deleted_at": null, "created_at": "2024-01-31T05:59:37.349Z", "modified_at": "2024-02-07T18:52:00.095Z", "structure": "parent", "parent": null, "order": 0, "title_ir": "کفش نیوبالانس NewBalance AM574", "title_en": "NewBalance AM574", "slug": "newbalance-am574", "short_slug": 86318, "upc": "4372141412", "description": null, "is_public": true, "meta_title": "کفش نیوبالانس NewBalance AM574", "meta_description": "کفش نیوبالانس NewBalance AM574", "product_class": 1, "brand": 11, "categories": [1, 7, 5, 3]}}, {"model": "catalog.product", "pk": 10, "fields": {"is_deleted": false, "deleted_at": null, "created_at": "2024-01-31T06:00:28.019Z", "modified_at": "2024-01-31T06:00:28.019Z", "structure": "child", "parent": 9, "order": 0, "title_ir": null, "title_en": null, "slug": null, "short_slug": null, "upc": null, "description": null, "is_public": true, "meta_title": null, "meta_description": "", "product_class": null, "brand": null, "categories": []}}, {"model": "catalog.product", "pk": 11, "fields": {"is_deleted": false, "deleted_at": null, "created_at": "2024-01-31T06:01:09.660Z", "modified_at": "2024-02-07T18:52:00.082Z", "structure": "parent", "parent": null, "order": 0, "title_ir": "کفش نیوبالانس NewBalance 725", "title_en": "NewBalance 725", "slug": "newbalance-725", "short_slug": 36739, "upc": "725555", "description": null, "is_public": true, "meta_title": null, "meta_description": "", "product_class": 1, "brand": 11, "categories": [1, 7, 6, 5, 3]}}, {"model": "catalog.product", "pk": 12, "fields": {"is_deleted": false, "deleted_at": null, "created_at": "2024-01-31T06:01:45.616Z", "modified_at": "2024-01-31T06:01:45.616Z", "structure": "child", "parent": 11, "order": 0, "title_ir": null, "title_en": null, "slug": null, "short_slug": null, "upc": null, "description": null, "is_public": true, "meta_title": null, "meta_description": "", "product_class": null, "brand": null, "categories": []}}, {"model": "catalog.product", "pk": 13, "fields": {"is_deleted": false, "deleted_at": null, "created_at": "2024-01-31T06:03:00.915Z", "modified_at": "2024-02-08T12:29:39.275Z", "structure": "parent", "parent": null, "order": 0, "title_ir": "کفش سالومون اکس تی راش Salomon XT-RUSH", "title_en": "Salomon XT-RUSH", "slug": "salomon-xt-rush", "short_slug": 63479, "upc": "2131314151", "description": null, "is_public": true, "meta_title": "کفش سالومون اکس تی راش Salomon XT-RUSH", "meta_description": "کفش سالومون اکس تی راش Salomon XT-RUSH", "product_class": 1, "brand": 9, "categories": [1, 7, 8, 6]}}, {"model": "catalog.product", "pk": 15, "fields": {"is_deleted": false, "deleted_at": null, "created_at": "2024-01-31T06:24:54.617Z", "modified_at": "2024-02-08T11:56:42.201Z", "structure": "parent", "parent": null, "order": 0, "title_ir": "کفش آدیداس Adidas X_PLR", "title_en": "Adidas X_PLR", "slug": "adidas-x_plr", "short_slug": 27313, "upc": "2141413131", "description": null, "is_public": true, "meta_title": "کفش آدیداس Adidas X_PLR", "meta_description": "کفش آدیداس Adidas X_PLR", "product_class": 1, "brand": 2, "categories": [1, 7, 5]}}, {"model": "catalog.product", "pk": 16, "fields": {"is_deleted": false, "deleted_at": null, "created_at": "2024-01-31T06:25:25.476Z", "modified_at": "2024-02-26T09:51:16.072Z", "structure": "child", "parent": 15, "order": 0, "title_ir": null, "title_en": null, "slug": null, "short_slug": null, "upc": null, "description": "", "is_public": true, "meta_title": null, "meta_description": "", "product_class": null, "brand": null, "categories": []}}, {"model": "catalog.product", "pk": 17, "fields": {"is_deleted": false, "deleted_at": null, "created_at": "2024-02-07T10:38:39.915Z", "modified_at": "2024-02-08T12:30:07.463Z", "structure": "child", "parent": 13, "order": 0, "title_ir": null, "title_en": null, "slug": null, "short_slug": null, "upc": null, "description": null, "is_public": true, "meta_title": null, "meta_description": "", "product_class": null, "brand": null, "categories": []}}, {"model": "catalog.product", "pk": 18, "fields": {"is_deleted": false, "deleted_at": null, "created_at": "2024-02-08T12:30:36.068Z", "modified_at": "2024-02-08T12:30:36.068Z", "structure": "child", "parent": 13, "order": 0, "title_ir": null, "title_en": null, "slug": null, "short_slug": null, "upc": null, "description": null, "is_public": true, "meta_title": null, "meta_description": "", "product_class": null, "brand": null, "categories": []}}, {"model": "catalog.product", "pk": 19, "fields": {"is_deleted": false, "deleted_at": null, "created_at": "2024-02-08T12:31:12.036Z", "modified_at": "2024-02-08T12:31:12.036Z", "structure": "child", "parent": 13, "order": 0, "title_ir": null, "title_en": null, "slug": null, "short_slug": null, "upc": null, "description": null, "is_public": true, "meta_title": null, "meta_description": "", "product_class": null, "brand": null, "categories": []}}, {"model": "catalog.product", "pk": 21, "fields": {"is_deleted": false, "deleted_at": null, "created_at": "2024-02-08T13:31:51.293Z", "modified_at": "2024-02-08T13:31:51.293Z", "structure": "child", "parent": 15, "order": 0, "title_ir": null, "title_en": null, "slug": null, "short_slug": null, "upc": null, "description": null, "is_public": true, "meta_title": null, "meta_description": "", "product_class": null, "brand": null, "categories": []}}, {"model": "catalog.product", "pk": 22, "fields": {"is_deleted": false, "deleted_at": null, "created_at": "2024-02-08T19:58:05.273Z", "modified_at": "2024-03-09T14:43:25.692Z", "structure": "standalone", "parent": null, "order": 0, "title_ir": "محصول تک", "title_en": "stand alone", "slug": "stand-alone", "short_slug": 31284, "upc": "STAND-ALONE-1000", "description": "", "is_public": true, "meta_title": null, "meta_description": "", "product_class": 1, "brand": 11, "categories": [1, 7]}}, {"model": "catalog.product", "pk": 23, "fields": {"is_deleted": false, "deleted_at": null, "created_at": "2024-02-09T14:18:34.858Z", "modified_at": "2024-03-26T08:50:37.193Z", "structure": "parent", "parent": null, "order": 0, "title_ir": "تست مولتی چویس", "title_en": "Test Multi Option", "slug": "test-multi-option", "short_slug": 53558, "upc": "MULTIOPTIONTEST", "description": "# کفش مولتی چویس\r\n\r\n\r\n\r\n\r\n### ویژگی های محصول\r\n\r\n - نرم\r\n - راحت\r\n - ارزان\r\n\r\n![Image](https://dl.taymakz.ir/media/images/2024/03/07/PlnMncihb7SBs848wFFLRQgJZd24fH.webp)", "is_public": true, "meta_title": null, "meta_description": "", "product_class": 1, "brand": 11, "categories": [1, 7]}}, {"model": "catalog.product", "pk": 24, "fields": {"is_deleted": false, "deleted_at": null, "created_at": "2024-02-09T14:19:21.312Z", "modified_at": "2024-02-09T14:46:58.893Z", "structure": "child", "parent": 23, "order": 0, "title_ir": null, "title_en": null, "slug": null, "short_slug": null, "upc": null, "description": null, "is_public": true, "meta_title": null, "meta_description": "", "product_class": null, "brand": null, "categories": []}}, {"model": "catalog.product", "pk": 25, "fields": {"is_deleted": false, "deleted_at": null, "created_at": "2024-02-09T14:19:55.286Z", "modified_at": "2024-02-23T11:43:44.655Z", "structure": "child", "parent": 23, "order": 0, "title_ir": null, "title_en": null, "slug": null, "short_slug": null, "upc": null, "description": "# کفش مولتی چویس\r\n\r\n\r\n\r\n\r\n### ویژگی های محصول\r\n\r\n - نرم\r\n - راحت\r\n - ارزان\r\n>\r\n\r\n------------\r\n\r\n\r\n\r\n![image](http://127.0.0.1:8000/media/images/2024/01/31/fkvJC2AdDo3Rlx3AnJJOqakNZIdpxS.webp)", "is_public": true, "meta_title": null, "meta_description": "", "product_class": null, "brand": null, "categories": []}}, {"model": "catalog.product", "pk": 26, "fields": {"is_deleted": false, "deleted_at": null, "created_at": "2024-02-09T14:20:30.422Z", "modified_at": "2024-02-23T11:45:35.442Z", "structure": "child", "parent": 23, "order": 0, "title_ir": null, "title_en": null, "slug": null, "short_slug": null, "upc": null, "description": "# کفش مولتی چویس\r\n\r\n\r\n\r\n\r\n### ویژگی های محصول\r\n\r\n - نرم\r\n - راحت\r\n - ارزان\r\n![image](http://127.0.0.1:8000/media/images/2024/01/31/fkvJC2AdDo3Rlx3AnJJOqakNZIdpxS.webp)", "is_public": true, "meta_title": null, "meta_description": "", "product_class": null, "brand": null, "categories": []}}, {"model": "catalog.product", "pk": 27, "fields": {"is_deleted": false, "deleted_at": null, "created_at": "2024-03-04T09:09:07.146Z", "modified_at": "2024-03-07T16:43:53.451Z", "structure": "standalone", "parent": null, "order": 0, "title_ir": "اکلاس جدا", "title_en": "new class", "slug": "new-class", "short_slug": 82777, "upc": null, "description": "", "is_public": true, "meta_title": null, "meta_description": "", "product_class": 2, "brand": 11, "categories": [1, 4]}}, {"model": "catalog.productattributevalue", "pk": 1, "fields": {"product": 2, "attribute": 1, "value_text": "", "value_integer": null, "value_float": null, "value_option": 5, "value_multi_option": []}}, {"model": "catalog.productattributevalue", "pk": 2, "fields": {"product": 3, "attribute": 1, "value_text": "", "value_integer": null, "value_float": null, "value_option": 4, "value_multi_option": []}}, {"model": "catalog.productattributevalue", "pk": 3, "fields": {"product": 5, "attribute": 1, "value_text": "", "value_integer": null, "value_float": null, "value_option": 5, "value_multi_option": []}}, {"model": "catalog.productattributevalue", "pk": 4, "fields": {"product": 6, "attribute": 1, "value_text": "", "value_integer": null, "value_float": null, "value_option": 1, "value_multi_option": []}}, {"model": "catalog.productattributevalue", "pk": 7, "fields": {"product": 10, "attribute": 1, "value_text": "", "value_integer": null, "value_float": null, "value_option": 5, "value_multi_option": []}}, {"model": "catalog.productattributevalue", "pk": 8, "fields": {"product": 12, "attribute": 1, "value_text": "", "value_integer": null, "value_float": null, "value_option": 4, "value_multi_option": []}}, {"model": "catalog.productattributevalue", "pk": 10, "fields": {"product": 16, "attribute": 2, "value_text": "", "value_integer": null, "value_float": null, "value_option": 9, "value_multi_option": []}}, {"model": "catalog.productattributevalue", "pk": 11, "fields": {"product": 17, "attribute": 1, "value_text": "", "value_integer": null, "value_float": null, "value_option": 1, "value_multi_option": []}}, {"model": "catalog.productattributevalue", "pk": 12, "fields": {"product": 18, "attribute": 1, "value_text": "", "value_integer": null, "value_float": null, "value_option": 2, "value_multi_option": []}}, {"model": "catalog.productattributevalue", "pk": 13, "fields": {"product": 19, "attribute": 1, "value_text": "", "value_integer": null, "value_float": null, "value_option": 3, "value_multi_option": []}}, {"model": "catalog.productattributevalue", "pk": 15, "fields": {"product": 21, "attribute": 2, "value_text": "", "value_integer": null, "value_float": null, "value_option": 7, "value_multi_option": []}}, {"model": "catalog.productattributevalue", "pk": 16, "fields": {"product": 24, "attribute": 3, "value_text": "", "value_integer": null, "value_float": null, "value_option": null, "value_multi_option": [8, 1]}}, {"model": "catalog.productattributevalue", "pk": 17, "fields": {"product": 25, "attribute": 3, "value_text": "", "value_integer": null, "value_float": null, "value_option": null, "value_multi_option": [1, 7]}}, {"model": "catalog.productattributevalue", "pk": 18, "fields": {"product": 26, "attribute": 3, "value_text": "", "value_integer": null, "value_float": null, "value_option": null, "value_multi_option": [2, 6]}}, {"model": "catalog.productrecommendation", "pk": 1, "fields": {"primary": 23, "recommendation": 9, "rank": 0}}, {"model": "catalog.productrecommendation", "pk": 3, "fields": {"primary": 23, "recommendation": 11, "rank": 2}}, {"model": "catalog.productrecommendation", "pk": 4, "fields": {"primary": 23, "recommendation": 4, "rank": 3}}, {"model": "catalog.productrecommendation", "pk": 5, "fields": {"primary": 23, "recommendation": 15, "rank": 4}}, {"model": "catalog.productrecommendation", "pk": 6, "fields": {"primary": 23, "recommendation": 13, "rank": 5}}, {"model": "catalog.productimage", "pk": 1, "fields": {"product": 1, "image": 6, "order": 0}}, {"model": "catalog.productimage", "pk": 2, "fields": {"product": 4, "image": 6, "order": 0}}, {"model": "catalog.productimage", "pk": 3, "fields": {"product": 9, "image": 7, "order": 0}}, {"model": "catalog.productimage", "pk": 4, "fields": {"product": 11, "image": 7, "order": 0}}, {"model": "catalog.productimage", "pk": 5, "fields": {"product": 13, "image": 8, "order": 0}}, {"model": "catalog.productimage", "pk": 6, "fields": {"product": 15, "image": 9, "order": 0}}, {"model": "catalog.productimage", "pk": 7, "fields": {"product": 13, "image": 8, "order": 0}}, {"model": "catalog.productimage", "pk": 8, "fields": {"product": 13, "image": 8, "order": 0}}, {"model": "catalog.productimage", "pk": 9, "fields": {"product": 13, "image": 8, "order": 0}}, {"model": "catalog.productimage", "pk": 10, "fields": {"product": 13, "image": 9, "order": 0}}, {"model": "catalog.productimage", "pk": 11, "fields": {"product": 13, "image": 6, "order": 0}}, {"model": "catalog.productimage", "pk": 12, "fields": {"product": 13, "image": 8, "order": 0}}, {"model": "catalog.productimage", "pk": 13, "fields": {"product": 17, "image": 6, "order": 0}}, {"model": "catalog.productimage", "pk": 14, "fields": {"product": 17, "image": 9, "order": 0}}, {"model": "catalog.productimage", "pk": 15, "fields": {"product": 22, "image": 7, "order": 0}}, {"model": "catalog.productimage", "pk": 16, "fields": {"product": 23, "image": 9, "order": 0}}, {"model": "catalog.productimage", "pk": 17, "fields": {"product": 27, "image": 9, "order": 0}}, {"model": "catalog.productproperty", "pk": 1, "fields": {"name": "جنس"}}, {"model": "catalog.productproperty", "pk": 2, "fields": {"name": "جنس زیره"}}, {"model": "catalog.productproperty", "pk": 3, "fields": {"name": "نحوه بسته شدن کفش"}}, {"model": "catalog.productpropertyvalue", "pk": 1, "fields": {"product": 15, "property": 1, "value": "پارچه"}}, {"model": "catalog.productpropertyvalue", "pk": 2, "fields": {"product": 15, "property": 2, "value": "تیتانیوم"}}, {"model": "catalog.productpropertyvalue", "pk": 3, "fields": {"product": 15, "property": 3, "value": "بند"}}, {"model": "catalog.productpropertyvalue", "pk": 4, "fields": {"product": 13, "property": 1, "value": "پارچه"}}, {"model": "catalog.productpropertyvalue", "pk": 5, "fields": {"product": 13, "property": 2, "value": "تیتانیوم"}}, {"model": "catalog.productpropertyvalue", "pk": 6, "fields": {"product": 13, "property": 3, "value": "بند"}}, {"model": "catalog.productpropertyvalue", "pk": 7, "fields": {"product": 22, "property": 1, "value": "آهن"}}, {"model": "catalog.productpropertyvalue", "pk": 8, "fields": {"product": 23, "property": 1, "value": "پیاز"}}, {"model": "catalog.productpropertyvalue", "pk": 9, "fields": {"product": 23, "property": 2, "value": "سیب زمینی"}}, {"model": "catalog.productvisits", "pk": 1, "fields": {"is_deleted": false, "deleted_at": null, "created_at": "2024-03-14T08:30:13.514Z", "modified_at": "2024-03-14T08:30:13.514Z", "product": 1, "user": 1, "ip_address": "172.19.0.1"}}, {"model": "catalog.productvisits", "pk": 2, "fields": {"is_deleted": false, "deleted_at": null, "created_at": "2024-03-14T08:36:28.579Z", "modified_at": "2024-03-14T08:36:28.579Z", "product": 1, "user": null, "ip_address": "127.0.0.1"}}, {"model": "catalog.productvisits", "pk": 3, "fields": {"is_deleted": false, "deleted_at": null, "created_at": "2024-03-14T09:59:02.000Z", "modified_at": "2024-03-14T09:59:02.000Z", "product": 4, "user": null, "ip_address": "127.0.0.1"}}, {"model": "catalog.productvisits", "pk": 4, "fields": {"is_deleted": false, "deleted_at": null, "created_at": "2024-03-14T10:15:05.759Z", "modified_at": "2024-03-14T10:15:05.759Z", "product": 1, "user": 6, "ip_address": "127.0.0.1"}}, {"model": "catalog.productvisits", "pk": 5, "fields": {"is_deleted": false, "deleted_at": null, "created_at": "2024-03-14T10:21:11.410Z", "modified_at": "2024-03-14T10:21:11.410Z", "product": 4, "user": 1, "ip_address": "172.19.0.1"}}, {"model": "catalog.productvisits", "pk": 6, "fields": {"is_deleted": false, "deleted_at": null, "created_at": "2024-03-14T12:44:08.989Z", "modified_at": "2024-03-14T12:44:08.989Z", "product": 27, "user": null, "ip_address": "127.0.0.1"}}, {"model": "catalog.productvisits", "pk": 7, "fields": {"is_deleted": false, "deleted_at": null, "created_at": "2024-03-14T12:44:13.046Z", "modified_at": "2024-03-14T12:44:13.046Z", "product": 4, "user": null, "ip_address": "127.0.0.1"}}, {"model": "catalog.productvisits", "pk": 8, "fields": {"is_deleted": false, "deleted_at": null, "created_at": "2024-03-14T12:44:17.575Z", "modified_at": "2024-03-14T12:44:17.575Z", "product": 11, "user": null, "ip_address": "127.0.0.1"}}, {"model": "catalog.productvisits", "pk": 9, "fields": {"is_deleted": false, "deleted_at": null, "created_at": "2024-03-14T12:44:22.757Z", "modified_at": "2024-03-14T12:44:22.757Z", "product": 13, "user": null, "ip_address": "127.0.0.1"}}, {"model": "catalog.productvisits", "pk": 10, "fields": {"is_deleted": false, "deleted_at": null, "created_at": "2024-03-14T12:45:31.264Z", "modified_at": "2024-03-14T12:45:31.265Z", "product": 1, "user": 1, "ip_address": "127.0.0.1"}}, {"model": "catalog.productvisits", "pk": 11, "fields": {"is_deleted": false, "deleted_at": null, "created_at": "2024-03-14T12:48:07.538Z", "modified_at": "2024-03-14T12:48:07.538Z", "product": 4, "user": 1, "ip_address": "172.19.0.1"}}, {"model": "catalog.productvisits", "pk": 12, "fields": {"is_deleted": false, "deleted_at": null, "created_at": "2024-03-14T12:48:16.698Z", "modified_at": "2024-03-14T12:48:16.698Z", "product": 13, "user": 1, "ip_address": "172.19.0.1"}}, {"model": "catalog.productvisits", "pk": 13, "fields": {"is_deleted": false, "deleted_at": null, "created_at": "2024-03-14T12:53:08.093Z", "modified_at": "2024-03-14T12:53:08.093Z", "product": 22, "user": 1, "ip_address": "172.19.0.1"}}, {"model": "catalog.productvisits", "pk": 14, "fields": {"is_deleted": false, "deleted_at": null, "created_at": "2024-03-14T12:53:24.028Z", "modified_at": "2024-03-14T12:53:24.028Z", "product": 11, "user": 1, "ip_address": "172.19.0.1"}}, {"model": "catalog.productvisits", "pk": 15, "fields": {"is_deleted": false, "deleted_at": null, "created_at": "2024-03-14T12:57:33.519Z", "modified_at": "2024-03-14T12:57:33.519Z", "product": 15, "user": 1, "ip_address": "172.19.0.1"}}, {"model": "catalog.productvisits", "pk": 16, "fields": {"is_deleted": false, "deleted_at": null, "created_at": "2024-03-14T13:21:47.344Z", "modified_at": "2024-03-14T13:21:47.344Z", "product": 23, "user": 1, "ip_address": "172.19.0.1"}}, {"model": "catalog.productvisits", "pk": 17, "fields": {"is_deleted": false, "deleted_at": null, "created_at": "2024-03-15T18:25:38.578Z", "modified_at": "2024-03-15T18:25:38.578Z", "product": 9, "user": null, "ip_address": "127.0.0.1"}}, {"model": "catalog.productvisits", "pk": 18, "fields": {"is_deleted": false, "deleted_at": null, "created_at": "2024-03-16T09:44:15.859Z", "modified_at": "2024-03-16T09:44:15.859Z", "product": 9, "user": null, "ip_address": "127.0.0.1"}}, {"model": "catalog.productvisits", "pk": 19, "fields": {"is_deleted": false, "deleted_at": null, "created_at": "2024-03-16T13:27:23.025Z", "modified_at": "2024-03-16T13:27:23.025Z", "product": 1, "user": 7, "ip_address": "127.0.0.1"}}, {"model": "catalog.productvisits", "pk": 20, "fields": {"is_deleted": false, "deleted_at": null, "created_at": "2024-03-16T13:27:26.448Z", "modified_at": "2024-03-16T13:27:26.448Z", "product": 4, "user": 7, "ip_address": "127.0.0.1"}}, {"model": "catalog.productvisits", "pk": 21, "fields": {"is_deleted": false, "deleted_at": null, "created_at": "2024-03-16T13:27:30.449Z", "modified_at": "2024-03-16T13:27:30.449Z", "product": 15, "user": 7, "ip_address": "127.0.0.1"}}, {"model": "catalog.productvisits", "pk": 22, "fields": {"is_deleted": false, "deleted_at": null, "created_at": "2024-03-16T13:28:10.659Z", "modified_at": "2024-03-16T13:28:10.659Z", "product": 11, "user": 7, "ip_address": "127.0.0.1"}}, {"model": "catalog.productvisits", "pk": 23, "fields": {"is_deleted": false, "deleted_at": null, "created_at": "2024-03-16T13:28:58.198Z", "modified_at": "2024-03-16T13:28:58.199Z", "product": 13, "user": 7, "ip_address": "127.0.0.1"}}, {"model": "catalog.productvisits", "pk": 24, "fields": {"is_deleted": false, "deleted_at": null, "created_at": "2024-03-16T13:29:07.482Z", "modified_at": "2024-03-16T13:29:07.482Z", "product": 23, "user": 7, "ip_address": "127.0.0.1"}}, {"model": "catalog.productvisits", "pk": 25, "fields": {"is_deleted": false, "deleted_at": null, "created_at": "2024-03-16T15:49:55.272Z", "modified_at": "2024-03-16T15:49:55.272Z", "product": 1, "user": null, "ip_address": "172.24.0.1"}}, {"model": "catalog.productvisits", "pk": 26, "fields": {"is_deleted": false, "deleted_at": null, "created_at": "2024-03-16T15:51:20.281Z", "modified_at": "2024-03-16T15:51:20.281Z", "product": 4, "user": null, "ip_address": "172.24.0.1"}}, {"model": "catalog.productvisits", "pk": 27, "fields": {"is_deleted": false, "deleted_at": null, "created_at": "2024-03-16T17:25:30.351Z", "modified_at": "2024-03-16T17:25:30.351Z", "product": 9, "user": 1, "ip_address": "127.0.0.1"}}, {"model": "catalog.productvisits", "pk": 28, "fields": {"is_deleted": false, "deleted_at": null, "created_at": "2024-03-16T21:18:16.341Z", "modified_at": "2024-03-16T21:18:16.341Z", "product": 15, "user": null, "ip_address": "127.0.0.1"}}, {"model": "catalog.productvisits", "pk": 29, "fields": {"is_deleted": false, "deleted_at": null, "created_at": "2024-03-17T09:03:30.175Z", "modified_at": "2024-03-17T09:03:30.175Z", "product": 1, "user": null, "ip_address": "127.0.0.1"}}, {"model": "catalog.productvisits", "pk": 30, "fields": {"is_deleted": false, "deleted_at": null, "created_at": "2024-03-17T12:43:42.300Z", "modified_at": "2024-03-17T12:43:42.300Z", "product": 4, "user": 1, "ip_address": "192.168.32.1"}}, {"model": "catalog.productvisits", "pk": 31, "fields": {"is_deleted": false, "deleted_at": null, "created_at": "2024-03-17T17:25:03.200Z", "modified_at": "2024-03-17T17:25:03.200Z", "product": 23, "user": 1, "ip_address": "127.0.0.1"}}, {"model": "catalog.productvisits", "pk": 32, "fields": {"is_deleted": false, "deleted_at": null, "created_at": "2024-03-17T17:25:10.336Z", "modified_at": "2024-03-17T17:25:10.336Z", "product": 15, "user": 1, "ip_address": "127.0.0.1"}}, {"model": "catalog.productvisits", "pk": 33, "fields": {"is_deleted": false, "deleted_at": null, "created_at": "2024-03-17T17:32:04.716Z", "modified_at": "2024-03-17T17:32:04.716Z", "product": 1, "user": null, "ip_address": "127.0.0.1"}}, {"model": "catalog.productvisits", "pk": 34, "fields": {"is_deleted": false, "deleted_at": null, "created_at": "2024-03-17T17:32:07.944Z", "modified_at": "2024-03-17T17:32:07.944Z", "product": 4, "user": null, "ip_address": "127.0.0.1"}}, {"model": "catalog.productvisits", "pk": 35, "fields": {"is_deleted": false, "deleted_at": null, "created_at": "2024-03-17T18:10:15.671Z", "modified_at": "2024-03-17T18:10:15.671Z", "product": 13, "user": null, "ip_address": "127.0.0.1"}}, {"model": "catalog.productvisits", "pk": 36, "fields": {"is_deleted": false, "deleted_at": null, "created_at": "2024-03-18T10:20:01.846Z", "modified_at": "2024-03-18T10:20:01.846Z", "product": 23, "user": null, "ip_address": "127.0.0.1"}}, {"model": "catalog.productvisits", "pk": 37, "fields": {"is_deleted": false, "deleted_at": null, "created_at": "2024-03-18T17:38:37.911Z", "modified_at": "2024-03-18T17:38:37.911Z", "product": 23, "user": null, "ip_address": "127.0.0.1"}}, {"model": "catalog.productvisits", "pk": 38, "fields": {"is_deleted": false, "deleted_at": null, "created_at": "2024-03-18T17:39:28.345Z", "modified_at": "2024-03-18T17:39:28.345Z", "product": 13, "user": null, "ip_address": "127.0.0.1"}}, {"model": "catalog.productvisits", "pk": 39, "fields": {"is_deleted": false, "deleted_at": null, "created_at": "2024-03-18T17:40:27.660Z", "modified_at": "2024-03-18T17:40:27.660Z", "product": 22, "user": null, "ip_address": "127.0.0.1"}}, {"model": "catalog.productvisits", "pk": 40, "fields": {"is_deleted": false, "deleted_at": null, "created_at": "2024-03-18T17:40:29.841Z", "modified_at": "2024-03-18T17:40:29.841Z", "product": 27, "user": null, "ip_address": "127.0.0.1"}}, {"model": "catalog.productvisits", "pk": 41, "fields": {"is_deleted": false, "deleted_at": null, "created_at": "2024-03-18T17:40:33.424Z", "modified_at": "2024-03-18T17:40:33.424Z", "product": 11, "user": null, "ip_address": "127.0.0.1"}}, {"model": "catalog.productvisits", "pk": 42, "fields": {"is_deleted": false, "deleted_at": null, "created_at": "2024-03-18T17:41:56.463Z", "modified_at": "2024-03-18T17:41:56.463Z", "product": 4, "user": null, "ip_address": "127.0.0.1"}}, {"model": "catalog.productvisits", "pk": 43, "fields": {"is_deleted": false, "deleted_at": null, "created_at": "2024-03-18T18:08:09.715Z", "modified_at": "2024-03-18T18:08:09.715Z", "product": 1, "user": 1, "ip_address": "192.168.32.1"}}, {"model": "catalog.productvisits", "pk": 44, "fields": {"is_deleted": false, "deleted_at": null, "created_at": "2024-03-19T11:44:06.178Z", "modified_at": "2024-03-19T11:44:06.178Z", "product": 9, "user": null, "ip_address": "127.0.0.1"}}, {"model": "catalog.productvisits", "pk": 45, "fields": {"is_deleted": false, "deleted_at": null, "created_at": "2024-03-19T18:23:21.864Z", "modified_at": "2024-03-19T18:23:21.864Z", "product": 27, "user": null, "ip_address": "127.0.0.1"}}, {"model": "catalog.productvisits", "pk": 46, "fields": {"is_deleted": false, "deleted_at": null, "created_at": "2024-03-19T19:08:06.086Z", "modified_at": "2024-03-19T19:08:06.086Z", "product": 13, "user": null, "ip_address": "127.0.0.1"}}, {"model": "catalog.productvisits", "pk": 47, "fields": {"is_deleted": false, "deleted_at": null, "created_at": "2024-03-20T06:03:04.013Z", "modified_at": "2024-03-20T06:03:04.013Z", "product": 4, "user": null, "ip_address": "127.0.0.1"}}, {"model": "catalog.productvisits", "pk": 48, "fields": {"is_deleted": false, "deleted_at": null, "created_at": "2024-03-20T07:25:33.388Z", "modified_at": "2024-03-20T07:25:33.388Z", "product": 1, "user": null, "ip_address": "127.0.0.1"}}, {"model": "catalog.productvisits", "pk": 49, "fields": {"is_deleted": false, "deleted_at": null, "created_at": "2024-03-20T07:26:05.490Z", "modified_at": "2024-03-20T07:26:05.490Z", "product": 27, "user": null, "ip_address": "127.0.0.1"}}, {"model": "catalog.productvisits", "pk": 50, "fields": {"is_deleted": false, "deleted_at": null, "created_at": "2024-03-21T11:55:14.795Z", "modified_at": "2024-03-21T11:55:14.795Z", "product": 23, "user": null, "ip_address": "127.0.0.1"}}, {"model": "catalog.productvisits", "pk": 51, "fields": {"is_deleted": false, "deleted_at": null, "created_at": "2024-03-22T13:38:53.357Z", "modified_at": "2024-03-22T13:38:53.357Z", "product": 4, "user": null, "ip_address": "127.0.0.1"}}, {"model": "catalog.productvisits", "pk": 52, "fields": {"is_deleted": false, "deleted_at": null, "created_at": "2024-03-22T17:29:42.859Z", "modified_at": "2024-03-22T17:29:42.859Z", "product": 1, "user": 1, "ip_address": "172.19.0.1"}}, {"model": "catalog.productvisits", "pk": 53, "fields": {"is_deleted": false, "deleted_at": null, "created_at": "2024-03-22T17:30:50.133Z", "modified_at": "2024-03-22T17:30:50.133Z", "product": 4, "user": 1, "ip_address": "172.19.0.1"}}, {"model": "catalog.productvisits", "pk": 54, "fields": {"is_deleted": false, "deleted_at": null, "created_at": "2024-03-22T17:30:54.870Z", "modified_at": "2024-03-22T17:30:54.870Z", "product": 15, "user": 1, "ip_address": "172.19.0.1"}}, {"model": "catalog.productvisits", "pk": 55, "fields": {"is_deleted": false, "deleted_at": null, "created_at": "2024-03-22T17:31:07.425Z", "modified_at": "2024-03-22T17:31:07.425Z", "product": 11, "user": 1, "ip_address": "172.19.0.1"}}, {"model": "catalog.productvisits", "pk": 56, "fields": {"is_deleted": false, "deleted_at": null, "created_at": "2024-03-22T17:37:56.575Z", "modified_at": "2024-03-22T17:37:56.575Z", "product": 23, "user": null, "ip_address": "172.19.0.1"}}, {"model": "catalog.productvisits", "pk": 57, "fields": {"is_deleted": false, "deleted_at": null, "created_at": "2024-03-22T18:36:51.353Z", "modified_at": "2024-03-22T18:36:51.353Z", "product": 23, "user": 1, "ip_address": "127.0.0.1"}}, {"model": "catalog.productvisits", "pk": 58, "fields": {"is_deleted": false, "deleted_at": null, "created_at": "2024-03-22T20:45:58.770Z", "modified_at": "2024-03-22T20:45:58.770Z", "product": 1, "user": null, "ip_address": "172.19.0.1"}}, {"model": "catalog.productvisits", "pk": 59, "fields": {"is_deleted": false, "deleted_at": null, "created_at": "2024-03-23T08:47:18.487Z", "modified_at": "2024-03-23T08:47:18.487Z", "product": 1, "user": null, "ip_address": "127.0.0.1"}}, {"model": "catalog.productvisits", "pk": 60, "fields": {"is_deleted": false, "deleted_at": null, "created_at": "2024-03-23T17:04:30.647Z", "modified_at": "2024-03-23T17:04:30.647Z", "product": 27, "user": null, "ip_address": "127.0.0.1"}}, {"model": "catalog.productvisits", "pk": 61, "fields": {"is_deleted": false, "deleted_at": null, "created_at": "2024-03-24T14:51:05.427Z", "modified_at": "2024-03-24T14:51:05.427Z", "product": 1, "user": null, "ip_address": "172.19.0.1"}}, {"model": "catalog.productvisits", "pk": 62, "fields": {"is_deleted": false, "deleted_at": null, "created_at": "2024-03-24T14:56:49.705Z", "modified_at": "2024-03-24T14:56:49.705Z", "product": 15, "user": null, "ip_address": "172.19.0.1"}}, {"model": "catalog.productvisits", "pk": 63, "fields": {"is_deleted": false, "deleted_at": null, "created_at": "2024-03-24T14:59:49.071Z", "modified_at": "2024-03-24T14:59:49.071Z", "product": 4, "user": null, "ip_address": "172.19.0.1"}}, {"model": "catalog.productvisits", "pk": 64, "fields": {"is_deleted": false, "deleted_at": null, "created_at": "2024-03-24T14:59:54.660Z", "modified_at": "2024-03-24T14:59:54.660Z", "product": 23, "user": null, "ip_address": "172.19.0.1"}}, {"model": "catalog.productvisits", "pk": 65, "fields": {"is_deleted": false, "deleted_at": null, "created_at": "2024-03-24T15:09:57.434Z", "modified_at": "2024-03-24T15:09:57.434Z", "product": 11, "user": null, "ip_address": "172.19.0.1"}}, {"model": "catalog.productvisits", "pk": 66, "fields": {"is_deleted": false, "deleted_at": null, "created_at": "2024-03-24T15:31:07.340Z", "modified_at": "2024-03-24T15:31:07.340Z", "product": 13, "user": null, "ip_address": "127.0.0.1"}}, {"model": "catalog.productvisits", "pk": 67, "fields": {"is_deleted": false, "deleted_at": null, "created_at": "2024-03-24T20:47:30.707Z", "modified_at": "2024-03-24T20:47:30.707Z", "product": 1, "user": null, "ip_address": "127.0.0.1"}}, {"model": "catalog.productvisits", "pk": 68, "fields": {"is_deleted": false, "deleted_at": null, "created_at": "2024-03-24T20:47:38.154Z", "modified_at": "2024-03-24T20:47:38.154Z", "product": 11, "user": null, "ip_address": "127.0.0.1"}}, {"model": "catalog.productvisits", "pk": 69, "fields": {"is_deleted": false, "deleted_at": null, "created_at": "2024-03-24T20:47:44.690Z", "modified_at": "2024-03-24T20:47:44.690Z", "product": 13, "user": null, "ip_address": "127.0.0.1"}}, {"model": "catalog.productvisits", "pk": 70, "fields": {"is_deleted": false, "deleted_at": null, "created_at": "2024-03-25T13:10:47.781Z", "modified_at": "2024-03-25T13:10:47.781Z", "product": 4, "user": 1, "ip_address": "127.0.0.1"}}, {"model": "catalog.productvisits", "pk": 71, "fields": {"is_deleted": false, "deleted_at": null, "created_at": "2024-03-26T06:57:27.664Z", "modified_at": "2024-03-26T06:57:27.664Z", "product": 4, "user": null, "ip_address": "127.0.0.1"}}, {"model": "catalog.productvisits", "pk": 72, "fields": {"is_deleted": false, "deleted_at": null, "created_at": "2024-03-26T07:04:54.811Z", "modified_at": "2024-03-26T07:04:54.812Z", "product": 1, "user": null, "ip_address": "127.0.0.1"}}, {"model": "catalog.productvisits", "pk": 73, "fields": {"is_deleted": false, "deleted_at": null, "created_at": "2024-03-26T08:44:44.798Z", "modified_at": "2024-03-26T08:44:44.798Z", "product": 1, "user": 1, "ip_address": "127.0.0.1"}}, {"model": "catalog.productvisits", "pk": 74, "fields": {"is_deleted": false, "deleted_at": null, "created_at": "2024-03-26T08:44:50.378Z", "modified_at": "2024-03-26T08:44:50.378Z", "product": 23, "user": 1, "ip_address": "127.0.0.1"}}, {"model": "catalog.productvisits", "pk": 75, "fields": {"is_deleted": false, "deleted_at": null, "created_at": "2024-03-26T20:48:25.439Z", "modified_at": "2024-03-26T20:48:25.439Z", "product": 11, "user": null, "ip_address": "127.0.0.1"}}, {"model": "catalog.productvisits", "pk": 76, "fields": {"is_deleted": false, "deleted_at": null, "created_at": "2024-03-27T10:10:58.310Z", "modified_at": "2024-03-27T10:10:58.310Z", "product": 23, "user": 1, "ip_address": "127.0.0.1"}}, {"model": "catalog.productvisits", "pk": 77, "fields": {"is_deleted": false, "deleted_at": null, "created_at": "2024-03-27T10:13:23.547Z", "modified_at": "2024-03-27T10:13:23.547Z", "product": 1, "user": 1, "ip_address": "127.0.0.1"}}, {"model": "catalog.productvisits", "pk": 78, "fields": {"is_deleted": false, "deleted_at": null, "created_at": "2024-03-27T14:18:27.059Z", "modified_at": "2024-03-27T14:18:27.059Z", "product": 4, "user": null, "ip_address": "127.0.0.1"}}, {"model": "catalog.productvisits", "pk": 79, "fields": {"is_deleted": false, "deleted_at": null, "created_at": "2024-03-27T14:18:37.026Z", "modified_at": "2024-03-27T14:18:37.026Z", "product": 9, "user": null, "ip_address": "127.0.0.1"}}, {"model": "catalog.productvisits", "pk": 80, "fields": {"is_deleted": false, "deleted_at": null, "created_at": "2024-03-27T14:43:31.887Z", "modified_at": "2024-03-27T14:43:31.887Z", "product": 4, "user": 8, "ip_address": "127.0.0.1"}}, {"model": "catalog.productvisits", "pk": 81, "fields": {"is_deleted": false, "deleted_at": null, "created_at": "2024-03-27T15:10:44.758Z", "modified_at": "2024-03-27T15:10:44.758Z", "product": 1, "user": 8, "ip_address": "127.0.0.1"}}, {"model": "catalog.productvisits", "pk": 82, "fields": {"is_deleted": false, "deleted_at": null, "created_at": "2024-03-28T06:11:43.702Z", "modified_at": "2024-03-28T06:11:43.702Z", "product": 1, "user": null, "ip_address": "127.0.0.1"}}, {"model": "catalog.productvisits", "pk": 83, "fields": {"is_deleted": false, "deleted_at": null, "created_at": "2024-03-28T06:13:36.318Z", "modified_at": "2024-03-28T06:13:36.318Z", "product": 4, "user": null, "ip_address": "127.0.0.1"}}, {"model": "catalog.productvisits", "pk": 84, "fields": {"is_deleted": false, "deleted_at": null, "created_at": "2024-03-28T12:56:44.769Z", "modified_at": "2024-03-28T12:56:44.769Z", "product": 13, "user": 1, "ip_address": "127.0.0.1"}}, {"model": "catalog.productvisits", "pk": 85, "fields": {"is_deleted": false, "deleted_at": null, "created_at": "2024-03-28T14:14:10.284Z", "modified_at": "2024-03-28T14:14:10.284Z", "product": 4, "user": null, "ip_address": "127.0.0.1"}}, {"model": "catalog.productvisits", "pk": 86, "fields": {"is_deleted": false, "deleted_at": null, "created_at": "2024-03-28T16:05:26.367Z", "modified_at": "2024-03-28T16:05:26.367Z", "product": 22, "user": null, "ip_address": "127.0.0.1"}}, {"model": "address.useraddresses", "pk": 3, "fields": {"is_deleted": false, "deleted_at": null, "created_at": "2024-03-07T20:08:11.175Z", "modified_at": "2024-03-07T20:08:11.175Z", "user": 3, "receiver_name": "wfawfa", "receiver_family": "wfawfawfafw", "receiver_phone": "09981879975", "receiver_national_code": "1660617332", "receiver_province": "آذربایجان شرقی", "receiver_city": "آبش احمد", "receiver_address": "wafwfawfawfawfawfa", "receiver_postal_code": "1111111111", "receiver_building_number": "2", "receiver_unit": "2"}}, {"model": "address.useraddresses", "pk": 4, "fields": {"is_deleted": false, "deleted_at": null, "created_at": "2024-03-09T07:21:38.965Z", "modified_at": "2024-03-09T07:21:38.965Z", "user": 5, "receiver_name": "زقحزویحو", "receiver_family": "مو۴لوقمرحو", "receiver_phone": "09332214332", "receiver_national_code": "0312670850", "receiver_province": "البرز", "receiver_city": "فردیس", "receiver_address": "Gggyngbtvgfddd", "receiver_postal_code": "0987654321", "receiver_building_number": "113", "receiver_unit": "555"}}, {"model": "address.useraddresses", "pk": 6, "fields": {"is_deleted": false, "deleted_at": null, "created_at": "2024-03-14T10:14:06.288Z", "modified_at": "2024-03-14T10:14:06.288Z", "user": 6, "receiver_name": "wfawfa", "receiver_family": "wfawfafwa", "receiver_phone": "09981879977", "receiver_national_code": "1660617332", "receiver_province": "آذربایجان شرقی", "receiver_city": "آبش احمد", "receiver_address": "wfawfawfawfawfa", "receiver_postal_code": "1111111111", "receiver_building_number": "22", "receiver_unit": "2"}}, {"model": "address.useraddresses", "pk": 7, "fields": {"is_deleted": false, "deleted_at": null, "created_at": "2024-03-16T13:32:34.345Z", "modified_at": "2024-03-16T13:32:34.345Z", "user": 7, "receiver_name": "مهسام", "receiver_family": "رجبیم", "receiver_phone": "09981879975", "receiver_national_code": "1660617332", "receiver_province": "البرز", "receiver_city": "فردیس", "receiver_address": "tehran malard", "receiver_postal_code": "1234567899", "receiver_building_number": "22", "receiver_unit": "2"}}, {"model": "address.useraddresses", "pk": 8, "fields": {"is_deleted": false, "deleted_at": null, "created_at": "2024-03-19T11:46:34.213Z", "modified_at": "2024-03-19T11:46:34.213Z", "user": 1, "receiver_name": "wawa", "receiver_family": "wawawa", "receiver_phone": "09981879999", "receiver_national_code": "1660617332", "receiver_province": "آذربایجان شرقی", "receiver_city": "آبش احمد", "receiver_address": "wafwfafwafwa", "receiver_postal_code": "2121212222", "receiver_building_number": "2", "receiver_unit": "2"}}, {"model": "account.user", "pk": 1, "fields": {"password": "pbkdf2_sha256$720000$npwx5iEIOQ3FsniCET0IeE$PYc1UYNrTUsSSNN6z63s41o45z4Y+GX4zgV2bV8a84o=", "last_login": "2024-03-26T08:50:11.443Z", "is_superuser": true, "is_staff": true, "is_active": true, "date_joined": "2024-03-06T22:50:13.041Z", "is_deleted": false, "deleted_at": null, "created_at": "2024-03-06T22:50:13.586Z", "modified_at": "2024-03-19T21:59:05.216Z", "username": "09981879975", "email": "taymazak1382@gmail.com", "phone": "09981879975", "national_code": "1660617332", "first_name": "تایماز", "last_name": "اکبری", "is_verify": false, "before_delete_username": null, "before_delete_email": null, "before_delete_phone": null, "groups": [], "user_permissions": []}}, {"model": "account.user", "pk": 2, "fields": {"password": "!GpQ2wlcIULX6YyaIUeXdpoEsOMSUE1nnByl83eMq", "last_login": null, "is_superuser": false, "is_staff": false, "is_active": true, "date_joined": "2024-03-07T19:15:09.390Z", "is_deleted": false, "deleted_at": null, "created_at": "2024-03-07T19:15:09.392Z", "modified_at": "2024-03-07T19:15:09.392Z", "username": "09357679093", "email": null, "phone": "09357679093", "national_code": null, "first_name": "", "last_name": "", "is_verify": false, "before_delete_username": null, "before_delete_email": null, "before_delete_phone": null, "groups": [], "user_permissions": []}}, {"model": "account.user", "pk": 3, "fields": {"password": "!6BvomfPt7iswebLfC8YcGPG5sOhGovddbuZz9k2T", "last_login": null, "is_superuser": false, "is_staff": false, "is_active": true, "date_joined": "2024-03-07T20:06:07.599Z", "is_deleted": false, "deleted_at": null, "created_at": "2024-03-07T20:06:07.601Z", "modified_at": "2024-03-07T20:11:44.221Z", "username": "09354855268", "email": null, "phone": "09354855268", "national_code": null, "first_name": "الیناااااااا", "last_name": "یایایایایایا", "is_verify": false, "before_delete_username": null, "before_delete_email": null, "before_delete_phone": null, "groups": [], "user_permissions": []}}, {"model": "account.user", "pk": 4, "fields": {"password": "!EnyeGzZIbWdhwkB5stAb6LERyLL0Ttw50exZu1zU", "last_login": null, "is_superuser": false, "is_staff": false, "is_active": true, "date_joined": "2024-03-08T19:09:43.292Z", "is_deleted": false, "deleted_at": null, "created_at": "2024-03-08T19:09:43.295Z", "modified_at": "2024-03-08T19:09:43.295Z", "username": "09308870102", "email": null, "phone": "09308870102", "national_code": null, "first_name": "", "last_name": "", "is_verify": false, "before_delete_username": null, "before_delete_email": null, "before_delete_phone": null, "groups": [], "user_permissions": []}}, {"model": "account.user", "pk": 5, "fields": {"password": "!1YouJuozted4EIj0R6xTa5CoFbbbWZO22JBZ4def", "last_login": null, "is_superuser": false, "is_staff": false, "is_active": true, "date_joined": "2024-03-09T07:16:36.469Z", "is_deleted": false, "deleted_at": null, "created_at": "2024-03-09T07:16:36.472Z", "modified_at": "2024-03-09T07:16:36.472Z", "username": "09332214332", "email": null, "phone": "09332214332", "national_code": null, "first_name": "", "last_name": "", "is_verify": false, "before_delete_username": null, "before_delete_email": null, "before_delete_phone": null, "groups": [], "user_permissions": []}}, {"model": "account.user", "pk": 6, "fields": {"password": "!yh0VfFMdWhqyU8mp60cr0F5HSPYgEXhK7uKFRAIw", "last_login": null, "is_superuser": false, "is_staff": false, "is_active": true, "date_joined": "2024-03-14T10:13:15.853Z", "is_deleted": false, "deleted_at": null, "created_at": "2024-03-14T10:13:15.855Z", "modified_at": "2024-03-14T10:13:15.855Z", "username": "09387813743", "email": null, "phone": "09387813743", "national_code": null, "first_name": "", "last_name": "", "is_verify": false, "before_delete_username": null, "before_delete_email": null, "before_delete_phone": null, "groups": [], "user_permissions": []}}, {"model": "account.user", "pk": 7, "fields": {"password": "!ArMzR7qIastBhYPxNR57xaj3rm1yVMlOjluXnw7H", "last_login": null, "is_superuser": false, "is_staff": false, "is_active": true, "date_joined": "2024-03-16T13:27:13.745Z", "is_deleted": false, "deleted_at": null, "created_at": "2024-03-16T13:27:13.748Z", "modified_at": "2024-03-16T13:27:13.748Z", "username": "09961362681", "email": null, "phone": "09961362681", "national_code": null, "first_name": "", "last_name": "", "is_verify": false, "before_delete_username": null, "before_delete_email": null, "before_delete_phone": null, "groups": [], "user_permissions": []}}, {"model": "account.user", "pk": 8, "fields": {"password": "!PxRD2vXNDvisIzR1w2dNKJyroZly4uqpwZ56huI5", "last_login": null, "is_superuser": false, "is_staff": false, "is_active": true, "date_joined": "2024-03-27T14:22:31.854Z", "is_deleted": false, "deleted_at": null, "created_at": "2024-03-27T14:22:31.855Z", "modified_at": "2024-03-27T14:22:31.855Z", "username": "09357892060", "email": null, "phone": "09357892060", "national_code": null, "first_name": "", "last_name": "", "is_verify": false, "before_delete_username": null, "before_delete_email": null, "before_delete_phone": null, "groups": [], "user_permissions": []}}, {"model": "account.userpreviousdetailhistory", "pk": 1, "fields": {"is_deleted": false, "deleted_at": null, "created_at": "2024-03-19T21:59:03.881Z", "modified_at": "2024-03-19T21:59:03.881Z", "user": 1, "field": "نام کاربری", "old_value": "09981879975", "new_value": "09981879975"}}, {"model": "account.userpreviousdetailhistory", "pk": 2, "fields": {"is_deleted": false, "deleted_at": null, "created_at": "2024-03-19T21:59:04.656Z", "modified_at": "2024-03-19T21:59:04.656Z", "user": 1, "field": "ایمیل", "old_value": null, "new_value": "taymazak1382@gmail.com"}}, {"model": "account.userfavoriteproduct", "pk": 2, "fields": {"is_deleted": false, "deleted_at": null, "created_at": "2024-03-07T20:30:42.985Z", "modified_at": "2024-03-07T20:30:42.985Z", "user": 3, "product": 1}}, {"model": "account.userfavoriteproduct", "pk": 3, "fields": {"is_deleted": false, "deleted_at": null, "created_at": "2024-03-08T12:30:27.553Z", "modified_at": "2024-03-08T12:30:27.553Z", "user": 1, "product": 1}}, {"model": "account.userfavoriteproduct", "pk": 5, "fields": {"is_deleted": false, "deleted_at": null, "created_at": "2024-03-08T19:13:42.140Z", "modified_at": "2024-03-08T19:13:42.140Z", "user": 4, "product": 4}}, {"model": "account.userrecentvisitedproduct", "pk": 6, "fields": {"is_deleted": false, "deleted_at": null, "created_at": "2024-03-07T20:06:10.781Z", "modified_at": "2024-03-07T20:06:10.781Z", "user": 3, "product": 23}}, {"model": "account.userrecentvisitedproduct", "pk": 7, "fields": {"is_deleted": false, "deleted_at": null, "created_at": "2024-03-07T20:06:28.728Z", "modified_at": "2024-03-07T20:06:28.728Z", "user": 3, "product": 4}}, {"model": "account.userrecentvisitedproduct", "pk": 8, "fields": {"is_deleted": false, "deleted_at": null, "created_at": "2024-03-07T20:30:28.472Z", "modified_at": "2024-03-07T20:30:28.472Z", "user": 3, "product": 1}}, {"model": "account.userrecentvisitedproduct", "pk": 9, "fields": {"is_deleted": false, "deleted_at": null, "created_at": "2024-03-07T21:19:45.890Z", "modified_at": "2024-03-07T21:19:45.890Z", "user": 2, "product": 1}}, {"model": "account.userrecentvisitedproduct", "pk": 11, "fields": {"is_deleted": false, "deleted_at": null, "created_at": "2024-03-08T19:13:15.060Z", "modified_at": "2024-03-08T19:13:15.060Z", "user": 4, "product": 1}}, {"model": "account.userrecentvisitedproduct", "pk": 12, "fields": {"is_deleted": false, "deleted_at": null, "created_at": "2024-03-08T19:13:40.843Z", "modified_at": "2024-03-08T19:13:40.843Z", "user": 4, "product": 4}}, {"model": "account.userrecentvisitedproduct", "pk": 14, "fields": {"is_deleted": false, "deleted_at": null, "created_at": "2024-03-09T07:16:37.153Z", "modified_at": "2024-03-09T07:16:37.153Z", "user": 5, "product": 23}}, {"model": "account.userrecentvisitedproduct", "pk": 15, "fields": {"is_deleted": false, "deleted_at": null, "created_at": "2024-03-09T07:16:37.177Z", "modified_at": "2024-03-09T07:16:37.177Z", "user": 5, "product": 22}}, {"model": "account.userrecentvisitedproduct", "pk": 16, "fields": {"is_deleted": false, "deleted_at": null, "created_at": "2024-03-09T07:16:37.202Z", "modified_at": "2024-03-09T07:16:37.202Z", "user": 5, "product": 11}}, {"model": "account.userrecentvisitedproduct", "pk": 17, "fields": {"is_deleted": false, "deleted_at": null, "created_at": "2024-03-09T07:16:37.250Z", "modified_at": "2024-03-09T07:16:37.250Z", "user": 5, "product": 27}}, {"model": "account.userrecentvisitedproduct", "pk": 18, "fields": {"is_deleted": false, "deleted_at": null, "created_at": "2024-03-09T07:29:32.824Z", "modified_at": "2024-03-09T07:29:32.824Z", "user": 5, "product": 4}}, {"model": "account.userrecentvisitedproduct", "pk": 19, "fields": {"is_deleted": false, "deleted_at": null, "created_at": "2024-03-09T07:33:45.500Z", "modified_at": "2024-03-09T07:33:45.501Z", "user": 5, "product": 1}}, {"model": "account.userrecentvisitedproduct", "pk": 21, "fields": {"is_deleted": false, "deleted_at": null, "created_at": "2024-03-14T10:13:16.758Z", "modified_at": "2024-03-14T10:13:16.758Z", "user": 6, "product": 1}}, {"model": "account.userrecentvisitedproduct", "pk": 22, "fields": {"is_deleted": false, "deleted_at": null, "created_at": "2024-03-14T10:13:16.783Z", "modified_at": "2024-03-14T10:13:16.783Z", "user": 6, "product": 4}}, {"model": "account.userrecentvisitedproduct", "pk": 24, "fields": {"is_deleted": false, "deleted_at": null, "created_at": "2024-03-16T13:27:22.862Z", "modified_at": "2024-03-16T13:27:22.862Z", "user": 7, "product": 1}}, {"model": "account.userrecentvisitedproduct", "pk": 25, "fields": {"is_deleted": false, "deleted_at": null, "created_at": "2024-03-16T13:27:26.392Z", "modified_at": "2024-03-16T13:27:26.392Z", "user": 7, "product": 4}}, {"model": "account.userrecentvisitedproduct", "pk": 26, "fields": {"is_deleted": false, "deleted_at": null, "created_at": "2024-03-16T13:27:30.347Z", "modified_at": "2024-03-16T13:27:30.347Z", "user": 7, "product": 15}}, {"model": "account.userrecentvisitedproduct", "pk": 27, "fields": {"is_deleted": false, "deleted_at": null, "created_at": "2024-03-16T13:28:10.578Z", "modified_at": "2024-03-16T13:28:10.578Z", "user": 7, "product": 11}}, {"model": "account.userrecentvisitedproduct", "pk": 28, "fields": {"is_deleted": false, "deleted_at": null, "created_at": "2024-03-16T13:28:58.167Z", "modified_at": "2024-03-16T13:28:58.167Z", "user": 7, "product": 13}}, {"model": "account.userrecentvisitedproduct", "pk": 29, "fields": {"is_deleted": false, "deleted_at": null, "created_at": "2024-03-16T13:29:07.464Z", "modified_at": "2024-03-16T13:29:07.464Z", "user": 7, "product": 23}}, {"model": "account.userrecentvisitedproduct", "pk": 30, "fields": {"is_deleted": false, "deleted_at": null, "created_at": "2024-03-27T10:13:23.405Z", "modified_at": "2024-03-27T10:13:23.405Z", "user": 1, "product": 1}}, {"model": "account.userrecentvisitedproduct", "pk": 31, "fields": {"is_deleted": false, "deleted_at": null, "created_at": "2024-03-27T14:22:32.465Z", "modified_at": "2024-03-27T14:22:32.465Z", "user": 8, "product": 15}}, {"model": "account.userrecentvisitedproduct", "pk": 32, "fields": {"is_deleted": false, "deleted_at": null, "created_at": "2024-03-27T14:22:32.505Z", "modified_at": "2024-03-27T14:22:32.505Z", "user": 8, "product": 4}}, {"model": "account.userrecentvisitedproduct", "pk": 33, "fields": {"is_deleted": false, "deleted_at": null, "created_at": "2024-03-27T14:22:32.560Z", "modified_at": "2024-03-27T14:22:32.561Z", "user": 8, "product": 9}}, {"model": "account.userrecentvisitedproduct", "pk": 34, "fields": {"is_deleted": false, "deleted_at": null, "created_at": "2024-03-27T15:10:44.597Z", "modified_at": "2024-03-27T15:10:44.597Z", "user": 8, "product": 1}}, {"model": "account.userrecentvisitedproduct", "pk": 35, "fields": {"is_deleted": false, "deleted_at": null, "created_at": "2024-03-28T12:56:44.657Z", "modified_at": "2024-03-28T12:56:44.657Z", "user": 1, "product": 13}}, {"model": "account.uservisits", "pk": 1, "fields": {"is_deleted": false, "deleted_at": null, "created_at": "2024-03-14T07:42:54.810Z", "modified_at": "2024-03-14T07:42:54.810Z", "user": 1, "ip_address": "172.19.0.1", "url_visited": "/"}}, {"model": "account.uservisits", "pk": 2, "fields": {"is_deleted": false, "deleted_at": null, "created_at": "2024-03-14T08:36:26.570Z", "modified_at": "2024-03-14T08:36:26.570Z", "user": null, "ip_address": "127.0.0.1", "url_visited": "/"}}, {"model": "account.uservisits", "pk": 3, "fields": {"is_deleted": false, "deleted_at": null, "created_at": "2024-03-14T10:15:01.879Z", "modified_at": "2024-03-14T10:15:01.879Z", "user": 6, "ip_address": "127.0.0.1", "url_visited": "/"}}, {"model": "account.uservisits", "pk": 4, "fields": {"is_deleted": false, "deleted_at": null, "created_at": "2024-03-14T10:19:19.175Z", "modified_at": "2024-03-14T10:19:19.175Z", "user": null, "ip_address": "172.19.0.1", "url_visited": "/"}}, {"model": "account.uservisits", "pk": 5, "fields": {"is_deleted": false, "deleted_at": null, "created_at": "2024-03-14T10:21:00.721Z", "modified_at": "2024-03-14T10:21:00.721Z", "user": 1, "ip_address": "172.19.0.1", "url_visited": "/profile/order/15830/"}}, {"model": "account.uservisits", "pk": 6, "fields": {"is_deleted": false, "deleted_at": null, "created_at": "2024-03-14T12:44:05.275Z", "modified_at": "2024-03-14T12:44:05.275Z", "user": null, "ip_address": "127.0.0.1", "url_visited": "/"}}, {"model": "account.uservisits", "pk": 7, "fields": {"is_deleted": false, "deleted_at": null, "created_at": "2024-03-14T12:47:33.969Z", "modified_at": "2024-03-14T12:47:33.969Z", "user": 1, "ip_address": "172.19.0.1", "url_visited": "/product/25515/nike-zoom-pegasus-turbo-xx"}}, {"model": "account.uservisits", "pk": 8, "fields": {"is_deleted": false, "deleted_at": null, "created_at": "2024-03-14T18:00:49.150Z", "modified_at": "2024-03-14T18:00:49.150Z", "user": null, "ip_address": "127.0.0.1", "url_visited": "/"}}, {"model": "account.uservisits", "pk": 9, "fields": {"is_deleted": false, "deleted_at": null, "created_at": "2024-03-15T16:57:31.946Z", "modified_at": "2024-03-15T16:57:31.946Z", "user": null, "ip_address": "127.0.0.1", "url_visited": "/"}}, {"model": "account.uservisits", "pk": 10, "fields": {"is_deleted": false, "deleted_at": null, "created_at": "2024-03-16T09:44:04.448Z", "modified_at": "2024-03-16T09:44:04.448Z", "user": null, "ip_address": "127.0.0.1", "url_visited": "/"}}, {"model": "account.uservisits", "pk": 11, "fields": {"is_deleted": false, "deleted_at": null, "created_at": "2024-03-16T11:44:21.377Z", "modified_at": "2024-03-16T11:44:21.377Z", "user": null, "ip_address": "127.0.0.1", "url_visited": "/"}}, {"model": "account.uservisits", "pk": 12, "fields": {"is_deleted": false, "deleted_at": null, "created_at": "2024-03-16T13:33:25.408Z", "modified_at": "2024-03-16T13:33:25.408Z", "user": 7, "ip_address": "127.0.0.1", "url_visited": "/"}}, {"model": "account.uservisits", "pk": 13, "fields": {"is_deleted": false, "deleted_at": null, "created_at": "2024-03-16T14:54:31.908Z", "modified_at": "2024-03-16T14:54:31.908Z", "user": 1, "ip_address": "172.21.0.1", "url_visited": "/"}}, {"model": "account.uservisits", "pk": 14, "fields": {"is_deleted": false, "deleted_at": null, "created_at": "2024-03-16T15:08:54.245Z", "modified_at": "2024-03-16T15:08:54.245Z", "user": null, "ip_address": "172.23.0.1", "url_visited": "/auth/login?backUrl=/"}}, {"model": "account.uservisits", "pk": 15, "fields": {"is_deleted": false, "deleted_at": null, "created_at": "2024-03-16T15:51:13.018Z", "modified_at": "2024-03-16T15:51:13.018Z", "user": null, "ip_address": "127.0.0.1", "url_visited": "/"}}, {"model": "account.uservisits", "pk": 16, "fields": {"is_deleted": false, "deleted_at": null, "created_at": "2024-03-16T17:25:16.449Z", "modified_at": "2024-03-16T17:25:16.449Z", "user": 1, "ip_address": "127.0.0.1", "url_visited": "/"}}, {"model": "account.uservisits", "pk": 17, "fields": {"is_deleted": false, "deleted_at": null, "created_at": "2024-03-16T20:29:02.677Z", "modified_at": "2024-03-16T20:29:02.677Z", "user": 1, "ip_address": "127.0.0.1", "url_visited": "/"}}, {"model": "account.uservisits", "pk": 18, "fields": {"is_deleted": false, "deleted_at": null, "created_at": "2024-03-16T20:29:57.866Z", "modified_at": "2024-03-16T20:29:57.866Z", "user": 1, "ip_address": "127.0.0.1", "url_visited": "/profile/dashboard/"}}, {"model": "account.uservisits", "pk": 19, "fields": {"is_deleted": false, "deleted_at": null, "created_at": "2024-03-16T20:42:52.139Z", "modified_at": "2024-03-16T20:42:52.139Z", "user": 1, "ip_address": "192.168.32.1", "url_visited": "/search"}}, {"model": "account.uservisits", "pk": 20, "fields": {"is_deleted": false, "deleted_at": null, "created_at": "2024-03-16T20:43:04.083Z", "modified_at": "2024-03-16T20:43:04.083Z", "user": 1, "ip_address": "192.168.32.1", "url_visited": "/search/"}}, {"model": "account.uservisits", "pk": 21, "fields": {"is_deleted": false, "deleted_at": null, "created_at": "2024-03-16T21:02:04.215Z", "modified_at": "2024-03-16T21:02:04.215Z", "user": null, "ip_address": "127.0.0.1", "url_visited": "/search"}}, {"model": "account.uservisits", "pk": 22, "fields": {"is_deleted": false, "deleted_at": null, "created_at": "2024-03-17T01:59:42.558Z", "modified_at": "2024-03-17T01:59:42.558Z", "user": null, "ip_address": "127.0.0.1", "url_visited": "/"}}, {"model": "account.uservisits", "pk": 23, "fields": {"is_deleted": false, "deleted_at": null, "created_at": "2024-03-17T09:02:38.541Z", "modified_at": "2024-03-17T09:02:38.541Z", "user": null, "ip_address": "127.0.0.1", "url_visited": "/"}}, {"model": "account.uservisits", "pk": 24, "fields": {"is_deleted": false, "deleted_at": null, "created_at": "2024-03-17T09:17:22.059Z", "modified_at": "2024-03-17T09:17:22.059Z", "user": 1, "ip_address": "127.0.0.1", "url_visited": "/"}}, {"model": "account.uservisits", "pk": 25, "fields": {"is_deleted": false, "deleted_at": null, "created_at": "2024-03-17T09:38:30.966Z", "modified_at": "2024-03-17T09:38:30.966Z", "user": 7, "ip_address": "127.0.0.1", "url_visited": "/"}}, {"model": "account.uservisits", "pk": 26, "fields": {"is_deleted": false, "deleted_at": null, "created_at": "2024-03-17T12:31:37.561Z", "modified_at": "2024-03-17T12:31:37.561Z", "user": 1, "ip_address": "127.0.0.1", "url_visited": "/"}}, {"model": "account.uservisits", "pk": 27, "fields": {"is_deleted": false, "deleted_at": null, "created_at": "2024-03-17T12:42:44.919Z", "modified_at": "2024-03-17T12:42:44.919Z", "user": null, "ip_address": "192.168.32.1", "url_visited": "/"}}, {"model": "account.uservisits", "pk": 28, "fields": {"is_deleted": false, "deleted_at": null, "created_at": "2024-03-17T12:45:51.597Z", "modified_at": "2024-03-17T12:45:51.597Z", "user": 1, "ip_address": "192.168.32.1", "url_visited": "/checkout/shipping"}}, {"model": "account.uservisits", "pk": 29, "fields": {"is_deleted": false, "deleted_at": null, "created_at": "2024-03-17T15:36:38.874Z", "modified_at": "2024-03-17T15:36:38.874Z", "user": 7, "ip_address": "127.0.0.1", "url_visited": "/"}}, {"model": "account.uservisits", "pk": 30, "fields": {"is_deleted": false, "deleted_at": null, "created_at": "2024-03-17T17:22:04.163Z", "modified_at": "2024-03-17T17:22:04.163Z", "user": 1, "ip_address": "127.0.0.1", "url_visited": "/"}}, {"model": "account.uservisits", "pk": 31, "fields": {"is_deleted": false, "deleted_at": null, "created_at": "2024-03-18T10:12:04.764Z", "modified_at": "2024-03-18T10:12:04.764Z", "user": null, "ip_address": "127.0.0.1", "url_visited": "/"}}, {"model": "account.uservisits", "pk": 32, "fields": {"is_deleted": false, "deleted_at": null, "created_at": "2024-03-18T16:15:00.351Z", "modified_at": "2024-03-18T16:15:00.351Z", "user": null, "ip_address": "127.0.0.1", "url_visited": "/"}}, {"model": "account.uservisits", "pk": 33, "fields": {"is_deleted": false, "deleted_at": null, "created_at": "2024-03-18T18:05:28.611Z", "modified_at": "2024-03-18T18:05:28.611Z", "user": 1, "ip_address": "192.168.32.1", "url_visited": "/"}}, {"model": "account.uservisits", "pk": 34, "fields": {"is_deleted": false, "deleted_at": null, "created_at": "2024-03-18T18:42:10.195Z", "modified_at": "2024-03-18T18:42:10.195Z", "user": null, "ip_address": "127.0.0.1", "url_visited": "/"}}, {"model": "account.uservisits", "pk": 35, "fields": {"is_deleted": false, "deleted_at": null, "created_at": "2024-03-19T07:54:49.544Z", "modified_at": "2024-03-19T07:54:49.544Z", "user": null, "ip_address": "127.0.0.1", "url_visited": "/"}}, {"model": "account.uservisits", "pk": 36, "fields": {"is_deleted": false, "deleted_at": null, "created_at": "2024-03-19T11:43:10.170Z", "modified_at": "2024-03-19T11:43:10.170Z", "user": null, "ip_address": "127.0.0.1", "url_visited": "/"}}, {"model": "account.uservisits", "pk": 37, "fields": {"is_deleted": false, "deleted_at": null, "created_at": "2024-03-19T11:47:04.062Z", "modified_at": "2024-03-19T11:47:04.062Z", "user": 1, "ip_address": "127.0.0.1", "url_visited": "/profile/order/85868/"}}, {"model": "account.uservisits", "pk": 38, "fields": {"is_deleted": false, "deleted_at": null, "created_at": "2024-03-19T18:22:55.567Z", "modified_at": "2024-03-19T18:22:55.567Z", "user": null, "ip_address": "127.0.0.1", "url_visited": "/"}}, {"model": "account.uservisits", "pk": 39, "fields": {"is_deleted": false, "deleted_at": null, "created_at": "2024-03-19T20:39:48.898Z", "modified_at": "2024-03-19T20:39:48.898Z", "user": null, "ip_address": "127.0.0.1", "url_visited": "/"}}, {"model": "account.uservisits", "pk": 40, "fields": {"is_deleted": false, "deleted_at": null, "created_at": "2024-03-19T21:09:22.288Z", "modified_at": "2024-03-19T21:09:22.288Z", "user": 1, "ip_address": "192.168.32.1", "url_visited": "/"}}, {"model": "account.uservisits", "pk": 41, "fields": {"is_deleted": false, "deleted_at": null, "created_at": "2024-03-20T05:07:20.588Z", "modified_at": "2024-03-20T05:07:20.588Z", "user": null, "ip_address": "127.0.0.1", "url_visited": "/search?brand=4"}}, {"model": "account.uservisits", "pk": 42, "fields": {"is_deleted": false, "deleted_at": null, "created_at": "2024-03-20T06:03:02.090Z", "modified_at": "2024-03-20T06:03:02.090Z", "user": null, "ip_address": "127.0.0.1", "url_visited": "/product/24531/clot-x-air-jordan-1-mid-fearless"}}, {"model": "account.uservisits", "pk": 43, "fields": {"is_deleted": false, "deleted_at": null, "created_at": "2024-03-20T07:25:11.002Z", "modified_at": "2024-03-20T07:25:11.002Z", "user": null, "ip_address": "127.0.0.1", "url_visited": "/"}}, {"model": "account.uservisits", "pk": 44, "fields": {"is_deleted": false, "deleted_at": null, "created_at": "2024-03-20T13:13:52.874Z", "modified_at": "2024-03-20T13:13:52.874Z", "user": null, "ip_address": "127.0.0.1", "url_visited": "/"}}, {"model": "account.uservisits", "pk": 45, "fields": {"is_deleted": false, "deleted_at": null, "created_at": "2024-03-20T15:00:16.059Z", "modified_at": "2024-03-20T15:00:16.059Z", "user": 1, "ip_address": "127.0.0.1", "url_visited": "/"}}, {"model": "account.uservisits", "pk": 46, "fields": {"is_deleted": false, "deleted_at": null, "created_at": "2024-03-20T17:42:19.951Z", "modified_at": "2024-03-20T17:42:19.951Z", "user": 1, "ip_address": "127.0.0.1", "url_visited": "/"}}, {"model": "account.uservisits", "pk": 47, "fields": {"is_deleted": false, "deleted_at": null, "created_at": "2024-03-20T20:41:29.496Z", "modified_at": "2024-03-20T20:41:29.496Z", "user": null, "ip_address": "127.0.0.1", "url_visited": "/"}}, {"model": "account.uservisits", "pk": 48, "fields": {"is_deleted": false, "deleted_at": null, "created_at": "2024-03-21T11:53:58.178Z", "modified_at": "2024-03-21T11:53:58.178Z", "user": null, "ip_address": "127.0.0.1", "url_visited": "/"}}, {"model": "account.uservisits", "pk": 49, "fields": {"is_deleted": false, "deleted_at": null, "created_at": "2024-03-21T17:13:29.333Z", "modified_at": "2024-03-21T17:13:29.333Z", "user": null, "ip_address": "127.0.0.1", "url_visited": "/"}}, {"model": "account.uservisits", "pk": 50, "fields": {"is_deleted": false, "deleted_at": null, "created_at": "2024-03-21T20:00:00.705Z", "modified_at": "2024-03-21T20:00:00.705Z", "user": 1, "ip_address": "127.0.0.1", "url_visited": "/"}}, {"model": "account.uservisits", "pk": 51, "fields": {"is_deleted": false, "deleted_at": null, "created_at": "2024-03-22T11:55:04.154Z", "modified_at": "2024-03-22T11:55:04.154Z", "user": null, "ip_address": "127.0.0.1", "url_visited": "/"}}, {"model": "account.uservisits", "pk": 52, "fields": {"is_deleted": false, "deleted_at": null, "created_at": "2024-03-22T13:57:13.407Z", "modified_at": "2024-03-22T13:57:13.408Z", "user": null, "ip_address": "127.0.0.1", "url_visited": "/"}}, {"model": "account.uservisits", "pk": 53, "fields": {"is_deleted": false, "deleted_at": null, "created_at": "2024-03-22T15:01:43.350Z", "modified_at": "2024-03-22T15:01:43.350Z", "user": 1, "ip_address": "127.0.0.1", "url_visited": "/"}}, {"model": "account.uservisits", "pk": 54, "fields": {"is_deleted": false, "deleted_at": null, "created_at": "2024-03-22T16:53:56.268Z", "modified_at": "2024-03-22T16:53:56.268Z", "user": null, "ip_address": "172.19.0.1", "url_visited": "/auth/login"}}, {"model": "account.uservisits", "pk": 55, "fields": {"is_deleted": false, "deleted_at": null, "created_at": "2024-03-22T16:53:56.272Z", "modified_at": "2024-03-22T16:53:56.272Z", "user": null, "ip_address": "172.19.0.1", "url_visited": "/auth/login"}}, {"model": "account.uservisits", "pk": 56, "fields": {"is_deleted": false, "deleted_at": null, "created_at": "2024-03-22T16:53:56.272Z", "modified_at": "2024-03-22T16:53:56.272Z", "user": null, "ip_address": "172.19.0.1", "url_visited": "/auth/login"}}, {"model": "account.uservisits", "pk": 57, "fields": {"is_deleted": false, "deleted_at": null, "created_at": "2024-03-22T16:53:56.368Z", "modified_at": "2024-03-22T16:53:56.368Z", "user": null, "ip_address": "172.19.0.1", "url_visited": "/auth/login"}}, {"model": "account.uservisits", "pk": 58, "fields": {"is_deleted": false, "deleted_at": null, "created_at": "2024-03-22T16:53:57.559Z", "modified_at": "2024-03-22T16:53:57.559Z", "user": null, "ip_address": "172.19.0.1", "url_visited": "/"}}, {"model": "account.uservisits", "pk": 59, "fields": {"is_deleted": false, "deleted_at": null, "created_at": "2024-03-22T16:53:57.559Z", "modified_at": "2024-03-22T16:53:57.559Z", "user": null, "ip_address": "172.19.0.1", "url_visited": "/"}}, {"model": "account.uservisits", "pk": 60, "fields": {"is_deleted": false, "deleted_at": null, "created_at": "2024-03-22T16:53:57.564Z", "modified_at": "2024-03-22T16:53:57.564Z", "user": null, "ip_address": "172.19.0.1", "url_visited": "/"}}, {"model": "account.uservisits", "pk": 61, "fields": {"is_deleted": false, "deleted_at": null, "created_at": "2024-03-22T16:58:34.680Z", "modified_at": "2024-03-22T16:58:34.680Z", "user": null, "ip_address": "172.19.0.1", "url_visited": "/test"}}, {"model": "account.uservisits", "pk": 62, "fields": {"is_deleted": false, "deleted_at": null, "created_at": "2024-03-22T17:12:21.130Z", "modified_at": "2024-03-22T17:12:21.130Z", "user": 1, "ip_address": "172.19.0.1", "url_visited": "/profile/dashboard"}}, {"model": "account.uservisits", "pk": 63, "fields": {"is_deleted": false, "deleted_at": null, "created_at": "2024-03-22T17:20:12.159Z", "modified_at": "2024-03-22T17:20:12.159Z", "user": 1, "ip_address": "172.19.0.1", "url_visited": "/profile/order"}}, {"model": "account.uservisits", "pk": 64, "fields": {"is_deleted": false, "deleted_at": null, "created_at": "2024-03-22T17:29:32.232Z", "modified_at": "2024-03-22T17:29:32.232Z", "user": 1, "ip_address": "172.19.0.1", "url_visited": "/"}}, {"model": "account.uservisits", "pk": 65, "fields": {"is_deleted": false, "deleted_at": null, "created_at": "2024-03-22T17:33:45.631Z", "modified_at": "2024-03-22T17:33:45.631Z", "user": null, "ip_address": "172.19.0.1", "url_visited": "/product/25515/nike-zoom-pegasus-turbo-xx"}}, {"model": "account.uservisits", "pk": 66, "fields": {"is_deleted": false, "deleted_at": null, "created_at": "2024-03-22T17:38:14.938Z", "modified_at": "2024-03-22T17:38:14.938Z", "user": null, "ip_address": "172.19.0.1", "url_visited": "/product/53558/test-multi-option"}}, {"model": "account.uservisits", "pk": 67, "fields": {"is_deleted": false, "deleted_at": null, "created_at": "2024-03-22T17:49:05.418Z", "modified_at": "2024-03-22T17:49:05.418Z", "user": null, "ip_address": "172.19.0.1", "url_visited": "/search/category-men-shoes"}}, {"model": "account.uservisits", "pk": 68, "fields": {"is_deleted": false, "deleted_at": null, "created_at": "2024-03-22T17:53:34.870Z", "modified_at": "2024-03-22T17:53:34.870Z", "user": null, "ip_address": "172.19.0.1", "url_visited": "/search/category-men-shoes?sort=4"}}, {"model": "account.uservisits", "pk": 69, "fields": {"is_deleted": false, "deleted_at": null, "created_at": "2024-03-22T17:54:06.037Z", "modified_at": "2024-03-22T17:54:06.037Z", "user": null, "ip_address": "172.19.0.1", "url_visited": "/search/category-men-shoes?sort=1"}}, {"model": "account.uservisits", "pk": 70, "fields": {"is_deleted": false, "deleted_at": null, "created_at": "2024-03-22T18:12:54.443Z", "modified_at": "2024-03-22T18:12:54.443Z", "user": null, "ip_address": "127.0.0.1", "url_visited": "/"}}, {"model": "account.uservisits", "pk": 71, "fields": {"is_deleted": false, "deleted_at": null, "created_at": "2024-03-22T19:02:58.529Z", "modified_at": "2024-03-22T19:02:58.529Z", "user": null, "ip_address": "172.19.0.1", "url_visited": "/compare/"}}, {"model": "account.uservisits", "pk": 72, "fields": {"is_deleted": false, "deleted_at": null, "created_at": "2024-03-22T19:47:03.468Z", "modified_at": "2024-03-22T19:47:03.468Z", "user": 1, "ip_address": "127.0.0.1", "url_visited": "/"}}, {"model": "account.uservisits", "pk": 73, "fields": {"is_deleted": false, "deleted_at": null, "created_at": "2024-03-22T20:44:18.944Z", "modified_at": "2024-03-22T20:44:18.944Z", "user": null, "ip_address": "172.19.0.1", "url_visited": "/"}}, {"model": "account.uservisits", "pk": 74, "fields": {"is_deleted": false, "deleted_at": null, "created_at": "2024-03-23T07:30:56.994Z", "modified_at": "2024-03-23T07:30:56.994Z", "user": null, "ip_address": "127.0.0.1", "url_visited": "/"}}, {"model": "account.uservisits", "pk": 75, "fields": {"is_deleted": false, "deleted_at": null, "created_at": "2024-03-23T08:47:19.743Z", "modified_at": "2024-03-23T08:47:19.743Z", "user": null, "ip_address": "127.0.0.1", "url_visited": "/product/25515/nike-zoom-pegasus-turbo-xx"}}, {"model": "account.uservisits", "pk": 76, "fields": {"is_deleted": false, "deleted_at": null, "created_at": "2024-03-23T09:42:38.810Z", "modified_at": "2024-03-23T09:42:38.810Z", "user": null, "ip_address": "127.0.0.1", "url_visited": "/"}}, {"model": "account.uservisits", "pk": 77, "fields": {"is_deleted": false, "deleted_at": null, "created_at": "2024-03-23T09:46:19.571Z", "modified_at": "2024-03-23T09:46:19.571Z", "user": 1, "ip_address": "127.0.0.1", "url_visited": "/"}}, {"model": "account.uservisits", "pk": 78, "fields": {"is_deleted": false, "deleted_at": null, "created_at": "2024-03-23T12:23:01.087Z", "modified_at": "2024-03-23T12:23:01.087Z", "user": null, "ip_address": "127.0.0.1", "url_visited": "/"}}, {"model": "account.uservisits", "pk": 79, "fields": {"is_deleted": false, "deleted_at": null, "created_at": "2024-03-23T14:59:24.932Z", "modified_at": "2024-03-23T14:59:24.932Z", "user": null, "ip_address": "127.0.0.1", "url_visited": "/"}}, {"model": "account.uservisits", "pk": 80, "fields": {"is_deleted": false, "deleted_at": null, "created_at": "2024-03-23T17:01:02.879Z", "modified_at": "2024-03-23T17:01:02.879Z", "user": null, "ip_address": "127.0.0.1", "url_visited": "/"}}, {"model": "account.uservisits", "pk": 81, "fields": {"is_deleted": false, "deleted_at": null, "created_at": "2024-03-23T20:30:38.086Z", "modified_at": "2024-03-23T20:30:38.086Z", "user": null, "ip_address": "127.0.0.1", "url_visited": "/"}}, {"model": "account.uservisits", "pk": 82, "fields": {"is_deleted": false, "deleted_at": null, "created_at": "2024-03-24T09:18:42.961Z", "modified_at": "2024-03-24T09:18:42.961Z", "user": null, "ip_address": "127.0.0.1", "url_visited": "/"}}, {"model": "account.uservisits", "pk": 83, "fields": {"is_deleted": false, "deleted_at": null, "created_at": "2024-03-24T13:09:53.591Z", "modified_at": "2024-03-24T13:09:53.591Z", "user": null, "ip_address": "127.0.0.1", "url_visited": "/"}}, {"model": "account.uservisits", "pk": 84, "fields": {"is_deleted": false, "deleted_at": null, "created_at": "2024-03-24T14:44:37.065Z", "modified_at": "2024-03-24T14:44:37.065Z", "user": null, "ip_address": "172.19.0.1", "url_visited": "/"}}, {"model": "account.uservisits", "pk": 85, "fields": {"is_deleted": false, "deleted_at": null, "created_at": "2024-03-24T14:50:25.759Z", "modified_at": "2024-03-24T14:50:25.760Z", "user": null, "ip_address": "172.19.0.1", "url_visited": "/search/category-women-shoes"}}, {"model": "account.uservisits", "pk": 86, "fields": {"is_deleted": false, "deleted_at": null, "created_at": "2024-03-24T14:51:30.412Z", "modified_at": "2024-03-24T14:51:30.412Z", "user": null, "ip_address": "172.19.0.1", "url_visited": "/product/25515/nike-zoom-pegasus-turbo-xx"}}, {"model": "account.uservisits", "pk": 87, "fields": {"is_deleted": false, "deleted_at": null, "created_at": "2024-03-24T14:57:50.998Z", "modified_at": "2024-03-24T14:57:50.998Z", "user": null, "ip_address": "172.19.0.1", "url_visited": "/product/27313/adidas-x_plr"}}, {"model": "account.uservisits", "pk": 88, "fields": {"is_deleted": false, "deleted_at": null, "created_at": "2024-03-24T15:13:27.316Z", "modified_at": "2024-03-24T15:13:27.316Z", "user": null, "ip_address": "172.19.0.1", "url_visited": "/product/36739/newbalance-725"}}, {"model": "account.uservisits", "pk": 89, "fields": {"is_deleted": false, "deleted_at": null, "created_at": "2024-03-24T15:15:49.947Z", "modified_at": "2024-03-24T15:15:49.947Z", "user": null, "ip_address": "172.19.0.1", "url_visited": "/search/category-men-running-shoes"}}, {"model": "account.uservisits", "pk": 90, "fields": {"is_deleted": false, "deleted_at": null, "created_at": "2024-03-24T15:16:12.281Z", "modified_at": "2024-03-24T15:16:12.281Z", "user": null, "ip_address": "172.19.0.1", "url_visited": "/search/category-women-walking-shoes"}}, {"model": "account.uservisits", "pk": 91, "fields": {"is_deleted": false, "deleted_at": null, "created_at": "2024-03-24T15:16:24.788Z", "modified_at": "2024-03-24T15:16:24.788Z", "user": null, "ip_address": "172.19.0.1", "url_visited": "/search/category-women-sport-shoes"}}, {"model": "account.uservisits", "pk": 92, "fields": {"is_deleted": false, "deleted_at": null, "created_at": "2024-03-24T15:16:48.985Z", "modified_at": "2024-03-24T15:16:48.985Z", "user": null, "ip_address": "172.19.0.1", "url_visited": "/search/category-men-hiking-shoes"}}, {"model": "account.uservisits", "pk": 93, "fields": {"is_deleted": false, "deleted_at": null, "created_at": "2024-03-24T15:30:20.070Z", "modified_at": "2024-03-24T15:30:20.070Z", "user": null, "ip_address": "127.0.0.1", "url_visited": "/"}}, {"model": "account.uservisits", "pk": 94, "fields": {"is_deleted": false, "deleted_at": null, "created_at": "2024-03-24T15:36:03.426Z", "modified_at": "2024-03-24T15:36:03.426Z", "user": null, "ip_address": "172.19.0.1", "url_visited": "/category"}}, {"model": "account.uservisits", "pk": 95, "fields": {"is_deleted": false, "deleted_at": null, "created_at": "2024-03-24T15:46:40.859Z", "modified_at": "2024-03-24T15:46:40.859Z", "user": null, "ip_address": "172.19.0.1", "url_visited": "/checkout/cart"}}, {"model": "account.uservisits", "pk": 96, "fields": {"is_deleted": false, "deleted_at": null, "created_at": "2024-03-24T15:53:06.290Z", "modified_at": "2024-03-24T15:53:06.290Z", "user": null, "ip_address": "172.19.0.1", "url_visited": "/product/24531/clot-x-air-jordan-1-mid-fearless"}}, {"model": "account.uservisits", "pk": 97, "fields": {"is_deleted": false, "deleted_at": null, "created_at": "2024-03-24T20:46:42.853Z", "modified_at": "2024-03-24T20:46:42.853Z", "user": null, "ip_address": "127.0.0.1", "url_visited": "/"}}, {"model": "account.uservisits", "pk": 98, "fields": {"is_deleted": false, "deleted_at": null, "created_at": "2024-03-25T13:07:37.448Z", "modified_at": "2024-03-25T13:07:37.448Z", "user": 1, "ip_address": "127.0.0.1", "url_visited": "/"}}, {"model": "account.uservisits", "pk": 99, "fields": {"is_deleted": false, "deleted_at": null, "created_at": "2024-03-25T15:07:37.917Z", "modified_at": "2024-03-25T15:07:37.917Z", "user": null, "ip_address": "127.0.0.1", "url_visited": "/"}}, {"model": "account.uservisits", "pk": 100, "fields": {"is_deleted": false, "deleted_at": null, "created_at": "2024-03-25T17:37:53.639Z", "modified_at": "2024-03-25T17:37:53.639Z", "user": null, "ip_address": "127.0.0.1", "url_visited": "/"}}, {"model": "account.uservisits", "pk": 101, "fields": {"is_deleted": false, "deleted_at": null, "created_at": "2024-03-25T19:45:10.955Z", "modified_at": "2024-03-25T19:45:10.955Z", "user": 1, "ip_address": "127.0.0.1", "url_visited": "/"}}, {"model": "account.uservisits", "pk": 102, "fields": {"is_deleted": false, "deleted_at": null, "created_at": "2024-03-26T06:54:28.888Z", "modified_at": "2024-03-26T06:54:28.888Z", "user": null, "ip_address": "127.0.0.1", "url_visited": "/"}}, {"model": "account.uservisits", "pk": 103, "fields": {"is_deleted": false, "deleted_at": null, "created_at": "2024-03-26T08:43:16.954Z", "modified_at": "2024-03-26T08:43:16.954Z", "user": 1, "ip_address": "127.0.0.1", "url_visited": "/"}}, {"model": "account.uservisits", "pk": 104, "fields": {"is_deleted": false, "deleted_at": null, "created_at": "2024-03-26T08:46:45.360Z", "modified_at": "2024-03-26T08:46:45.360Z", "user": 1, "ip_address": "127.0.0.1", "url_visited": "/product/53558/test-multi-option"}}, {"model": "account.uservisits", "pk": 105, "fields": {"is_deleted": false, "deleted_at": null, "created_at": "2024-03-26T12:19:08.632Z", "modified_at": "2024-03-26T12:19:08.632Z", "user": null, "ip_address": "127.0.0.1", "url_visited": "/"}}, {"model": "account.uservisits", "pk": 106, "fields": {"is_deleted": false, "deleted_at": null, "created_at": "2024-03-26T20:46:04.432Z", "modified_at": "2024-03-26T20:46:04.432Z", "user": null, "ip_address": "127.0.0.1", "url_visited": "/"}}, {"model": "account.uservisits", "pk": 107, "fields": {"is_deleted": false, "deleted_at": null, "created_at": "2024-03-27T09:42:51.700Z", "modified_at": "2024-03-27T09:42:51.700Z", "user": null, "ip_address": "127.0.0.1", "url_visited": "/"}}, {"model": "account.uservisits", "pk": 108, "fields": {"is_deleted": false, "deleted_at": null, "created_at": "2024-03-27T10:10:52.092Z", "modified_at": "2024-03-27T10:10:52.092Z", "user": 1, "ip_address": "127.0.0.1", "url_visited": "/"}}, {"model": "account.uservisits", "pk": 109, "fields": {"is_deleted": false, "deleted_at": null, "created_at": "2024-03-27T10:13:53.964Z", "modified_at": "2024-03-27T10:13:53.964Z", "user": 1, "ip_address": "127.0.0.1", "url_visited": "/profile/order/83754/"}}, {"model": "account.uservisits", "pk": 110, "fields": {"is_deleted": false, "deleted_at": null, "created_at": "2024-03-27T14:18:18.957Z", "modified_at": "2024-03-27T14:18:18.957Z", "user": 1, "ip_address": "127.0.0.1", "url_visited": "/"}}, {"model": "account.uservisits", "pk": 111, "fields": {"is_deleted": false, "deleted_at": null, "created_at": "2024-03-27T22:44:24.811Z", "modified_at": "2024-03-27T22:44:24.811Z", "user": null, "ip_address": "127.0.0.1", "url_visited": "/"}}, {"model": "account.uservisits", "pk": 112, "fields": {"is_deleted": false, "deleted_at": null, "created_at": "2024-03-28T06:11:04.605Z", "modified_at": "2024-03-28T06:11:04.605Z", "user": null, "ip_address": "127.0.0.1", "url_visited": "/"}}, {"model": "account.uservisits", "pk": 113, "fields": {"is_deleted": false, "deleted_at": null, "created_at": "2024-03-28T07:55:55.973Z", "modified_at": "2024-03-28T07:55:55.973Z", "user": null, "ip_address": "127.0.0.1", "url_visited": "/auth/login?backUrl=/checkout/shipping"}}, {"model": "account.uservisits", "pk": 114, "fields": {"is_deleted": false, "deleted_at": null, "created_at": "2024-03-28T12:56:34.068Z", "modified_at": "2024-03-28T12:56:34.068Z", "user": 1, "ip_address": "127.0.0.1", "url_visited": "/"}}, {"model": "account.uservisits", "pk": 115, "fields": {"is_deleted": false, "deleted_at": null, "created_at": "2024-03-28T12:57:09.164Z", "modified_at": "2024-03-28T12:57:09.164Z", "user": 1, "ip_address": "127.0.0.1", "url_visited": "/search/category-women-walking-shoes"}}, {"model": "account.uservisits", "pk": 116, "fields": {"is_deleted": false, "deleted_at": null, "created_at": "2024-03-28T15:44:07.177Z", "modified_at": "2024-03-28T15:44:07.177Z", "user": null, "ip_address": "127.0.0.1", "url_visited": "/search"}}, {"model": "account.uservisits", "pk": 117, "fields": {"is_deleted": false, "deleted_at": null, "created_at": "2024-03-28T16:05:27.533Z", "modified_at": "2024-03-28T16:05:27.533Z", "user": null, "ip_address": "127.0.0.1", "url_visited": "/product/31284/stand-alone"}}, {"model": "account.uservisits", "pk": 118, "fields": {"is_deleted": false, "deleted_at": null, "created_at": "2024-03-28T18:37:23.710Z", "modified_at": "2024-03-28T18:37:23.710Z", "user": null, "ip_address": "127.0.0.1", "url_visited": "/product/31284/stand-alone/"}}, {"model": "account.uservisits", "pk": 119, "fields": {"is_deleted": false, "deleted_at": null, "created_at": "2024-03-28T18:55:58.486Z", "modified_at": "2024-03-28T18:55:58.486Z", "user": null, "ip_address": "127.0.0.1", "url_visited": "/"}}, {"model": "content.banner", "pk": 1, "fields": {"is_deleted": false, "deleted_at": null, "created_at": "2024-01-26T15:34:39.861Z", "modified_at": "2024-03-07T17:19:15.576Z", "image": 12, "position": "HOME_SLIDER_BANNER", "title": "تست", "order": 1, "description": null, "url": "http://localhost:3000/", "is_external": false, "is_public": true, "start_at": null, "expire_at": null}}, {"model": "content.banner", "pk": 2, "fields": {"is_deleted": false, "deleted_at": null, "created_at": "2024-01-26T15:34:55.510Z", "modified_at": "2024-03-07T17:19:13.068Z", "image": 13, "position": "HOME_SLIDER_BANNER", "title": "سلام", "order": 1, "description": null, "url": "https://fronthooks.ir/", "is_external": true, "is_public": true, "start_at": null, "expire_at": null}}, {"model": "content.banner", "pk": 3, "fields": {"is_deleted": false, "deleted_at": null, "created_at": "2024-01-26T15:35:34.428Z", "modified_at": "2024-01-26T15:35:34.428Z", "image": 3, "position": "HOME_SIDE_BANNER", "title": "بنر بالا", "order": 1, "description": "بنر بالا سمت چپ صفحه اصلی", "url": "https://lipak.com/", "is_external": true, "is_public": true, "start_at": null, "expire_at": null}}, {"model": "content.banner", "pk": 4, "fields": {"is_deleted": false, "deleted_at": null, "created_at": "2024-01-26T15:35:54.814Z", "modified_at": "2024-01-26T15:35:54.814Z", "image": 4, "position": "HOME_SIDE_BANNER", "title": "wawfa", "order": 1, "description": "wfawfa", "url": "https://fronthooks.ir/", "is_external": true, "is_public": true, "start_at": null, "expire_at": null}}, {"model": "content.banner", "pk": 5, "fields": {"is_deleted": false, "deleted_at": null, "created_at": "2024-01-26T18:52:53.956Z", "modified_at": "2024-03-07T17:18:45.972Z", "image": 2, "position": "HOME_SLIDER_BANNER", "title": "wawa", "order": 2, "description": "wawa", "url": "https://lipak.com/", "is_external": true, "is_public": true, "start_at": null, "expire_at": null}}, {"model": "media.media", "pk": 2, "fields": {"is_deleted": false, "deleted_at": null, "created_at": "2024-01-26T15:34:13.147Z", "modified_at": "2024-03-07T15:08:16.174Z", "file": "images/2024/03/07/GR3CkBRU4lV97T9VDW4jHTjL7BObie.webp", "title": "اسلایدر صفحه اصلی", "resize_width": 0, "resize_height": 0, "width": 1536, "height": 768, "file_hash": "8e6fe4f92f5d974df676e56545713406a71fedb2", "file_size": 107718, "focal_point_x": null, "focal_point_y": null, "focal_point_width": null, "focal_point_height": null}}, {"model": "media.media", "pk": 3, "fields": {"is_deleted": false, "deleted_at": null, "created_at": "2024-01-26T15:35:17.193Z", "modified_at": "2024-03-07T16:41:56.752Z", "file": "images/2024/03/07/gHjk3VExQapMt5NKIsyy1QhMDrUgR0.webp", "title": "بنر بالایی", "resize_width": 0, "resize_height": 0, "width": 856, "height": 428, "file_hash": "8545bea29d493623e7a5f7ec8d00cd2c4b55faf6", "file_size": 104910, "focal_point_x": null, "focal_point_y": null, "focal_point_width": null, "focal_point_height": null}}, {"model": "media.media", "pk": 4, "fields": {"is_deleted": false, "deleted_at": null, "created_at": "2024-01-26T15:35:46.533Z", "modified_at": "2024-03-07T16:42:18.292Z", "file": "images/2024/03/07/6V0Rvw8gyfgLRlhSx0FHvPLZAZia6k.webp", "title": "بنر پایینی", "resize_width": 0, "resize_height": 0, "width": 856, "height": 428, "file_hash": "3f5a40476143dcdfdaf94f09ebfc770ee469168a", "file_size": 40336, "focal_point_x": null, "focal_point_y": null, "focal_point_width": null, "focal_point_height": null}}, {"model": "media.media", "pk": 5, "fields": {"is_deleted": false, "deleted_at": null, "created_at": "2024-01-27T12:15:59.407Z", "modified_at": "2024-03-07T16:41:39.061Z", "file": "images/2024/03/07/kDmXfBJxgiMiHLMjP5nKnA9J2SztaH.webp", "title": "برند نایک", "resize_width": 1000, "resize_height": 50, "width": 987, "height": 496, "file_hash": "9058f453aab0db63dcd025d8e4d36ae25ba27000", "file_size": 18340, "focal_point_x": null, "focal_point_y": null, "focal_point_width": null, "focal_point_height": null}}, {"model": "media.media", "pk": 6, "fields": {"is_deleted": false, "deleted_at": null, "created_at": "2024-01-29T14:27:08.539Z", "modified_at": "2024-03-07T15:10:29.979Z", "file": "images/2024/03/07/gXz60lftsqxpDx0H4163EkZtZ7EeGH.webp", "title": "نایک زوم پگاسوس توربو مشکی", "resize_width": 0, "resize_height": 0, "width": 727, "height": 615, "file_hash": "c6d52a9f084448827d09a5c122a4208007471674", "file_size": 62752, "focal_point_x": null, "focal_point_y": null, "focal_point_width": null, "focal_point_height": null}}, {"model": "media.media", "pk": 7, "fields": {"is_deleted": false, "deleted_at": null, "created_at": "2024-01-31T05:59:35.168Z", "modified_at": "2024-03-07T15:10:54.147Z", "file": "images/2024/03/07/xIQ0gb12giQpquOaTFuAY6as3FlkJ7.webp", "title": "کفش نیوبالانس NewBalance AM574", "resize_width": 0, "resize_height": 0, "width": 600, "height": 600, "file_hash": "54d9b3a672fa1b69deddf7f85961f52a26d96041", "file_size": 16110, "focal_point_x": null, "focal_point_y": null, "focal_point_width": null, "focal_point_height": null}}, {"model": "media.media", "pk": 8, "fields": {"is_deleted": false, "deleted_at": null, "created_at": "2024-01-31T06:02:57.849Z", "modified_at": "2024-03-07T15:11:07.829Z", "file": "images/2024/03/07/abQJVMulKNeVjaMuDwAPxgeSxNNVmR.webp", "title": "کفش سالومون اکس تی راش Salomon XT-RUSH", "resize_width": 0, "resize_height": 0, "width": 600, "height": 600, "file_hash": "b6e801b207b54f75c8fe2d45ac37f55632b23956", "file_size": 30608, "focal_point_x": null, "focal_point_y": null, "focal_point_width": null, "focal_point_height": null}}, {"model": "media.media", "pk": 9, "fields": {"is_deleted": false, "deleted_at": null, "created_at": "2024-01-31T06:24:52.946Z", "modified_at": "2024-03-07T15:11:20.172Z", "file": "images/2024/03/07/PlnMncihb7SBs848wFFLRQgJZd24fH.webp", "title": "کفش آدیداس Adidas X_PLR", "resize_width": 0, "resize_height": 0, "width": 600, "height": 600, "file_hash": "e4b83e0ade7c168ea2929b2a6a33f2a16049e368", "file_size": 36618, "focal_point_x": null, "focal_point_y": null, "focal_point_width": null, "focal_point_height": null}}, {"model": "media.media", "pk": 10, "fields": {"is_deleted": false, "deleted_at": null, "created_at": "2024-02-14T14:46:44.844Z", "modified_at": "2024-03-07T15:09:59.966Z", "file": "images/2024/03/07/U1jdlU3VDFTPR3EogXH0stg9OcrB2Y.webp", "title": "Tipax", "resize_width": 0, "resize_height": 0, "width": 160, "height": 43, "file_hash": "b3b1e88039c75dbd3fbfc01aea04f33cfc43b7a1", "file_size": 7948, "focal_point_x": null, "focal_point_y": null, "focal_point_width": null, "focal_point_height": null}}, {"model": "media.media", "pk": 11, "fields": {"is_deleted": false, "deleted_at": null, "created_at": "2024-02-14T14:48:22.324Z", "modified_at": "2024-03-07T15:09:44.351Z", "file": "images/2024/03/07/uYHoCFlYLYKQUu0pogU2FD4zyiFEtJ.webp", "title": "post", "resize_width": 0, "resize_height": 0, "width": 200, "height": 183, "file_hash": "4e8ec55d8f2d64e62f1ccc85f7920fdf319c8286", "file_size": 10066, "focal_point_x": null, "focal_point_y": null, "focal_point_width": null, "focal_point_height": null}}, {"model": "media.media", "pk": 12, "fields": {"is_deleted": false, "deleted_at": null, "created_at": "2024-03-07T15:08:40.849Z", "modified_at": "2024-03-07T15:08:40.849Z", "file": "images/2024/03/07/2Fx2pCE9LthptWqkerc7spXd8xIami.webp", "title": "بنر اصلی  2", "resize_width": 0, "resize_height": 0, "width": 1536, "height": 768, "file_hash": "763882a42ca5bf7bfa578093aca0cdfe3aed085f", "file_size": 137908, "focal_point_x": null, "focal_point_y": null, "focal_point_width": null, "focal_point_height": null}}, {"model": "media.media", "pk": 13, "fields": {"is_deleted": false, "deleted_at": null, "created_at": "2024-03-07T15:09:00.866Z", "modified_at": "2024-03-07T15:09:00.866Z", "file": "images/2024/03/07/tvuKHVQJHyfOjG0eV1BfMQ1PfHbRdL.webp", "title": "بنر اصلی 3", "resize_width": 0, "resize_height": 0, "width": 1536, "height": 768, "file_hash": "796b373984564e82d45afe67f31bde25acbfd4f6", "file_size": 346352, "focal_point_x": null, "focal_point_y": null, "focal_point_width": null, "focal_point_height": null}}]