[{"model": "admin.logentry", "pk": 1, "fields": {"action_time": "2024-01-25T19:03:15.147Z", "user": 1, "content_type": 8, "object_id": "1", "object_repr": "دسته بندی", "action_flag": 1, "change_message": "[{\"added\": {}}]"}}, {"model": "admin.logentry", "pk": 2, "fields": {"action_time": "2024-01-25T19:04:32.284Z", "user": 1, "content_type": 16, "object_id": "1", "object_repr": "men", "action_flag": 1, "change_message": "[{\"added\": {}}]"}}, {"model": "admin.logentry", "pk": 3, "fields": {"action_time": "2024-01-25T19:04:45.335Z", "user": 1, "content_type": 16, "object_id": "2", "object_repr": "women", "action_flag": 1, "change_message": "[{\"added\": {}}]"}}, {"model": "admin.logentry", "pk": 4, "fields": {"action_time": "2024-01-25T19:06:39.755Z", "user": 1, "content_type": 16, "object_id": "3", "object_repr": "sport-shoes", "action_flag": 1, "change_message": "[{\"added\": {}}]"}}, {"model": "admin.logentry", "pk": 5, "fields": {"action_time": "2024-01-25T19:06:54.020Z", "user": 1, "content_type": 16, "object_id": "4", "object_repr": "basketball", "action_flag": 1, "change_message": "[{\"added\": {}}]"}}, {"model": "admin.logentry", "pk": 6, "fields": {"action_time": "2024-01-25T19:07:09.502Z", "user": 1, "content_type": 16, "object_id": "5", "object_repr": "walking", "action_flag": 1, "change_message": "[{\"added\": {}}]"}}, {"model": "admin.logentry", "pk": 7, "fields": {"action_time": "2024-01-25T19:07:23.749Z", "user": 1, "content_type": 16, "object_id": "6", "object_repr": "running", "action_flag": 1, "change_message": "[{\"added\": {}}]"}}, {"model": "admin.logentry", "pk": 8, "fields": {"action_time": "2024-01-25T19:07:36.794Z", "user": 1, "content_type": 16, "object_id": "7", "object_repr": "daily", "action_flag": 1, "change_message": "[{\"added\": {}}]"}}, {"model": "admin.logentry", "pk": 9, "fields": {"action_time": "2024-01-25T19:07:50.208Z", "user": 1, "content_type": 16, "object_id": "8", "object_repr": "hiking", "action_flag": 1, "change_message": "[{\"added\": {}}]"}}, {"model": "admin.logentry", "pk": 10, "fields": {"action_time": "2024-01-25T19:08:30.693Z", "user": 1, "content_type": 16, "object_id": "4", "object_repr": "basketball", "action_flag": 2, "change_message": "[{\"changed\": {\"fields\": [\"Slug\"]}}]"}}, {"model": "admin.logentry", "pk": 11, "fields": {"action_time": "2024-01-25T19:08:30.708Z", "user": 1, "content_type": 16, "object_id": "7", "object_repr": "daily", "action_flag": 2, "change_message": "[{\"changed\": {\"fields\": [\"Slug\"]}}]"}}, {"model": "admin.logentry", "pk": 12, "fields": {"action_time": "2024-01-25T19:08:30.723Z", "user": 1, "content_type": 16, "object_id": "8", "object_repr": "hiking", "action_flag": 2, "change_message": "[{\"changed\": {\"fields\": [\"Slug\"]}}]"}}, {"model": "admin.logentry", "pk": 13, "fields": {"action_time": "2024-01-25T19:08:30.736Z", "user": 1, "content_type": 16, "object_id": "6", "object_repr": "running", "action_flag": 2, "change_message": "[{\"changed\": {\"fields\": [\"Slug\"]}}]"}}, {"model": "admin.logentry", "pk": 14, "fields": {"action_time": "2024-01-25T19:08:30.750Z", "user": 1, "content_type": 16, "object_id": "5", "object_repr": "walking", "action_flag": 2, "change_message": "[{\"changed\": {\"fields\": [\"Slug\"]}}]"}}, {"model": "admin.logentry", "pk": 15, "fields": {"action_time": "2024-01-25T19:09:55.010Z", "user": 1, "content_type": 16, "object_id": "1", "object_repr": "men", "action_flag": 2, "change_message": "[{\"changed\": {\"fields\": [\"Slug\"]}}]"}}, {"model": "admin.logentry", "pk": 16, "fields": {"action_time": "2024-01-25T19:09:55.024Z", "user": 1, "content_type": 16, "object_id": "2", "object_repr": "women", "action_flag": 2, "change_message": "[{\"changed\": {\"fields\": [\"Slug\"]}}]"}}, {"model": "admin.logentry", "pk": 17, "fields": {"action_time": "2024-01-25T19:23:25.880Z", "user": 1, "content_type": 16, "object_id": "9", "object_repr": "basketball", "action_flag": 2, "change_message": "[{\"changed\": {\"fields\": [\"Slug\"]}}]"}}, {"model": "admin.logentry", "pk": 18, "fields": {"action_time": "2024-01-25T19:23:25.905Z", "user": 1, "content_type": 16, "object_id": "10", "object_repr": "daily", "action_flag": 2, "change_message": "[{\"changed\": {\"fields\": [\"Slug\"]}}]"}}, {"model": "admin.logentry", "pk": 19, "fields": {"action_time": "2024-01-25T19:23:25.926Z", "user": 1, "content_type": 16, "object_id": "11", "object_repr": "hiking", "action_flag": 2, "change_message": "[{\"changed\": {\"fields\": [\"Slug\"]}}]"}}, {"model": "admin.logentry", "pk": 20, "fields": {"action_time": "2024-01-25T19:23:25.947Z", "user": 1, "content_type": 16, "object_id": "12", "object_repr": "running", "action_flag": 2, "change_message": "[{\"changed\": {\"fields\": [\"Slug\"]}}]"}}, {"model": "admin.logentry", "pk": 21, "fields": {"action_time": "2024-01-25T19:23:25.968Z", "user": 1, "content_type": 16, "object_id": "13", "object_repr": "sport-shoes", "action_flag": 2, "change_message": "[{\"changed\": {\"fields\": [\"Slug\"]}}]"}}, {"model": "admin.logentry", "pk": 22, "fields": {"action_time": "2024-01-25T19:23:25.991Z", "user": 1, "content_type": 16, "object_id": "14", "object_repr": "walking", "action_flag": 2, "change_message": "[{\"changed\": {\"fields\": [\"Slug\"]}}]"}}, {"model": "admin.logentry", "pk": 23, "fields": {"action_time": "2024-01-25T19:24:16.477Z", "user": 1, "content_type": 16, "object_id": "4", "object_repr": "basketball", "action_flag": 2, "change_message": "[{\"changed\": {\"fields\": [\"Image\"]}}]"}}, {"model": "admin.logentry", "pk": 24, "fields": {"action_time": "2024-01-25T19:24:16.495Z", "user": 1, "content_type": 16, "object_id": "7", "object_repr": "daily", "action_flag": 2, "change_message": "[{\"changed\": {\"fields\": [\"Image\"]}}]"}}, {"model": "admin.logentry", "pk": 25, "fields": {"action_time": "2024-01-25T19:24:16.514Z", "user": 1, "content_type": 16, "object_id": "8", "object_repr": "hiking", "action_flag": 2, "change_message": "[{\"changed\": {\"fields\": [\"Image\"]}}]"}}, {"model": "admin.logentry", "pk": 26, "fields": {"action_time": "2024-01-25T19:24:16.531Z", "user": 1, "content_type": 16, "object_id": "6", "object_repr": "running", "action_flag": 2, "change_message": "[{\"changed\": {\"fields\": [\"Image\"]}}]"}}, {"model": "admin.logentry", "pk": 27, "fields": {"action_time": "2024-01-25T19:24:16.553Z", "user": 1, "content_type": 16, "object_id": "3", "object_repr": "sport-shoes", "action_flag": 2, "change_message": "[{\"changed\": {\"fields\": [\"Image\"]}}]"}}, {"model": "admin.logentry", "pk": 28, "fields": {"action_time": "2024-01-25T19:24:16.574Z", "user": 1, "content_type": 16, "object_id": "5", "object_repr": "walking", "action_flag": 2, "change_message": "[{\"changed\": {\"fields\": [\"Image\"]}}]"}}, {"model": "admin.logentry", "pk": 29, "fields": {"action_time": "2024-01-25T19:24:16.593Z", "user": 1, "content_type": 16, "object_id": "9", "object_repr": "basketball", "action_flag": 2, "change_message": "[{\"changed\": {\"fields\": [\"Image\"]}}]"}}, {"model": "admin.logentry", "pk": 30, "fields": {"action_time": "2024-01-25T19:24:16.613Z", "user": 1, "content_type": 16, "object_id": "10", "object_repr": "daily", "action_flag": 2, "change_message": "[{\"changed\": {\"fields\": [\"Image\"]}}]"}}, {"model": "admin.logentry", "pk": 31, "fields": {"action_time": "2024-01-25T19:24:16.631Z", "user": 1, "content_type": 16, "object_id": "11", "object_repr": "hiking", "action_flag": 2, "change_message": "[{\"changed\": {\"fields\": [\"Image\"]}}]"}}, {"model": "admin.logentry", "pk": 32, "fields": {"action_time": "2024-01-25T19:24:16.653Z", "user": 1, "content_type": 16, "object_id": "12", "object_repr": "running", "action_flag": 2, "change_message": "[{\"changed\": {\"fields\": [\"Image\"]}}]"}}, {"model": "admin.logentry", "pk": 33, "fields": {"action_time": "2024-01-25T19:24:16.673Z", "user": 1, "content_type": 16, "object_id": "13", "object_repr": "sport-shoes", "action_flag": 2, "change_message": "[{\"changed\": {\"fields\": [\"Image\"]}}]"}}, {"model": "admin.logentry", "pk": 34, "fields": {"action_time": "2024-01-25T19:24:16.689Z", "user": 1, "content_type": 16, "object_id": "14", "object_repr": "walking", "action_flag": 2, "change_message": "[{\"changed\": {\"fields\": [\"Image\"]}}]"}}, {"model": "admin.logentry", "pk": 35, "fields": {"action_time": "2024-01-25T19:44:35.544Z", "user": 1, "content_type": 15, "object_id": "1", "object_repr": "نایک - nike", "action_flag": 1, "change_message": "[{\"added\": {}}]"}}, {"model": "admin.logentry", "pk": 36, "fields": {"action_time": "2024-01-25T19:44:43.368Z", "user": 1, "content_type": 15, "object_id": "2", "object_repr": "آدیداس - adidas", "action_flag": 1, "change_message": "[{\"added\": {}}]"}}, {"model": "admin.logentry", "pk": 37, "fields": {"action_time": "2024-01-25T19:44:54.007Z", "user": 1, "content_type": 15, "object_id": "3", "object_repr": "اسکچرز - skechers", "action_flag": 1, "change_message": "[{\"added\": {}}]"}}, {"model": "admin.logentry", "pk": 38, "fields": {"action_time": "2024-01-25T19:45:03.463Z", "user": 1, "content_type": 15, "object_id": "4", "object_repr": "اسیکس - asics", "action_flag": 1, "change_message": "[{\"added\": {}}]"}}, {"model": "admin.logentry", "pk": 39, "fields": {"action_time": "2024-01-25T19:45:19.181Z", "user": 1, "content_type": 15, "object_id": "5", "object_repr": "بالنسیاگا - balenciaga", "action_flag": 1, "change_message": "[{\"added\": {}}]"}}, {"model": "admin.logentry", "pk": 40, "fields": {"action_time": "2024-01-25T19:45:27.193Z", "user": 1, "content_type": 15, "object_id": "6", "object_repr": "پوما - puma", "action_flag": 1, "change_message": "[{\"added\": {}}]"}}, {"model": "admin.logentry", "pk": 41, "fields": {"action_time": "2024-01-25T19:45:35.145Z", "user": 1, "content_type": 15, "object_id": "7", "object_repr": "تیمبرلند - timberland", "action_flag": 1, "change_message": "[{\"added\": {}}]"}}, {"model": "admin.logentry", "pk": 42, "fields": {"action_time": "2024-01-25T19:45:42.165Z", "user": 1, "content_type": 15, "object_id": "8", "object_repr": "ریباک - reebok", "action_flag": 1, "change_message": "[{\"added\": {}}]"}}, {"model": "admin.logentry", "pk": 43, "fields": {"action_time": "2024-01-25T19:45:51.512Z", "user": 1, "content_type": 15, "object_id": "9", "object_repr": "سالومون - salomon", "action_flag": 1, "change_message": "[{\"added\": {}}]"}}, {"model": "admin.logentry", "pk": 44, "fields": {"action_time": "2024-01-25T19:46:04.121Z", "user": 1, "content_type": 15, "object_id": "10", "object_repr": "کاترپیلار - caterpillar", "action_flag": 1, "change_message": "[{\"added\": {}}]"}}, {"model": "admin.logentry", "pk": 45, "fields": {"action_time": "2024-01-25T19:46:13.779Z", "user": 1, "content_type": 15, "object_id": "11", "object_repr": "نیوبالانس - newbalance", "action_flag": 1, "change_message": "[{\"added\": {}}]"}}, {"model": "admin.logentry", "pk": 46, "fields": {"action_time": "2024-01-25T19:46:17.985Z", "user": 1, "content_type": 15, "object_id": "12", "object_repr": "ونس - vans", "action_flag": 1, "change_message": "[{\"added\": {}}]"}}, {"model": "admin.logentry", "pk": 47, "fields": {"action_time": "2024-01-26T08:38:21.919Z", "user": 1, "content_type": 15, "object_id": "12", "object_repr": "ونس - vans", "action_flag": 2, "change_message": "[{\"changed\": {\"fields\": [\"Image\"]}}]"}}, {"model": "admin.logentry", "pk": 48, "fields": {"action_time": "2024-01-26T08:38:21.931Z", "user": 1, "content_type": 15, "object_id": "11", "object_repr": "نیوبالانس - newbalance", "action_flag": 2, "change_message": "[{\"changed\": {\"fields\": [\"Image\"]}}]"}}, {"model": "admin.logentry", "pk": 49, "fields": {"action_time": "2024-01-26T08:38:21.937Z", "user": 1, "content_type": 15, "object_id": "10", "object_repr": "کاترپیلار - caterpillar", "action_flag": 2, "change_message": "[{\"changed\": {\"fields\": [\"Image\"]}}]"}}, {"model": "admin.logentry", "pk": 50, "fields": {"action_time": "2024-01-26T08:38:21.942Z", "user": 1, "content_type": 15, "object_id": "9", "object_repr": "سالومون - salomon", "action_flag": 2, "change_message": "[{\"changed\": {\"fields\": [\"Image\"]}}]"}}, {"model": "admin.logentry", "pk": 51, "fields": {"action_time": "2024-01-26T08:38:21.953Z", "user": 1, "content_type": 15, "object_id": "8", "object_repr": "ریباک - reebok", "action_flag": 2, "change_message": "[{\"changed\": {\"fields\": [\"Image\"]}}]"}}, {"model": "admin.logentry", "pk": 52, "fields": {"action_time": "2024-01-26T08:38:21.959Z", "user": 1, "content_type": 15, "object_id": "7", "object_repr": "تیمبرلند - timberland", "action_flag": 2, "change_message": "[{\"changed\": {\"fields\": [\"Image\"]}}]"}}, {"model": "admin.logentry", "pk": 53, "fields": {"action_time": "2024-01-26T08:38:21.964Z", "user": 1, "content_type": 15, "object_id": "6", "object_repr": "پوما - puma", "action_flag": 2, "change_message": "[{\"changed\": {\"fields\": [\"Image\"]}}]"}}, {"model": "admin.logentry", "pk": 54, "fields": {"action_time": "2024-01-26T08:38:21.976Z", "user": 1, "content_type": 15, "object_id": "5", "object_repr": "بالنسیاگا - balenciaga", "action_flag": 2, "change_message": "[{\"changed\": {\"fields\": [\"Image\"]}}]"}}, {"model": "admin.logentry", "pk": 55, "fields": {"action_time": "2024-01-26T08:38:21.981Z", "user": 1, "content_type": 15, "object_id": "4", "object_repr": "اسیکس - asics", "action_flag": 2, "change_message": "[{\"changed\": {\"fields\": [\"Image\"]}}]"}}, {"model": "admin.logentry", "pk": 56, "fields": {"action_time": "2024-01-26T08:38:21.990Z", "user": 1, "content_type": 15, "object_id": "3", "object_repr": "اسکچرز - skechers", "action_flag": 2, "change_message": "[{\"changed\": {\"fields\": [\"Image\"]}}]"}}, {"model": "admin.logentry", "pk": 57, "fields": {"action_time": "2024-01-26T08:38:22.000Z", "user": 1, "content_type": 15, "object_id": "2", "object_repr": "آدیداس - adidas", "action_flag": 2, "change_message": "[{\"changed\": {\"fields\": [\"Image\"]}}]"}}, {"model": "admin.logentry", "pk": 58, "fields": {"action_time": "2024-01-26T09:17:40.035Z", "user": 1, "content_type": 15, "object_id": "12", "object_repr": "ونس - vans", "action_flag": 2, "change_message": "[{\"changed\": {\"fields\": [\"Order\"]}}]"}}, {"model": "admin.logentry", "pk": 59, "fields": {"action_time": "2024-01-26T09:18:03.793Z", "user": 1, "content_type": 16, "object_id": "1", "object_repr": "men", "action_flag": 2, "change_message": "[{\"changed\": {\"fields\": [\"Slug\"]}}]"}}, {"model": "admin.logentry", "pk": 60, "fields": {"action_time": "2024-01-26T09:18:06.974Z", "user": 1, "content_type": 16, "object_id": "1", "object_repr": "men", "action_flag": 2, "change_message": "[{\"changed\": {\"fields\": [\"Slug\"]}}]"}}, {"model": "admin.logentry", "pk": 61, "fields": {"action_time": "2024-01-26T10:50:49.022Z", "user": 1, "content_type": 16, "object_id": "2", "object_repr": "women", "action_flag": 2, "change_message": "[{\"changed\": {\"fields\": [\"Order\"]}}]"}}, {"model": "admin.logentry", "pk": 62, "fields": {"action_time": "2024-01-26T15:34:13.394Z", "user": 1, "content_type": 8, "object_id": "2", "object_repr": "اسلایدر صفحه اصلی", "action_flag": 1, "change_message": "[{\"added\": {}}]"}}, {"model": "admin.logentry", "pk": 63, "fields": {"action_time": "2024-01-26T15:34:39.864Z", "user": 1, "content_type": 17, "object_id": "1", "object_repr": "تست - اسلایدر صفحه اصلی 0x0", "action_flag": 1, "change_message": "[{\"added\": {}}]"}}, {"model": "admin.logentry", "pk": 64, "fields": {"action_time": "2024-01-26T15:34:55.513Z", "user": 1, "content_type": 17, "object_id": "2", "object_repr": "سلام - اسلایدر صفحه اصلی 0x0", "action_flag": 1, "change_message": "[{\"added\": {}}]"}}, {"model": "admin.logentry", "pk": 65, "fields": {"action_time": "2024-01-26T15:35:17.300Z", "user": 1, "content_type": 8, "object_id": "3", "object_repr": "بنر بالایی", "action_flag": 1, "change_message": "[{\"added\": {}}]"}}, {"model": "admin.logentry", "pk": 66, "fields": {"action_time": "2024-01-26T15:35:34.430Z", "user": 1, "content_type": 17, "object_id": "3", "object_repr": "بنر بالا - بنر کنار اسلایدر صفحه اصلی 0x0", "action_flag": 1, "change_message": "[{\"added\": {}}]"}}, {"model": "admin.logentry", "pk": 67, "fields": {"action_time": "2024-01-26T15:35:46.622Z", "user": 1, "content_type": 8, "object_id": "4", "object_repr": "بنر پایینی", "action_flag": 1, "change_message": "[{\"added\": {}}]"}}, {"model": "admin.logentry", "pk": 68, "fields": {"action_time": "2024-01-26T15:35:54.819Z", "user": 1, "content_type": 17, "object_id": "4", "object_repr": "wawfa - بنر کنار اسلایدر صفحه اصلی 0x0", "action_flag": 1, "change_message": "[{\"added\": {}}]"}}, {"model": "admin.logentry", "pk": 69, "fields": {"action_time": "2024-01-26T18:52:53.978Z", "user": 1, "content_type": 17, "object_id": "5", "object_repr": "wawa - اسلایدر صفحه اصلی 0x0", "action_flag": 1, "change_message": "[{\"added\": {}}]"}}, {"model": "admin.logentry", "pk": 70, "fields": {"action_time": "2024-01-27T12:15:59.559Z", "user": 1, "content_type": 8, "object_id": "5", "object_repr": "برند نایک", "action_flag": 1, "change_message": "[{\"added\": {}}]"}}, {"model": "admin.logentry", "pk": 71, "fields": {"action_time": "2024-01-27T12:16:02.378Z", "user": 1, "content_type": 15, "object_id": "1", "object_repr": "نایک - nike", "action_flag": 2, "change_message": "[{\"changed\": {\"fields\": [\"Image\"]}}]"}}, {"model": "admin.logentry", "pk": 72, "fields": {"action_time": "2024-01-27T12:16:18.741Z", "user": 1, "content_type": 15, "object_id": "11", "object_repr": "نیوبالانس - newbalance", "action_flag": 2, "change_message": "[{\"changed\": {\"fields\": [\"Image\"]}}]"}}, {"model": "admin.logentry", "pk": 73, "fields": {"action_time": "2024-01-27T12:16:18.752Z", "user": 1, "content_type": 15, "object_id": "10", "object_repr": "کاترپیلار - caterpillar", "action_flag": 2, "change_message": "[{\"changed\": {\"fields\": [\"Image\"]}}]"}}, {"model": "admin.logentry", "pk": 74, "fields": {"action_time": "2024-01-27T12:16:18.763Z", "user": 1, "content_type": 15, "object_id": "9", "object_repr": "سالومون - salomon", "action_flag": 2, "change_message": "[{\"changed\": {\"fields\": [\"Image\"]}}]"}}, {"model": "admin.logentry", "pk": 75, "fields": {"action_time": "2024-01-27T12:16:18.773Z", "user": 1, "content_type": 15, "object_id": "8", "object_repr": "ریباک - reebok", "action_flag": 2, "change_message": "[{\"changed\": {\"fields\": [\"Image\"]}}]"}}, {"model": "admin.logentry", "pk": 76, "fields": {"action_time": "2024-01-27T12:16:18.783Z", "user": 1, "content_type": 15, "object_id": "7", "object_repr": "تیمبرلند - timberland", "action_flag": 2, "change_message": "[{\"changed\": {\"fields\": [\"Image\"]}}]"}}, {"model": "admin.logentry", "pk": 77, "fields": {"action_time": "2024-01-27T12:16:18.793Z", "user": 1, "content_type": 15, "object_id": "6", "object_repr": "پوما - puma", "action_flag": 2, "change_message": "[{\"changed\": {\"fields\": [\"Image\"]}}]"}}, {"model": "admin.logentry", "pk": 78, "fields": {"action_time": "2024-01-27T12:16:18.802Z", "user": 1, "content_type": 15, "object_id": "5", "object_repr": "بالنسیاگا - balenciaga", "action_flag": 2, "change_message": "[{\"changed\": {\"fields\": [\"Image\"]}}]"}}, {"model": "admin.logentry", "pk": 79, "fields": {"action_time": "2024-01-27T12:16:18.813Z", "user": 1, "content_type": 15, "object_id": "4", "object_repr": "اسیکس - asics", "action_flag": 2, "change_message": "[{\"changed\": {\"fields\": [\"Image\"]}}]"}}, {"model": "admin.logentry", "pk": 80, "fields": {"action_time": "2024-01-27T12:16:18.822Z", "user": 1, "content_type": 15, "object_id": "3", "object_repr": "اسکچرز - skechers", "action_flag": 2, "change_message": "[{\"changed\": {\"fields\": [\"Image\"]}}]"}}, {"model": "admin.logentry", "pk": 81, "fields": {"action_time": "2024-01-27T12:16:18.832Z", "user": 1, "content_type": 15, "object_id": "2", "object_repr": "آدیداس - adidas", "action_flag": 2, "change_message": "[{\"changed\": {\"fields\": [\"Image\"]}}]"}}, {"model": "admin.logentry", "pk": 82, "fields": {"action_time": "2024-01-27T12:16:18.842Z", "user": 1, "content_type": 15, "object_id": "12", "object_repr": "ونس - vans", "action_flag": 2, "change_message": "[{\"changed\": {\"fields\": [\"Image\"]}}]"}}, {"model": "admin.logentry", "pk": 83, "fields": {"action_time": "2024-01-28T21:27:24.937Z", "user": 1, "content_type": 18, "object_id": "1", "object_repr": "سایز", "action_flag": 1, "change_message": "[{\"added\": {}}]"}}, {"model": "admin.logentry", "pk": 84, "fields": {"action_time": "2024-01-28T21:27:27.775Z", "user": 1, "content_type": 18, "object_id": "2", "object_repr": "رنگ", "action_flag": 1, "change_message": "[{\"added\": {}}]"}}, {"model": "admin.logentry", "pk": 85, "fields": {"action_time": "2024-01-28T21:27:50.513Z", "user": 1, "content_type": 20, "object_id": "1", "object_repr": "40", "action_flag": 1, "change_message": "[{\"added\": {}}]"}}, {"model": "admin.logentry", "pk": 86, "fields": {"action_time": "2024-01-28T21:27:53.179Z", "user": 1, "content_type": 20, "object_id": "2", "object_repr": "41", "action_flag": 1, "change_message": "[{\"added\": {}}]"}}, {"model": "admin.logentry", "pk": 87, "fields": {"action_time": "2024-01-28T21:27:55.552Z", "user": 1, "content_type": 20, "object_id": "3", "object_repr": "42", "action_flag": 1, "change_message": "[{\"added\": {}}]"}}, {"model": "admin.logentry", "pk": 88, "fields": {"action_time": "2024-01-28T21:27:58.110Z", "user": 1, "content_type": 20, "object_id": "4", "object_repr": "43", "action_flag": 1, "change_message": "[{\"added\": {}}]"}}, {"model": "admin.logentry", "pk": 89, "fields": {"action_time": "2024-01-28T21:28:00.494Z", "user": 1, "content_type": 20, "object_id": "5", "object_repr": "44", "action_flag": 1, "change_message": "[{\"added\": {}}]"}}, {"model": "admin.logentry", "pk": 90, "fields": {"action_time": "2024-01-28T21:30:01.302Z", "user": 1, "content_type": 20, "object_id": "6", "object_repr": "قرمز", "action_flag": 1, "change_message": "[{\"added\": {}}]"}}, {"model": "admin.logentry", "pk": 91, "fields": {"action_time": "2024-01-28T21:30:12.792Z", "user": 1, "content_type": 20, "object_id": "7", "object_repr": "آبی", "action_flag": 1, "change_message": "[{\"added\": {}}]"}}, {"model": "admin.logentry", "pk": 92, "fields": {"action_time": "2024-01-28T21:30:20.243Z", "user": 1, "content_type": 20, "object_id": "8", "object_repr": "سبز", "action_flag": 1, "change_message": "[{\"added\": {}}]"}}, {"model": "admin.logentry", "pk": 93, "fields": {"action_time": "2024-01-28T22:28:30.763Z", "user": 1, "content_type": 18, "object_id": "3", "object_repr": "سایز-رنگ", "action_flag": 1, "change_message": "[{\"added\": {}}]"}}, {"model": "admin.logentry", "pk": 94, "fields": {"action_time": "2024-01-28T22:28:35.418Z", "user": 1, "content_type": 24, "object_id": "1", "object_repr": "مد و پوشاک", "action_flag": 1, "change_message": "[{\"added\": {}}, {\"added\": {\"name\": \"Product Attribute\", \"object\": \"\\u0633\\u0627\\u06cc\\u0632\"}}, {\"added\": {\"name\": \"Product Attribute\", \"object\": \"\\u0631\\u0646\\u06af\"}}, {\"added\": {\"name\": \"Product Attribute\", \"object\": \"\\u0633\\u0627\\u06cc\\u0632-\\u0631\\u0646\\u06af\"}}]"}}, {"model": "admin.logentry", "pk": 95, "fields": {"action_time": "2024-01-29T13:24:41.931Z", "user": 1, "content_type": 16, "object_id": "15", "object_repr": "wfawfawfawfa", "action_flag": 1, "change_message": "[{\"added\": {}}]"}}, {"model": "admin.logentry", "pk": 96, "fields": {"action_time": "2024-01-29T13:41:13.430Z", "user": 1, "content_type": 16, "object_id": "16", "object_repr": "wafwafwafwafwa", "action_flag": 1, "change_message": "[{\"added\": {}}]"}}, {"model": "admin.logentry", "pk": 97, "fields": {"action_time": "2024-01-29T14:19:48.662Z", "user": 1, "content_type": 16, "object_id": "15", "object_repr": "wfawfawfawfa", "action_flag": 3, "change_message": ""}}, {"model": "admin.logentry", "pk": 98, "fields": {"action_time": "2024-01-29T14:19:48.674Z", "user": 1, "content_type": 16, "object_id": "16", "object_repr": "wafwafwafwafwa", "action_flag": 3, "change_message": ""}}, {"model": "admin.logentry", "pk": 99, "fields": {"action_time": "2024-01-29T14:27:08.723Z", "user": 1, "content_type": 8, "object_id": "6", "object_repr": "نایک زوم پگاسوس توربو مشکی", "action_flag": 1, "change_message": "[{\"added\": {}}]"}}, {"model": "admin.logentry", "pk": 100, "fields": {"action_time": "2024-01-29T14:27:12.806Z", "user": 1, "content_type": 21, "object_id": "1", "object_repr": "Product object (1)", "action_flag": 1, "change_message": "[{\"added\": {}}, {\"added\": {\"name\": \"product image\", \"object\": \"ProductImage object (1)\"}}]"}}, {"model": "admin.logentry", "pk": 101, "fields": {"action_time": "2024-01-29T14:29:22.468Z", "user": 1, "content_type": 21, "object_id": "1", "object_repr": "Product object (1)", "action_flag": 2, "change_message": "[{\"changed\": {\"fields\": [\"Categories\"]}}]"}}, {"model": "admin.logentry", "pk": 102, "fields": {"action_time": "2024-01-29T16:47:07.995Z", "user": 1, "content_type": 21, "object_id": "1", "object_repr": "نایک زوم پگاسوس توربو مشکی", "action_flag": 2, "change_message": "[]"}}, {"model": "admin.logentry", "pk": 103, "fields": {"action_time": "2024-01-30T09:50:50.592Z", "user": 1, "content_type": 21, "object_id": "2", "object_repr": "None", "action_flag": 1, "change_message": "[{\"added\": {}}, {\"added\": {\"name\": \"Attribute Value\", \"object\": \"ProductAttributeValue object (1)\"}}]"}}, {"model": "admin.logentry", "pk": 104, "fields": {"action_time": "2024-01-30T09:51:18.527Z", "user": 1, "content_type": 21, "object_id": "3", "object_repr": "None", "action_flag": 1, "change_message": "[{\"added\": {}}, {\"added\": {\"name\": \"Attribute Value\", \"object\": \"ProductAttributeValue object (2)\"}}]"}}, {"model": "admin.logentry", "pk": 105, "fields": {"action_time": "2024-01-30T10:04:34.622Z", "user": 1, "content_type": 21, "object_id": "3", "object_repr": "None", "action_flag": 2, "change_message": "[{\"changed\": {\"fields\": [\"Parent\"]}}]"}}, {"model": "admin.logentry", "pk": 106, "fields": {"action_time": "2024-01-30T10:04:40.611Z", "user": 1, "content_type": 21, "object_id": "2", "object_repr": "None", "action_flag": 2, "change_message": "[{\"changed\": {\"fields\": [\"Parent\"]}}]"}}, {"model": "admin.logentry", "pk": 107, "fields": {"action_time": "2024-01-30T10:54:14.255Z", "user": 1, "content_type": 21, "object_id": "2", "object_repr": "None", "action_flag": 2, "change_message": "[{\"changed\": {\"fields\": [\"Parent\", \"Order\"]}}]"}}, {"model": "admin.logentry", "pk": 108, "fields": {"action_time": "2024-01-30T10:54:25.252Z", "user": 1, "content_type": 21, "object_id": "3", "object_repr": "None", "action_flag": 2, "change_message": "[{\"changed\": {\"fields\": [\"Parent\"]}}]"}}, {"model": "admin.logentry", "pk": 109, "fields": {"action_time": "2024-01-30T14:46:46.444Z", "user": 1, "content_type": 21, "object_id": "4", "object_repr": "ایرجردن وان فیرلس مشکی", "action_flag": 1, "change_message": "[{\"added\": {}}, {\"added\": {\"name\": \"product image\", \"object\": \"ProductImage object (2)\"}}]"}}, {"model": "admin.logentry", "pk": 110, "fields": {"action_time": "2024-01-30T14:47:44.886Z", "user": 1, "content_type": 21, "object_id": "5", "object_repr": "None", "action_flag": 1, "change_message": "[{\"added\": {}}, {\"added\": {\"name\": \"Attribute Value\", \"object\": \"ProductAttributeValue object (3)\"}}]"}}, {"model": "admin.logentry", "pk": 111, "fields": {"action_time": "2024-01-30T14:47:59.244Z", "user": 1, "content_type": 21, "object_id": "1", "object_repr": "نایک زوم پگاسوس توربو مشکی", "action_flag": 2, "change_message": "[{\"changed\": {\"fields\": [\"Upc\"]}}]"}}, {"model": "admin.logentry", "pk": 112, "fields": {"action_time": "2024-01-30T14:48:09.067Z", "user": 1, "content_type": 21, "object_id": "3", "object_repr": "None", "action_flag": 2, "change_message": "[{\"changed\": {\"fields\": [\"Upc\"]}}]"}}, {"model": "admin.logentry", "pk": 113, "fields": {"action_time": "2024-01-30T14:48:16.420Z", "user": 1, "content_type": 21, "object_id": "2", "object_repr": "None", "action_flag": 2, "change_message": "[{\"changed\": {\"fields\": [\"Upc\"]}}]"}}, {"model": "admin.logentry", "pk": 114, "fields": {"action_time": "2024-01-30T14:48:25.157Z", "user": 1, "content_type": 21, "object_id": "4", "object_repr": "ایرجردن وان فیرلس مشکی", "action_flag": 2, "change_message": "[{\"changed\": {\"fields\": [\"Upc\"]}}]"}}, {"model": "admin.logentry", "pk": 115, "fields": {"action_time": "2024-01-30T14:48:32.019Z", "user": 1, "content_type": 21, "object_id": "5", "object_repr": "None", "action_flag": 2, "change_message": "[{\"changed\": {\"fields\": [\"Upc\"]}}]"}}, {"model": "admin.logentry", "pk": 116, "fields": {"action_time": "2024-01-30T14:50:52.070Z", "user": 1, "content_type": 21, "object_id": "5", "object_repr": "None", "action_flag": 2, "change_message": "[{\"added\": {\"name\": \"stock record\", \"object\": \"StockRecord object (1)\"}}]"}}, {"model": "admin.logentry", "pk": 117, "fields": {"action_time": "2024-01-30T14:51:22.218Z", "user": 1, "content_type": 21, "object_id": "2", "object_repr": "None", "action_flag": 2, "change_message": "[{\"added\": {\"name\": \"stock record\", \"object\": \"StockRecord object (2)\"}}]"}}, {"model": "admin.logentry", "pk": 118, "fields": {"action_time": "2024-01-30T14:51:37.567Z", "user": 1, "content_type": 21, "object_id": "3", "object_repr": "None", "action_flag": 2, "change_message": "[{\"added\": {\"name\": \"stock record\", \"object\": \"StockRecord object (3)\"}}]"}}, {"model": "admin.logentry", "pk": 119, "fields": {"action_time": "2024-01-30T15:53:24.482Z", "user": 1, "content_type": 21, "object_id": "5", "object_repr": "None", "action_flag": 2, "change_message": "[{\"changed\": {\"name\": \"stock record\", \"object\": \"StockRecord object (1)\", \"fields\": [\"As placeholder\"]}}]"}}, {"model": "admin.logentry", "pk": 120, "fields": {"action_time": "2024-01-30T15:54:27.626Z", "user": 1, "content_type": 21, "object_id": "5", "object_repr": "None", "action_flag": 2, "change_message": "[{\"changed\": {\"name\": \"stock record\", \"object\": \"StockRecord object (1)\", \"fields\": [\"Buy price\"]}}]"}}, {"model": "admin.logentry", "pk": 121, "fields": {"action_time": "2024-01-30T15:57:28.215Z", "user": 1, "content_type": 21, "object_id": "5", "object_repr": "None", "action_flag": 2, "change_message": "[{\"changed\": {\"name\": \"stock record\", \"object\": \"TKU-101\", \"fields\": [\"Num stock\"]}}]"}}, {"model": "admin.logentry", "pk": 122, "fields": {"action_time": "2024-01-30T15:57:41.715Z", "user": 1, "content_type": 21, "object_id": "5", "object_repr": "None", "action_flag": 2, "change_message": "[{\"changed\": {\"name\": \"stock record\", \"object\": \"TKU-101\", \"fields\": [\"Sale price\"]}}]"}}, {"model": "admin.logentry", "pk": 123, "fields": {"action_time": "2024-01-30T15:58:47.884Z", "user": 1, "content_type": 21, "object_id": "6", "object_repr": "None", "action_flag": 1, "change_message": "[{\"added\": {}}, {\"added\": {\"name\": \"Attribute Value\", \"object\": \"ProductAttributeValue object (4)\"}}, {\"added\": {\"name\": \"stock record\", \"object\": \"TKU-41414141\"}}]"}}, {"model": "admin.logentry", "pk": 124, "fields": {"action_time": "2024-01-30T19:29:51.177Z", "user": 1, "content_type": 21, "object_id": "3", "object_repr": "None", "action_flag": 2, "change_message": "[{\"changed\": {\"name\": \"stock record\", \"object\": \"TKU-3001\", \"fields\": [\"Buy price\"]}}]"}}, {"model": "admin.logentry", "pk": 125, "fields": {"action_time": "2024-01-30T19:30:41.553Z", "user": 1, "content_type": 21, "object_id": "3", "object_repr": "None", "action_flag": 2, "change_message": "[{\"changed\": {\"name\": \"stock record\", \"object\": \"TKU-3001\", \"fields\": [\"Num stock\"]}}]"}}, {"model": "admin.logentry", "pk": 126, "fields": {"action_time": "2024-01-30T19:30:58.569Z", "user": 1, "content_type": 21, "object_id": "6", "object_repr": "None", "action_flag": 2, "change_message": "[{\"changed\": {\"name\": \"stock record\", \"object\": \"TKU-41414141\", \"fields\": [\"Buy price\", \"Sale price\", \"Num stock\"]}}]"}}, {"model": "admin.logentry", "pk": 127, "fields": {"action_time": "2024-01-30T19:31:45.018Z", "user": 1, "content_type": 21, "object_id": "2", "object_repr": "None", "action_flag": 2, "change_message": "[{\"changed\": {\"name\": \"stock record\", \"object\": \"TKU-3000\", \"fields\": [\"Num stock\"]}}]"}}, {"model": "admin.logentry", "pk": 128, "fields": {"action_time": "2024-01-30T19:32:07.005Z", "user": 1, "content_type": 21, "object_id": "3", "object_repr": "None", "action_flag": 2, "change_message": "[{\"changed\": {\"name\": \"stock record\", \"object\": \"TKU-3001\", \"fields\": [\"Buy price\", \"Sale price\"]}}]"}}, {"model": "admin.logentry", "pk": 129, "fields": {"action_time": "2024-01-30T19:32:23.042Z", "user": 1, "content_type": 21, "object_id": "3", "object_repr": "None", "action_flag": 2, "change_message": "[{\"changed\": {\"name\": \"stock record\", \"object\": \"TKU-3001\", \"fields\": [\"Num stock\"]}}]"}}, {"model": "admin.logentry", "pk": 130, "fields": {"action_time": "2024-01-30T20:32:08.965Z", "user": 1, "content_type": 21, "object_id": "7", "object_repr": "test", "action_flag": 1, "change_message": "[{\"added\": {}}, {\"added\": {\"name\": \"Attribute Value\", \"object\": \"ProductAttributeValue object (5)\"}}, {\"added\": {\"name\": \"stock record\", \"object\": \"wgawgagwag\"}}]"}}, {"model": "admin.logentry", "pk": 131, "fields": {"action_time": "2024-01-30T20:32:46.674Z", "user": 1, "content_type": 21, "object_id": "8", "object_repr": "test2", "action_flag": 1, "change_message": "[{\"added\": {}}, {\"added\": {\"name\": \"Attribute Value\", \"object\": \"ProductAttributeValue object (6)\"}}, {\"added\": {\"name\": \"stock record\", \"object\": \"wfawfafwafwafwafwa\"}}]"}}, {"model": "admin.logentry", "pk": 132, "fields": {"action_time": "2024-01-31T05:57:03.669Z", "user": 1, "content_type": 21, "object_id": "8", "object_repr": "test2", "action_flag": 3, "change_message": ""}}, {"model": "admin.logentry", "pk": 133, "fields": {"action_time": "2024-01-31T05:57:03.680Z", "user": 1, "content_type": 21, "object_id": "7", "object_repr": "test", "action_flag": 3, "change_message": ""}}, {"model": "admin.logentry", "pk": 134, "fields": {"action_time": "2024-01-31T05:59:35.304Z", "user": 1, "content_type": 8, "object_id": "7", "object_repr": "کفش نیوبالانس NewBalance AM574", "action_flag": 1, "change_message": "[{\"added\": {}}]"}}, {"model": "admin.logentry", "pk": 135, "fields": {"action_time": "2024-01-31T05:59:37.369Z", "user": 1, "content_type": 21, "object_id": "9", "object_repr": "کفش نیوبالانس NewBalance AM574", "action_flag": 1, "change_message": "[{\"added\": {}}, {\"added\": {\"name\": \"product image\", \"object\": \"ProductImage object (3)\"}}]"}}, {"model": "admin.logentry", "pk": 136, "fields": {"action_time": "2024-01-31T06:00:28.082Z", "user": 1, "content_type": 21, "object_id": "10", "object_repr": "None", "action_flag": 1, "change_message": "[{\"added\": {}}, {\"added\": {\"name\": \"Attribute Value\", \"object\": \"ProductAttributeValue object (7)\"}}, {\"added\": {\"name\": \"stock record\", \"object\": \"TKU-437-55\"}}]"}}, {"model": "admin.logentry", "pk": 137, "fields": {"action_time": "2024-01-31T06:01:09.673Z", "user": 1, "content_type": 21, "object_id": "11", "object_repr": "کفش نیوبالانس NewBalance 725", "action_flag": 1, "change_message": "[{\"added\": {}}, {\"added\": {\"name\": \"product image\", \"object\": \"ProductImage object (4)\"}}]"}}, {"model": "admin.logentry", "pk": 138, "fields": {"action_time": "2024-01-31T06:01:45.663Z", "user": 1, "content_type": 21, "object_id": "12", "object_repr": "None", "action_flag": 1, "change_message": "[{\"added\": {}}, {\"added\": {\"name\": \"Attribute Value\", \"object\": \"ProductAttributeValue object (8)\"}}, {\"added\": {\"name\": \"stock record\", \"object\": \"TKU-newbalance-44\"}}]"}}, {"model": "admin.logentry", "pk": 139, "fields": {"action_time": "2024-01-31T06:02:57.935Z", "user": 1, "content_type": 8, "object_id": "8", "object_repr": "کفش سالومون اکس تی راش Salomon XT-RUSH", "action_flag": 1, "change_message": "[{\"added\": {}}]"}}, {"model": "admin.logentry", "pk": 140, "fields": {"action_time": "2024-01-31T06:03:00.925Z", "user": 1, "content_type": 21, "object_id": "13", "object_repr": "کفش سالومون اکس تی راش Salomon XT-RUSH", "action_flag": 1, "change_message": "[{\"added\": {}}, {\"added\": {\"name\": \"product image\", \"object\": \"ProductImage object (5)\"}}]"}}, {"model": "admin.logentry", "pk": 141, "fields": {"action_time": "2024-01-31T06:03:25.062Z", "user": 1, "content_type": 21, "object_id": "14", "object_repr": "None", "action_flag": 1, "change_message": "[{\"added\": {}}, {\"added\": {\"name\": \"Attribute Value\", \"object\": \"ProductAttributeValue object (9)\"}}, {\"added\": {\"name\": \"stock record\", \"object\": \"TKU-412141435\"}}]"}}, {"model": "admin.logentry", "pk": 142, "fields": {"action_time": "2024-01-31T06:24:53.082Z", "user": 1, "content_type": 8, "object_id": "9", "object_repr": "کفش آدیداس Adidas X_PLR", "action_flag": 1, "change_message": "[{\"added\": {}}]"}}, {"model": "admin.logentry", "pk": 143, "fields": {"action_time": "2024-01-31T06:24:54.632Z", "user": 1, "content_type": 21, "object_id": "15", "object_repr": "کفش آدیداس Adidas X_PLR", "action_flag": 1, "change_message": "[{\"added\": {}}, {\"added\": {\"name\": \"product image\", \"object\": \"ProductImage object (6)\"}}]"}}, {"model": "admin.logentry", "pk": 144, "fields": {"action_time": "2024-01-31T06:25:25.525Z", "user": 1, "content_type": 21, "object_id": "16", "object_repr": "None", "action_flag": 1, "change_message": "[{\"added\": {}}, {\"added\": {\"name\": \"Attribute Value\", \"object\": \"ProductAttributeValue object (10)\"}}, {\"added\": {\"name\": \"stock record\", \"object\": \"TKU-adidas-42\"}}]"}}, {"model": "admin.logentry", "pk": 145, "fields": {"action_time": "2024-01-31T09:45:02.934Z", "user": 1, "content_type": 21, "object_id": "16", "object_repr": "None", "action_flag": 2, "change_message": "[{\"changed\": {\"name\": \"stock record\", \"object\": \"TKU-adidas-42\", \"fields\": [\"Special sale price\"]}}]"}}, {"model": "admin.logentry", "pk": 146, "fields": {"action_time": "2024-01-31T09:46:18.776Z", "user": 1, "content_type": 21, "object_id": "16", "object_repr": "None", "action_flag": 2, "change_message": "[{\"changed\": {\"name\": \"stock record\", \"object\": \"TKU-adidas-42\", \"fields\": [\"Special sale price\"]}}]"}}, {"model": "admin.logentry", "pk": 147, "fields": {"action_time": "2024-01-31T09:50:30.257Z", "user": 1, "content_type": 21, "object_id": "16", "object_repr": "None", "action_flag": 2, "change_message": "[{\"changed\": {\"name\": \"stock record\", \"object\": \"TKU-adidas-42\", \"fields\": [\"Special sale price\"]}}]"}}, {"model": "admin.logentry", "pk": 148, "fields": {"action_time": "2024-01-31T10:56:11.107Z", "user": 1, "content_type": 21, "object_id": "5", "object_repr": "None", "action_flag": 2, "change_message": "[{\"changed\": {\"name\": \"stock record\", \"object\": \"TKU-101\", \"fields\": [\"Special sale price\", \"Special sale price start at\", \"Special sale price end at\"]}}]"}}, {"model": "admin.logentry", "pk": 149, "fields": {"action_time": "2024-01-31T10:57:36.342Z", "user": 1, "content_type": 21, "object_id": "3", "object_repr": "None", "action_flag": 2, "change_message": "[{\"changed\": {\"name\": \"stock record\", \"object\": \"TKU-3001\", \"fields\": [\"Buy price\", \"Sale price\", \"Special sale price\", \"Special sale price start at\", \"Special sale price end at\"]}}]"}}, {"model": "admin.logentry", "pk": 150, "fields": {"action_time": "2024-01-31T10:58:35.557Z", "user": 1, "content_type": 21, "object_id": "3", "object_repr": "None", "action_flag": 2, "change_message": "[{\"changed\": {\"name\": \"stock record\", \"object\": \"TKU-3001\", \"fields\": [\"Buy price\", \"Sale price\", \"Special sale price\"]}}]"}}, {"model": "admin.logentry", "pk": 151, "fields": {"action_time": "2024-01-31T11:36:13.300Z", "user": 1, "content_type": 21, "object_id": "3", "object_repr": "None", "action_flag": 2, "change_message": "[{\"changed\": {\"name\": \"stock record\", \"object\": \"TKU-3001\", \"fields\": [\"Special sale price start at\"]}}]"}}, {"model": "admin.logentry", "pk": 152, "fields": {"action_time": "2024-01-31T11:38:05.578Z", "user": 1, "content_type": 21, "object_id": "3", "object_repr": "None", "action_flag": 2, "change_message": "[{\"changed\": {\"name\": \"stock record\", \"object\": \"TKU-3001\", \"fields\": [\"Special sale price start at\", \"Special sale price end at\"]}}]"}}, {"model": "admin.logentry", "pk": 153, "fields": {"action_time": "2024-01-31T11:52:17.893Z", "user": 1, "content_type": 21, "object_id": "3", "object_repr": "None", "action_flag": 2, "change_message": "[{\"changed\": {\"name\": \"stock record\", \"object\": \"TKU-3001\", \"fields\": [\"Special sale price\"]}}]"}}, {"model": "admin.logentry", "pk": 154, "fields": {"action_time": "2024-01-31T11:52:37.431Z", "user": 1, "content_type": 21, "object_id": "3", "object_repr": "None", "action_flag": 2, "change_message": "[{\"changed\": {\"name\": \"stock record\", \"object\": \"TKU-3001\", \"fields\": [\"Special sale price start at\"]}}]"}}, {"model": "admin.logentry", "pk": 155, "fields": {"action_time": "2024-01-31T11:52:54.371Z", "user": 1, "content_type": 21, "object_id": "3", "object_repr": "None", "action_flag": 2, "change_message": "[{\"changed\": {\"name\": \"stock record\", \"object\": \"TKU-3001\", \"fields\": [\"Special sale price end at\"]}}]"}}, {"model": "admin.logentry", "pk": 156, "fields": {"action_time": "2024-01-31T11:53:27.160Z", "user": 1, "content_type": 21, "object_id": "3", "object_repr": "None", "action_flag": 2, "change_message": "[{\"changed\": {\"name\": \"stock record\", \"object\": \"TKU-3001\", \"fields\": [\"Special sale price start at\"]}}]"}}, {"model": "admin.logentry", "pk": 157, "fields": {"action_time": "2024-02-02T14:15:32.185Z", "user": 1, "content_type": 16, "object_id": "1", "object_repr": "men", "action_flag": 2, "change_message": "[{\"changed\": {\"fields\": [\"Slug\"]}}]"}}, {"model": "admin.logentry", "pk": 158, "fields": {"action_time": "2024-02-02T14:15:32.212Z", "user": 1, "content_type": 16, "object_id": "4", "object_repr": "men - basketball", "action_flag": 2, "change_message": "[{\"changed\": {\"fields\": [\"Slug\"]}}]"}}, {"model": "admin.logentry", "pk": 159, "fields": {"action_time": "2024-02-02T14:15:32.232Z", "user": 1, "content_type": 16, "object_id": "7", "object_repr": "men - daily", "action_flag": 2, "change_message": "[{\"changed\": {\"fields\": [\"Slug\"]}}]"}}, {"model": "admin.logentry", "pk": 160, "fields": {"action_time": "2024-02-02T14:15:32.253Z", "user": 1, "content_type": 16, "object_id": "8", "object_repr": "men - hiking", "action_flag": 2, "change_message": "[{\"changed\": {\"fields\": [\"Slug\"]}}]"}}, {"model": "admin.logentry", "pk": 161, "fields": {"action_time": "2024-02-02T14:15:32.278Z", "user": 1, "content_type": 16, "object_id": "6", "object_repr": "men - running", "action_flag": 2, "change_message": "[{\"changed\": {\"fields\": [\"Slug\"]}}]"}}, {"model": "admin.logentry", "pk": 162, "fields": {"action_time": "2024-02-02T14:15:32.302Z", "user": 1, "content_type": 16, "object_id": "3", "object_repr": "men - sport-shoes", "action_flag": 2, "change_message": "[{\"changed\": {\"fields\": [\"Slug\"]}}]"}}, {"model": "admin.logentry", "pk": 163, "fields": {"action_time": "2024-02-02T14:15:32.330Z", "user": 1, "content_type": 16, "object_id": "5", "object_repr": "men - walking", "action_flag": 2, "change_message": "[{\"changed\": {\"fields\": [\"Slug\"]}}]"}}, {"model": "admin.logentry", "pk": 164, "fields": {"action_time": "2024-02-02T14:15:32.363Z", "user": 1, "content_type": 16, "object_id": "2", "object_repr": "women", "action_flag": 2, "change_message": "[{\"changed\": {\"fields\": [\"Slug\"]}}]"}}, {"model": "admin.logentry", "pk": 165, "fields": {"action_time": "2024-02-02T14:15:32.389Z", "user": 1, "content_type": 16, "object_id": "9", "object_repr": "women - basketball", "action_flag": 2, "change_message": "[{\"changed\": {\"fields\": [\"Slug\"]}}]"}}, {"model": "admin.logentry", "pk": 166, "fields": {"action_time": "2024-02-02T14:15:32.412Z", "user": 1, "content_type": 16, "object_id": "10", "object_repr": "women - daily", "action_flag": 2, "change_message": "[{\"changed\": {\"fields\": [\"Slug\"]}}]"}}, {"model": "admin.logentry", "pk": 167, "fields": {"action_time": "2024-02-02T14:15:32.435Z", "user": 1, "content_type": 16, "object_id": "11", "object_repr": "women - hiking", "action_flag": 2, "change_message": "[{\"changed\": {\"fields\": [\"Slug\"]}}]"}}, {"model": "admin.logentry", "pk": 168, "fields": {"action_time": "2024-02-02T14:15:32.458Z", "user": 1, "content_type": 16, "object_id": "12", "object_repr": "women - running", "action_flag": 2, "change_message": "[{\"changed\": {\"fields\": [\"Slug\"]}}]"}}, {"model": "admin.logentry", "pk": 169, "fields": {"action_time": "2024-02-02T14:15:32.487Z", "user": 1, "content_type": 16, "object_id": "13", "object_repr": "women - sport-shoes", "action_flag": 2, "change_message": "[{\"changed\": {\"fields\": [\"Slug\"]}}]"}}, {"model": "admin.logentry", "pk": 170, "fields": {"action_time": "2024-02-02T14:15:32.516Z", "user": 1, "content_type": 16, "object_id": "14", "object_repr": "women - walking", "action_flag": 2, "change_message": "[{\"changed\": {\"fields\": [\"Slug\"]}}]"}}, {"model": "admin.logentry", "pk": 171, "fields": {"action_time": "2024-02-02T14:15:48.218Z", "user": 1, "content_type": 16, "object_id": "3", "object_repr": "men - sport shoes", "action_flag": 2, "change_message": "[{\"changed\": {\"fields\": [\"Title en\"]}}]"}}, {"model": "admin.logentry", "pk": 172, "fields": {"action_time": "2024-02-02T14:15:48.244Z", "user": 1, "content_type": 16, "object_id": "13", "object_repr": "women - sport shoes", "action_flag": 2, "change_message": "[{\"changed\": {\"fields\": [\"Title en\"]}}]"}}, {"model": "admin.logentry", "pk": 173, "fields": {"action_time": "2024-02-02T14:20:44.332Z", "user": 1, "content_type": 16, "object_id": "1", "object_repr": "mens", "action_flag": 2, "change_message": "[{\"changed\": {\"fields\": [\"Title en\"]}}]"}}, {"model": "admin.logentry", "pk": 174, "fields": {"action_time": "2024-02-02T14:20:51.758Z", "user": 1, "content_type": 16, "object_id": "1", "object_repr": "men", "action_flag": 2, "change_message": "[{\"changed\": {\"fields\": [\"Title en\"]}}]"}}, {"model": "admin.logentry", "pk": 175, "fields": {"action_time": "2024-02-02T14:52:56.644Z", "user": 1, "content_type": 15, "object_id": "11", "object_repr": "نیوبالانس - newbalance", "action_flag": 2, "change_message": "[{\"changed\": {\"fields\": [\"Slug\"]}}]"}}, {"model": "admin.logentry", "pk": 176, "fields": {"action_time": "2024-02-02T14:52:56.698Z", "user": 1, "content_type": 15, "object_id": "10", "object_repr": "کاترپیلار - caterpillar", "action_flag": 2, "change_message": "[{\"changed\": {\"fields\": [\"Slug\"]}}]"}}, {"model": "admin.logentry", "pk": 177, "fields": {"action_time": "2024-02-02T14:52:56.750Z", "user": 1, "content_type": 15, "object_id": "9", "object_repr": "سالومون - salomon", "action_flag": 2, "change_message": "[{\"changed\": {\"fields\": [\"Slug\"]}}]"}}, {"model": "admin.logentry", "pk": 178, "fields": {"action_time": "2024-02-02T14:52:56.796Z", "user": 1, "content_type": 15, "object_id": "8", "object_repr": "ریباک - reebok", "action_flag": 2, "change_message": "[{\"changed\": {\"fields\": [\"Slug\"]}}]"}}, {"model": "admin.logentry", "pk": 179, "fields": {"action_time": "2024-02-02T14:52:56.855Z", "user": 1, "content_type": 15, "object_id": "7", "object_repr": "تیمبرلند - timberland", "action_flag": 2, "change_message": "[{\"changed\": {\"fields\": [\"Slug\"]}}]"}}, {"model": "admin.logentry", "pk": 180, "fields": {"action_time": "2024-02-02T14:52:56.901Z", "user": 1, "content_type": 15, "object_id": "6", "object_repr": "پوما - puma", "action_flag": 2, "change_message": "[{\"changed\": {\"fields\": [\"Slug\"]}}]"}}, {"model": "admin.logentry", "pk": 181, "fields": {"action_time": "2024-02-02T14:52:56.944Z", "user": 1, "content_type": 15, "object_id": "5", "object_repr": "بالنسیاگا - balenciaga", "action_flag": 2, "change_message": "[{\"changed\": {\"fields\": [\"Slug\"]}}]"}}, {"model": "admin.logentry", "pk": 182, "fields": {"action_time": "2024-02-02T14:52:56.980Z", "user": 1, "content_type": 15, "object_id": "4", "object_repr": "اسیکس - asics", "action_flag": 2, "change_message": "[{\"changed\": {\"fields\": [\"Slug\"]}}]"}}, {"model": "admin.logentry", "pk": 183, "fields": {"action_time": "2024-02-02T14:52:57.016Z", "user": 1, "content_type": 15, "object_id": "3", "object_repr": "اسکچرز - skechers", "action_flag": 2, "change_message": "[{\"changed\": {\"fields\": [\"Slug\"]}}]"}}, {"model": "admin.logentry", "pk": 184, "fields": {"action_time": "2024-02-02T14:52:57.056Z", "user": 1, "content_type": 15, "object_id": "2", "object_repr": "آدیداس - adidas", "action_flag": 2, "change_message": "[{\"changed\": {\"fields\": [\"Slug\"]}}]"}}, {"model": "admin.logentry", "pk": 185, "fields": {"action_time": "2024-02-02T14:52:57.098Z", "user": 1, "content_type": 15, "object_id": "1", "object_repr": "نایک - nike", "action_flag": 2, "change_message": "[{\"changed\": {\"fields\": [\"Slug\"]}}]"}}, {"model": "admin.logentry", "pk": 186, "fields": {"action_time": "2024-02-02T14:52:57.139Z", "user": 1, "content_type": 15, "object_id": "12", "object_repr": "ونس - vans", "action_flag": 2, "change_message": "[{\"changed\": {\"fields\": [\"Slug\"]}}]"}}, {"model": "admin.logentry", "pk": 187, "fields": {"action_time": "2024-02-02T14:55:27.852Z", "user": 1, "content_type": 15, "object_id": "11", "object_repr": "نیوبالانس - newbalance", "action_flag": 2, "change_message": "[{\"changed\": {\"fields\": [\"Slug\"]}}]"}}, {"model": "admin.logentry", "pk": 188, "fields": {"action_time": "2024-02-02T14:55:27.897Z", "user": 1, "content_type": 15, "object_id": "10", "object_repr": "کاترپیلار - caterpillar", "action_flag": 2, "change_message": "[{\"changed\": {\"fields\": [\"Slug\"]}}]"}}, {"model": "admin.logentry", "pk": 189, "fields": {"action_time": "2024-02-02T14:55:27.965Z", "user": 1, "content_type": 15, "object_id": "9", "object_repr": "سالومون - salomon", "action_flag": 2, "change_message": "[{\"changed\": {\"fields\": [\"Slug\"]}}]"}}, {"model": "admin.logentry", "pk": 190, "fields": {"action_time": "2024-02-02T14:55:28.029Z", "user": 1, "content_type": 15, "object_id": "8", "object_repr": "ریباک - reebok", "action_flag": 2, "change_message": "[{\"changed\": {\"fields\": [\"Slug\"]}}]"}}, {"model": "admin.logentry", "pk": 191, "fields": {"action_time": "2024-02-02T14:55:28.083Z", "user": 1, "content_type": 15, "object_id": "7", "object_repr": "تیمبرلند - timberland", "action_flag": 2, "change_message": "[{\"changed\": {\"fields\": [\"Slug\"]}}]"}}, {"model": "admin.logentry", "pk": 192, "fields": {"action_time": "2024-02-02T14:55:28.150Z", "user": 1, "content_type": 15, "object_id": "6", "object_repr": "پوما - puma", "action_flag": 2, "change_message": "[{\"changed\": {\"fields\": [\"Slug\"]}}]"}}, {"model": "admin.logentry", "pk": 193, "fields": {"action_time": "2024-02-02T14:55:28.217Z", "user": 1, "content_type": 15, "object_id": "5", "object_repr": "بالنسیاگا - balenciaga", "action_flag": 2, "change_message": "[{\"changed\": {\"fields\": [\"Slug\"]}}]"}}, {"model": "admin.logentry", "pk": 194, "fields": {"action_time": "2024-02-02T14:55:28.278Z", "user": 1, "content_type": 15, "object_id": "4", "object_repr": "اسیکس - asics", "action_flag": 2, "change_message": "[{\"changed\": {\"fields\": [\"Slug\"]}}]"}}, {"model": "admin.logentry", "pk": 195, "fields": {"action_time": "2024-02-02T14:55:28.361Z", "user": 1, "content_type": 15, "object_id": "3", "object_repr": "اسکچرز - skechers", "action_flag": 2, "change_message": "[{\"changed\": {\"fields\": [\"Slug\"]}}]"}}, {"model": "admin.logentry", "pk": 196, "fields": {"action_time": "2024-02-02T14:55:28.417Z", "user": 1, "content_type": 15, "object_id": "2", "object_repr": "آدیداس - adidas", "action_flag": 2, "change_message": "[{\"changed\": {\"fields\": [\"Slug\"]}}]"}}, {"model": "admin.logentry", "pk": 197, "fields": {"action_time": "2024-02-02T14:55:28.463Z", "user": 1, "content_type": 15, "object_id": "1", "object_repr": "نایک - nike", "action_flag": 2, "change_message": "[{\"changed\": {\"fields\": [\"Slug\"]}}]"}}, {"model": "admin.logentry", "pk": 198, "fields": {"action_time": "2024-02-02T14:55:28.509Z", "user": 1, "content_type": 15, "object_id": "12", "object_repr": "ونس - vans", "action_flag": 2, "change_message": "[{\"changed\": {\"fields\": [\"Slug\"]}}]"}}, {"model": "admin.logentry", "pk": 199, "fields": {"action_time": "2024-02-03T17:00:48.845Z", "user": 1, "content_type": 18, "object_id": "1", "object_repr": "سایز", "action_flag": 2, "change_message": "[{\"changed\": {\"fields\": [\"Filter param name\"]}}]"}}, {"model": "admin.logentry", "pk": 200, "fields": {"action_time": "2024-02-03T17:00:51.977Z", "user": 1, "content_type": 18, "object_id": "2", "object_repr": "رنگ", "action_flag": 2, "change_message": "[{\"changed\": {\"fields\": [\"Filter param name\"]}}]"}}, {"model": "admin.logentry", "pk": 201, "fields": {"action_time": "2024-02-03T17:01:01.486Z", "user": 1, "content_type": 18, "object_id": "3", "object_repr": "سایز-رنگ", "action_flag": 2, "change_message": "[{\"changed\": {\"fields\": [\"Filter param name\"]}}]"}}, {"model": "admin.logentry", "pk": 202, "fields": {"action_time": "2024-02-03T17:01:56.168Z", "user": 1, "content_type": 18, "object_id": "2", "object_repr": "رنگ", "action_flag": 2, "change_message": "[{\"changed\": {\"fields\": [\"Filter contain\"]}}]"}}, {"model": "admin.logentry", "pk": 203, "fields": {"action_time": "2024-02-03T17:01:58.333Z", "user": 1, "content_type": 18, "object_id": "1", "object_repr": "سایز", "action_flag": 2, "change_message": "[{\"changed\": {\"fields\": [\"Filter contain\"]}}]"}}, {"model": "admin.logentry", "pk": 204, "fields": {"action_time": "2024-02-03T17:02:25.262Z", "user": 1, "content_type": 18, "object_id": "3", "object_repr": "سایز-رنگ", "action_flag": 2, "change_message": "[{\"changed\": {\"fields\": [\"Filter param name\"]}}]"}}, {"model": "admin.logentry", "pk": 205, "fields": {"action_time": "2024-02-04T12:38:30.224Z", "user": 1, "content_type": 24, "object_id": "1", "object_repr": "مد و پوشاک", "action_flag": 2, "change_message": "[{\"changed\": {\"fields\": [\"Track stock\"]}}]"}}, {"model": "admin.logentry", "pk": 206, "fields": {"action_time": "2024-02-04T12:38:44.797Z", "user": 1, "content_type": 24, "object_id": "1", "object_repr": "مد و پوشاک", "action_flag": 2, "change_message": "[{\"changed\": {\"fields\": [\"Track stock\"]}}]"}}, {"model": "admin.logentry", "pk": 207, "fields": {"action_time": "2024-02-04T16:32:34.615Z", "user": 1, "content_type": 18, "object_id": "2", "object_repr": "رنگ", "action_flag": 2, "change_message": "[{\"changed\": {\"fields\": [\"Filter param name\"]}}]"}}, {"model": "admin.logentry", "pk": 208, "fields": {"action_time": "2024-02-04T16:32:39.624Z", "user": 1, "content_type": 18, "object_id": "1", "object_repr": "سایز", "action_flag": 2, "change_message": "[{\"changed\": {\"fields\": [\"Filter param name\"]}}]"}}, {"model": "admin.logentry", "pk": 209, "fields": {"action_time": "2024-02-05T18:24:50.100Z", "user": 1, "content_type": 21, "object_id": "14", "object_repr": "None", "action_flag": 2, "change_message": "[{\"changed\": {\"name\": \"stock record\", \"object\": \"TKU-412141435\", \"fields\": [\"Special sale price\"]}}]"}}, {"model": "admin.logentry", "pk": 210, "fields": {"action_time": "2024-02-05T18:25:11.931Z", "user": 1, "content_type": 21, "object_id": "14", "object_repr": "None", "action_flag": 2, "change_message": "[{\"changed\": {\"name\": \"stock record\", \"object\": \"TKU-412141435\", \"fields\": [\"Special sale price start at\", \"Special sale price end at\"]}}]"}}, {"model": "admin.logentry", "pk": 211, "fields": {"action_time": "2024-02-05T18:25:23.254Z", "user": 1, "content_type": 21, "object_id": "14", "object_repr": "None", "action_flag": 2, "change_message": "[{\"changed\": {\"name\": \"stock record\", \"object\": \"TKU-412141435\", \"fields\": [\"Special sale price start at\"]}}]"}}, {"model": "admin.logentry", "pk": 212, "fields": {"action_time": "2024-02-05T18:27:56.186Z", "user": 1, "content_type": 21, "object_id": "14", "object_repr": "None", "action_flag": 2, "change_message": "[{\"changed\": {\"name\": \"stock record\", \"object\": \"TKU-412141435\", \"fields\": [\"Special sale price end at\"]}}]"}}, {"model": "admin.logentry", "pk": 213, "fields": {"action_time": "2024-02-05T18:34:51.738Z", "user": 1, "content_type": 21, "object_id": "14", "object_repr": "None", "action_flag": 2, "change_message": "[{\"changed\": {\"name\": \"stock record\", \"object\": \"TKU-412141435\", \"fields\": [\"Special sale price end at\"]}}]"}}, {"model": "admin.logentry", "pk": 214, "fields": {"action_time": "2024-02-05T18:36:33.643Z", "user": 1, "content_type": 21, "object_id": "14", "object_repr": "None", "action_flag": 2, "change_message": "[{\"changed\": {\"name\": \"stock record\", \"object\": \"TKU-412141435\", \"fields\": [\"Special sale price end at\"]}}]"}}, {"model": "admin.logentry", "pk": 215, "fields": {"action_time": "2024-02-06T08:58:30.906Z", "user": 1, "content_type": 8, "object_id": "5", "object_repr": "برند نایک", "action_flag": 2, "change_message": "[{\"changed\": {\"fields\": [\"File\", \"Resize width\", \"Resize height\"]}}]"}}, {"model": "admin.logentry", "pk": 216, "fields": {"action_time": "2024-02-06T08:59:18.232Z", "user": 1, "content_type": 15, "object_id": "11", "object_repr": "نیوبالانس - newbalance", "action_flag": 2, "change_message": "[]"}}, {"model": "admin.logentry", "pk": 217, "fields": {"action_time": "2024-02-06T09:01:05.353Z", "user": 1, "content_type": 8, "object_id": "5", "object_repr": "برند نایک", "action_flag": 2, "change_message": "[{\"changed\": {\"fields\": [\"File\"]}}]"}}, {"model": "admin.logentry", "pk": 218, "fields": {"action_time": "2024-02-06T09:01:16.165Z", "user": 1, "content_type": 15, "object_id": "11", "object_repr": "نیوبالانس - newbalance", "action_flag": 2, "change_message": "[{\"changed\": {\"fields\": [\"Image\"]}}]"}}, {"model": "admin.logentry", "pk": 219, "fields": {"action_time": "2024-02-06T09:01:19.701Z", "user": 1, "content_type": 15, "object_id": "11", "object_repr": "نیوبالانس - newbalance", "action_flag": 2, "change_message": "[{\"changed\": {\"fields\": [\"Image\"]}}]"}}, {"model": "admin.logentry", "pk": 220, "fields": {"action_time": "2024-02-06T13:28:51.918Z", "user": 1, "content_type": 24, "object_id": "1", "object_repr": "کفش", "action_flag": 2, "change_message": "[{\"changed\": {\"fields\": [\"Title ir\", \"Title en\", \"Slug\"]}}]"}}, {"model": "admin.logentry", "pk": 221, "fields": {"action_time": "2024-02-06T13:51:55.564Z", "user": 1, "content_type": 28, "object_id": "1", "object_repr": "جنس", "action_flag": 1, "change_message": "[{\"added\": {}}]"}}, {"model": "admin.logentry", "pk": 222, "fields": {"action_time": "2024-02-06T13:52:02.214Z", "user": 1, "content_type": 28, "object_id": "2", "object_repr": "جنس زیره", "action_flag": 1, "change_message": "[{\"added\": {}}]"}}, {"model": "admin.logentry", "pk": 223, "fields": {"action_time": "2024-02-06T13:52:07.872Z", "user": 1, "content_type": 28, "object_id": "3", "object_repr": "نحوه بسته شدن کفش", "action_flag": 1, "change_message": "[{\"added\": {}}]"}}, {"model": "admin.logentry", "pk": 224, "fields": {"action_time": "2024-02-06T13:52:11.311Z", "user": 1, "content_type": 24, "object_id": "1", "object_repr": "کفش", "action_flag": 2, "change_message": "[{\"changed\": {\"fields\": [\"Properties\"]}}]"}}, {"model": "admin.logentry", "pk": 225, "fields": {"action_time": "2024-02-06T14:01:54.454Z", "user": 1, "content_type": 24, "object_id": "1", "object_repr": "کفش", "action_flag": 2, "change_message": "[{\"changed\": {\"fields\": [\"Title en\", \"Slug\"]}}]"}}, {"model": "admin.logentry", "pk": 226, "fields": {"action_time": "2024-02-07T09:07:09.030Z", "user": 1, "content_type": 21, "object_id": "15", "object_repr": "کفش آدیداس Adidas X_PLRw", "action_flag": 2, "change_message": "[{\"changed\": {\"fields\": [\"Title ir\"]}}]"}}, {"model": "admin.logentry", "pk": 227, "fields": {"action_time": "2024-02-07T09:07:12.896Z", "user": 1, "content_type": 21, "object_id": "15", "object_repr": "کفش آدیداس Adidas X_PLR", "action_flag": 2, "change_message": "[{\"changed\": {\"fields\": [\"Title ir\"]}}]"}}, {"model": "admin.logentry", "pk": 228, "fields": {"action_time": "2024-02-07T09:07:31.977Z", "user": 1, "content_type": 21, "object_id": "13", "object_repr": "کفش سالومون اکس تی راش Salomon XT-RUSH", "action_flag": 2, "change_message": "[{\"changed\": {\"fields\": [\"Slug\"]}}]"}}, {"model": "admin.logentry", "pk": 229, "fields": {"action_time": "2024-02-07T09:07:31.992Z", "user": 1, "content_type": 21, "object_id": "11", "object_repr": "کفش نیوبالانس NewBalance 725", "action_flag": 2, "change_message": "[{\"changed\": {\"fields\": [\"Slug\"]}}]"}}, {"model": "admin.logentry", "pk": 230, "fields": {"action_time": "2024-02-07T09:07:32.007Z", "user": 1, "content_type": 21, "object_id": "9", "object_repr": "کفش نیوبالانس NewBalance AM574", "action_flag": 2, "change_message": "[{\"changed\": {\"fields\": [\"Slug\"]}}]"}}, {"model": "admin.logentry", "pk": 231, "fields": {"action_time": "2024-02-07T09:07:32.021Z", "user": 1, "content_type": 21, "object_id": "4", "object_repr": "ایرجردن وان فیرلس مشکی", "action_flag": 2, "change_message": "[{\"changed\": {\"fields\": [\"Slug\"]}}]"}}, {"model": "admin.logentry", "pk": 232, "fields": {"action_time": "2024-02-07T09:07:32.035Z", "user": 1, "content_type": 21, "object_id": "1", "object_repr": "نایک زوم پگاسوس توربو مشکی", "action_flag": 2, "change_message": "[{\"changed\": {\"fields\": [\"Slug\"]}}]"}}, {"model": "admin.logentry", "pk": 233, "fields": {"action_time": "2024-02-07T09:07:38.699Z", "user": 1, "content_type": 21, "object_id": "13", "object_repr": "کفش سالومون اکس تی راش Salomon XT-RUSH", "action_flag": 2, "change_message": "[{\"changed\": {\"fields\": [\"Slug\"]}}]"}}, {"model": "admin.logentry", "pk": 234, "fields": {"action_time": "2024-02-07T09:07:38.710Z", "user": 1, "content_type": 21, "object_id": "11", "object_repr": "کفش نیوبالانس NewBalance 725", "action_flag": 2, "change_message": "[{\"changed\": {\"fields\": [\"Slug\"]}}]"}}, {"model": "admin.logentry", "pk": 235, "fields": {"action_time": "2024-02-07T09:07:38.719Z", "user": 1, "content_type": 21, "object_id": "9", "object_repr": "کفش نیوبالانس NewBalance AM574", "action_flag": 2, "change_message": "[{\"changed\": {\"fields\": [\"Slug\"]}}]"}}, {"model": "admin.logentry", "pk": 236, "fields": {"action_time": "2024-02-07T09:07:38.729Z", "user": 1, "content_type": 21, "object_id": "4", "object_repr": "ایرجردن وان فیرلس مشکی", "action_flag": 2, "change_message": "[{\"changed\": {\"fields\": [\"Slug\"]}}]"}}, {"model": "admin.logentry", "pk": 237, "fields": {"action_time": "2024-02-07T09:07:38.739Z", "user": 1, "content_type": 21, "object_id": "1", "object_repr": "نایک زوم پگاسوس توربو مشکی", "action_flag": 2, "change_message": "[{\"changed\": {\"fields\": [\"Slug\"]}}]"}}, {"model": "admin.logentry", "pk": 238, "fields": {"action_time": "2024-02-07T10:30:21.569Z", "user": 1, "content_type": 21, "object_id": "15", "object_repr": "کفش آدیداس Adidas X_PLR", "action_flag": 2, "change_message": "[{\"changed\": {\"fields\": [\"Slug\"]}}]"}}, {"model": "admin.logentry", "pk": 239, "fields": {"action_time": "2024-02-07T10:30:26.147Z", "user": 1, "content_type": 21, "object_id": "15", "object_repr": "کفش آدیداس Adidas X_PLR", "action_flag": 2, "change_message": "[{\"changed\": {\"fields\": [\"Slug\"]}}]"}}, {"model": "admin.logentry", "pk": 240, "fields": {"action_time": "2024-02-07T10:36:56.429Z", "user": 1, "content_type": 21, "object_id": "13", "object_repr": "کفش سالومون اکس تی راش Salomon XT-RUSH", "action_flag": 2, "change_message": "[{\"added\": {\"name\": \"product image\", \"object\": \"ProductImage object (7)\"}}, {\"added\": {\"name\": \"product image\", \"object\": \"ProductImage object (8)\"}}, {\"added\": {\"name\": \"product image\", \"object\": \"ProductImage object (9)\"}}, {\"added\": {\"name\": \"product image\", \"object\": \"ProductImage object (10)\"}}, {\"added\": {\"name\": \"product image\", \"object\": \"ProductImage object (11)\"}}, {\"added\": {\"name\": \"product image\", \"object\": \"ProductImage object (12)\"}}]"}}, {"model": "admin.logentry", "pk": 241, "fields": {"action_time": "2024-02-07T10:38:40.012Z", "user": 1, "content_type": 21, "object_id": "17", "object_repr": "None", "action_flag": 1, "change_message": "[{\"added\": {}}, {\"added\": {\"name\": \"Attribute Value\", \"object\": \"ProductAttributeValue object (11)\"}}, {\"added\": {\"name\": \"product image\", \"object\": \"ProductImage object (13)\"}}, {\"added\": {\"name\": \"product image\", \"object\": \"ProductImage object (14)\"}}, {\"added\": {\"name\": \"stock record\", \"object\": \"TKU-10002\"}}]"}}, {"model": "admin.logentry", "pk": 242, "fields": {"action_time": "2024-02-07T18:51:52.425Z", "user": 1, "content_type": 21, "object_id": "15", "object_repr": "کفش آدیداس Adidas X_PLR", "action_flag": 2, "change_message": "[{\"changed\": {\"fields\": [\"Slug\"]}}]"}}, {"model": "admin.logentry", "pk": 243, "fields": {"action_time": "2024-02-07T18:51:52.453Z", "user": 1, "content_type": 21, "object_id": "13", "object_repr": "کفش سالومون اکس تی راش Salomon XT-RUSH", "action_flag": 2, "change_message": "[{\"changed\": {\"fields\": [\"Slug\"]}}]"}}, {"model": "admin.logentry", "pk": 244, "fields": {"action_time": "2024-02-07T18:51:52.477Z", "user": 1, "content_type": 21, "object_id": "11", "object_repr": "کفش نیوبالانس NewBalance 725", "action_flag": 2, "change_message": "[{\"changed\": {\"fields\": [\"Slug\"]}}]"}}, {"model": "admin.logentry", "pk": 245, "fields": {"action_time": "2024-02-07T18:51:52.497Z", "user": 1, "content_type": 21, "object_id": "9", "object_repr": "کفش نیوبالانس NewBalance AM574", "action_flag": 2, "change_message": "[{\"changed\": {\"fields\": [\"Slug\"]}}]"}}, {"model": "admin.logentry", "pk": 246, "fields": {"action_time": "2024-02-07T18:51:52.523Z", "user": 1, "content_type": 21, "object_id": "4", "object_repr": "ایرجردن وان فیرلس مشکی", "action_flag": 2, "change_message": "[{\"changed\": {\"fields\": [\"Slug\"]}}]"}}, {"model": "admin.logentry", "pk": 247, "fields": {"action_time": "2024-02-07T18:51:52.553Z", "user": 1, "content_type": 21, "object_id": "1", "object_repr": "نایک زوم پگاسوس توربو مشکی", "action_flag": 2, "change_message": "[{\"changed\": {\"fields\": [\"Slug\"]}}]"}}, {"model": "admin.logentry", "pk": 248, "fields": {"action_time": "2024-02-07T18:52:00.061Z", "user": 1, "content_type": 21, "object_id": "15", "object_repr": "کفش آدیداس Adidas X_PLR", "action_flag": 2, "change_message": "[{\"changed\": {\"fields\": [\"Slug\"]}}]"}}, {"model": "admin.logentry", "pk": 249, "fields": {"action_time": "2024-02-07T18:52:00.075Z", "user": 1, "content_type": 21, "object_id": "13", "object_repr": "کفش سالومون اکس تی راش Salomon XT-RUSH", "action_flag": 2, "change_message": "[{\"changed\": {\"fields\": [\"Slug\"]}}]"}}, {"model": "admin.logentry", "pk": 250, "fields": {"action_time": "2024-02-07T18:52:00.088Z", "user": 1, "content_type": 21, "object_id": "11", "object_repr": "کفش نیوبالانس NewBalance 725", "action_flag": 2, "change_message": "[{\"changed\": {\"fields\": [\"Slug\"]}}]"}}, {"model": "admin.logentry", "pk": 251, "fields": {"action_time": "2024-02-07T18:52:00.101Z", "user": 1, "content_type": 21, "object_id": "9", "object_repr": "کفش نیوبالانس NewBalance AM574", "action_flag": 2, "change_message": "[{\"changed\": {\"fields\": [\"Slug\"]}}]"}}, {"model": "admin.logentry", "pk": 252, "fields": {"action_time": "2024-02-07T18:52:00.113Z", "user": 1, "content_type": 21, "object_id": "4", "object_repr": "ایرجردن وان فیرلس مشکی", "action_flag": 2, "change_message": "[{\"changed\": {\"fields\": [\"Slug\"]}}]"}}, {"model": "admin.logentry", "pk": 253, "fields": {"action_time": "2024-02-07T18:52:00.126Z", "user": 1, "content_type": 21, "object_id": "1", "object_repr": "نایک زوم پگاسوس توربو مشکی", "action_flag": 2, "change_message": "[{\"changed\": {\"fields\": [\"Slug\"]}}]"}}, {"model": "admin.logentry", "pk": 254, "fields": {"action_time": "2024-02-08T11:56:42.255Z", "user": 1, "content_type": 21, "object_id": "15", "object_repr": "کفش آدیداس Adidas X_PLR", "action_flag": 2, "change_message": "[{\"added\": {\"name\": \"product property value\", \"object\": \"\\u062c\\u0646\\u0633 : \\u067e\\u0627\\u0631\\u0686\\u0647\"}}, {\"added\": {\"name\": \"product property value\", \"object\": \"\\u062c\\u0646\\u0633 \\u0632\\u06cc\\u0631\\u0647 : \\u062a\\u06cc\\u062a\\u0627\\u0646\\u06cc\\u0648\\u0645\"}}, {\"added\": {\"name\": \"product property value\", \"object\": \"\\u0646\\u062d\\u0648\\u0647 \\u0628\\u0633\\u062a\\u0647 \\u0634\\u062f\\u0646 \\u06a9\\u0641\\u0634 : \\u0628\\u0646\\u062f\"}}]"}}, {"model": "admin.logentry", "pk": 255, "fields": {"action_time": "2024-02-08T12:02:21.833Z", "user": 1, "content_type": 21, "object_id": "13", "object_repr": "کفش سالومون اکس تی راش Salomon XT-RUSH", "action_flag": 2, "change_message": "[{\"added\": {\"name\": \"product property value\", \"object\": \"\\u062c\\u0646\\u0633 : \\u067e\\u0627\\u0631\\u0686\\u0647\"}}, {\"added\": {\"name\": \"product property value\", \"object\": \"\\u062c\\u0646\\u0633 \\u0632\\u06cc\\u0631\\u0647 : \\u062a\\u06cc\\u062a\\u0627\\u0646\\u06cc\\u0648\\u0645\"}}, {\"added\": {\"name\": \"product property value\", \"object\": \"\\u0646\\u062d\\u0648\\u0647 \\u0628\\u0633\\u062a\\u0647 \\u0634\\u062f\\u0646 \\u06a9\\u0641\\u0634 : \\u0628\\u0646\\u062f\"}}]"}}, {"model": "admin.logentry", "pk": 256, "fields": {"action_time": "2024-02-08T12:29:39.307Z", "user": 1, "content_type": 21, "object_id": "13", "object_repr": "کفش سالومون اکس تی راش Salomon XT-RUSH", "action_flag": 2, "change_message": "[{\"deleted\": {\"name\": \"Product\", \"object\": \"None\"}}]"}}, {"model": "admin.logentry", "pk": 257, "fields": {"action_time": "2024-02-08T12:30:07.491Z", "user": 1, "content_type": 21, "object_id": "17", "object_repr": "None", "action_flag": 2, "change_message": "[{\"changed\": {\"name\": \"Attribute Value\", \"object\": \"ProductAttributeValue object (11)\", \"fields\": [\"Attribute\", \"Value option\"]}}]"}}, {"model": "admin.logentry", "pk": 258, "fields": {"action_time": "2024-02-08T12:30:36.176Z", "user": 1, "content_type": 21, "object_id": "18", "object_repr": "None", "action_flag": 1, "change_message": "[{\"added\": {}}, {\"added\": {\"name\": \"Attribute Value\", \"object\": \"ProductAttributeValue object (12)\"}}, {\"added\": {\"name\": \"stock record\", \"object\": \"TKU-1000\"}}]"}}, {"model": "admin.logentry", "pk": 259, "fields": {"action_time": "2024-02-08T12:31:12.129Z", "user": 1, "content_type": 21, "object_id": "19", "object_repr": "None", "action_flag": 1, "change_message": "[{\"added\": {}}, {\"added\": {\"name\": \"Attribute Value\", \"object\": \"ProductAttributeValue object (13)\"}}, {\"added\": {\"name\": \"stock record\", \"object\": \"TKU-1003\"}}]"}}, {"model": "admin.logentry", "pk": 260, "fields": {"action_time": "2024-02-08T13:31:02.795Z", "user": 1, "content_type": 21, "object_id": "16", "object_repr": "None", "action_flag": 2, "change_message": "[{\"changed\": {\"name\": \"Attribute Value\", \"object\": \"ProductAttributeValue object (10)\", \"fields\": [\"Attribute\", \"Value option\"]}}, {\"changed\": {\"name\": \"stock record\", \"object\": \"TKU-20000\", \"fields\": [\"Sku\"]}}]"}}, {"model": "admin.logentry", "pk": 261, "fields": {"action_time": "2024-02-08T13:31:51.376Z", "user": 1, "content_type": 21, "object_id": "21", "object_repr": "None", "action_flag": 1, "change_message": "[{\"added\": {}}, {\"added\": {\"name\": \"Attribute Value\", \"object\": \"ProductAttributeValue object (15)\"}}, {\"added\": {\"name\": \"stock record\", \"object\": \"TKU-20003\"}}]"}}, {"model": "admin.logentry", "pk": 262, "fields": {"action_time": "2024-02-08T19:58:05.330Z", "user": 1, "content_type": 21, "object_id": "22", "object_repr": "محصول تک", "action_flag": 1, "change_message": "[{\"added\": {}}, {\"added\": {\"name\": \"product property value\", \"object\": \"\\u062c\\u0646\\u0633 : \\u0622\\u0647\\u0646\"}}, {\"added\": {\"name\": \"product image\", \"object\": \"ProductImage object (15)\"}}, {\"added\": {\"name\": \"stock record\", \"object\": \"TKU-standalone-1000\"}}]"}}, {"model": "admin.logentry", "pk": 263, "fields": {"action_time": "2024-02-08T19:58:31.010Z", "user": 1, "content_type": 21, "object_id": "22", "object_repr": "محصول تک", "action_flag": 2, "change_message": "[{\"changed\": {\"name\": \"stock record\", \"object\": \"TKU-standalone-1000\", \"fields\": [\"Special sale price\"]}}]"}}, {"model": "admin.logentry", "pk": 314, "fields": {"action_time": "2024-02-09T09:40:54.414Z", "user": 1, "content_type": 27, "object_id": "23", "object_repr": "TKU-standalone-1000", "action_flag": 2, "change_message": "[{\"changed\": {\"fields\": [\"Num stock\"]}}]"}}, {"model": "admin.logentry", "pk": 315, "fields": {"action_time": "2024-02-09T09:40:54.481Z", "user": 1, "content_type": 27, "object_id": "22", "object_repr": "TKU-20003", "action_flag": 2, "change_message": "[{\"changed\": {\"fields\": [\"Num stock\"]}}]"}}, {"model": "admin.logentry", "pk": 316, "fields": {"action_time": "2024-02-09T09:40:54.544Z", "user": 1, "content_type": 27, "object_id": "20", "object_repr": "TKU-1003", "action_flag": 2, "change_message": "[{\"changed\": {\"fields\": [\"Num stock\"]}}]"}}, {"model": "admin.logentry", "pk": 317, "fields": {"action_time": "2024-02-09T09:40:54.599Z", "user": 1, "content_type": 27, "object_id": "19", "object_repr": "TKU-1000", "action_flag": 2, "change_message": "[{\"changed\": {\"fields\": [\"Num stock\"]}}]"}}, {"model": "admin.logentry", "pk": 318, "fields": {"action_time": "2024-02-09T09:40:54.660Z", "user": 1, "content_type": 27, "object_id": "18", "object_repr": "TKU-10002", "action_flag": 2, "change_message": "[{\"changed\": {\"fields\": [\"Num stock\"]}}]"}}, {"model": "admin.logentry", "pk": 319, "fields": {"action_time": "2024-02-09T09:40:54.673Z", "user": 1, "content_type": 27, "object_id": "17", "object_repr": "None", "action_flag": 2, "change_message": "[{\"changed\": {\"fields\": [\"Num stock\"]}}]"}}, {"model": "admin.logentry", "pk": 320, "fields": {"action_time": "2024-02-09T09:40:54.734Z", "user": 1, "content_type": 27, "object_id": "16", "object_repr": "TKU-20000", "action_flag": 2, "change_message": "[{\"changed\": {\"fields\": [\"Num stock\"]}}]"}}, {"model": "admin.logentry", "pk": 321, "fields": {"action_time": "2024-02-09T09:40:54.748Z", "user": 1, "content_type": 27, "object_id": "15", "object_repr": "None", "action_flag": 2, "change_message": "[{\"changed\": {\"fields\": [\"Num stock\"]}}]"}}, {"model": "admin.logentry", "pk": 322, "fields": {"action_time": "2024-02-09T09:40:54.807Z", "user": 1, "content_type": 27, "object_id": "14", "object_repr": "None", "action_flag": 2, "change_message": "[{\"changed\": {\"fields\": [\"Num stock\"]}}]"}}, {"model": "admin.logentry", "pk": 323, "fields": {"action_time": "2024-02-09T09:40:54.820Z", "user": 1, "content_type": 27, "object_id": "13", "object_repr": "None", "action_flag": 2, "change_message": "[{\"changed\": {\"fields\": [\"Num stock\"]}}]"}}, {"model": "admin.logentry", "pk": 324, "fields": {"action_time": "2024-02-09T09:40:54.877Z", "user": 1, "content_type": 27, "object_id": "12", "object_repr": "None", "action_flag": 2, "change_message": "[{\"changed\": {\"fields\": [\"Num stock\"]}}]"}}, {"model": "admin.logentry", "pk": 325, "fields": {"action_time": "2024-02-09T09:40:54.892Z", "user": 1, "content_type": 27, "object_id": "11", "object_repr": "None", "action_flag": 2, "change_message": "[{\"changed\": {\"fields\": [\"Num stock\"]}}]"}}, {"model": "admin.logentry", "pk": 326, "fields": {"action_time": "2024-02-09T09:40:54.950Z", "user": 1, "content_type": 27, "object_id": "10", "object_repr": "None", "action_flag": 2, "change_message": "[{\"changed\": {\"fields\": [\"Num stock\"]}}]"}}, {"model": "admin.logentry", "pk": 327, "fields": {"action_time": "2024-02-09T09:40:54.963Z", "user": 1, "content_type": 27, "object_id": "9", "object_repr": "None", "action_flag": 2, "change_message": "[{\"changed\": {\"fields\": [\"Num stock\"]}}]"}}, {"model": "admin.logentry", "pk": 328, "fields": {"action_time": "2024-02-09T09:40:54.975Z", "user": 1, "content_type": 27, "object_id": "8", "object_repr": "None", "action_flag": 2, "change_message": "[{\"changed\": {\"fields\": [\"Num stock\"]}}]"}}, {"model": "admin.logentry", "pk": 329, "fields": {"action_time": "2024-02-09T09:40:54.989Z", "user": 1, "content_type": 27, "object_id": "7", "object_repr": "None", "action_flag": 2, "change_message": "[{\"changed\": {\"fields\": [\"Num stock\"]}}]"}}, {"model": "admin.logentry", "pk": 330, "fields": {"action_time": "2024-02-09T09:40:55.041Z", "user": 1, "content_type": 27, "object_id": "6", "object_repr": "None", "action_flag": 2, "change_message": "[{\"changed\": {\"fields\": [\"Num stock\"]}}]"}}, {"model": "admin.logentry", "pk": 331, "fields": {"action_time": "2024-02-09T09:40:55.057Z", "user": 1, "content_type": 27, "object_id": "4", "object_repr": "None", "action_flag": 2, "change_message": "[{\"changed\": {\"fields\": [\"Num stock\"]}}]"}}, {"model": "admin.logentry", "pk": 332, "fields": {"action_time": "2024-02-09T09:40:55.122Z", "user": 1, "content_type": 27, "object_id": "3", "object_repr": "None", "action_flag": 2, "change_message": "[{\"changed\": {\"fields\": [\"Num stock\"]}}]"}}, {"model": "admin.logentry", "pk": 333, "fields": {"action_time": "2024-02-09T09:40:55.181Z", "user": 1, "content_type": 27, "object_id": "2", "object_repr": "None", "action_flag": 2, "change_message": "[{\"changed\": {\"fields\": [\"Num stock\"]}}]"}}, {"model": "admin.logentry", "pk": 334, "fields": {"action_time": "2024-02-09T09:40:55.233Z", "user": 1, "content_type": 27, "object_id": "1", "object_repr": "None", "action_flag": 2, "change_message": "[{\"changed\": {\"fields\": [\"Num stock\"]}}]"}}, {"model": "admin.logentry", "pk": 335, "fields": {"action_time": "2024-02-09T10:12:49.786Z", "user": 1, "content_type": 27, "object_id": "22", "object_repr": "TKU-20003", "action_flag": 2, "change_message": "[{\"changed\": {\"fields\": [\"Num stock\"]}}]"}}, {"model": "admin.logentry", "pk": 336, "fields": {"action_time": "2024-02-09T10:12:49.871Z", "user": 1, "content_type": 27, "object_id": "20", "object_repr": "TKU-1003", "action_flag": 2, "change_message": "[{\"changed\": {\"fields\": [\"Num stock\"]}}]"}}, {"model": "admin.logentry", "pk": 337, "fields": {"action_time": "2024-02-09T10:12:49.937Z", "user": 1, "content_type": 27, "object_id": "19", "object_repr": "TKU-1000", "action_flag": 2, "change_message": "[{\"changed\": {\"fields\": [\"Num stock\"]}}]"}}, {"model": "admin.logentry", "pk": 338, "fields": {"action_time": "2024-02-09T10:12:49.996Z", "user": 1, "content_type": 27, "object_id": "18", "object_repr": "TKU-10002", "action_flag": 2, "change_message": "[{\"changed\": {\"fields\": [\"Num stock\"]}}]"}}, {"model": "admin.logentry", "pk": 339, "fields": {"action_time": "2024-02-09T10:12:50.066Z", "user": 1, "content_type": 27, "object_id": "14", "object_repr": "None", "action_flag": 2, "change_message": "[{\"changed\": {\"fields\": [\"Num stock\"]}}]"}}, {"model": "admin.logentry", "pk": 340, "fields": {"action_time": "2024-02-09T10:19:47.415Z", "user": 1, "content_type": 27, "object_id": "20", "object_repr": "TKU-1003", "action_flag": 2, "change_message": "[{\"changed\": {\"fields\": [\"Num stock\"]}}]"}}, {"model": "admin.logentry", "pk": 341, "fields": {"action_time": "2024-02-09T10:19:47.491Z", "user": 1, "content_type": 27, "object_id": "19", "object_repr": "TKU-1000", "action_flag": 2, "change_message": "[{\"changed\": {\"fields\": [\"Num stock\"]}}]"}}, {"model": "admin.logentry", "pk": 342, "fields": {"action_time": "2024-02-09T10:19:47.562Z", "user": 1, "content_type": 27, "object_id": "18", "object_repr": "TKU-10002", "action_flag": 2, "change_message": "[{\"changed\": {\"fields\": [\"Num stock\"]}}]"}}, {"model": "admin.logentry", "pk": 343, "fields": {"action_time": "2024-02-09T10:19:47.652Z", "user": 1, "content_type": 27, "object_id": "14", "object_repr": "None", "action_flag": 2, "change_message": "[{\"changed\": {\"fields\": [\"Num stock\"]}}]"}}, {"model": "admin.logentry", "pk": 344, "fields": {"action_time": "2024-02-09T10:21:00.668Z", "user": 1, "content_type": 27, "object_id": "14", "object_repr": "None", "action_flag": 2, "change_message": "[{\"changed\": {\"fields\": [\"Special sale price start at\", \"Special sale price end at\"]}}]"}}, {"model": "admin.logentry", "pk": 345, "fields": {"action_time": "2024-02-09T10:23:00.486Z", "user": 1, "content_type": 27, "object_id": "22", "object_repr": "TKU-20003", "action_flag": 2, "change_message": "[{\"changed\": {\"fields\": [\"Num stock\"]}}]"}}, {"model": "admin.logentry", "pk": 346, "fields": {"action_time": "2024-02-09T10:23:00.559Z", "user": 1, "content_type": 27, "object_id": "16", "object_repr": "TKU-20000", "action_flag": 2, "change_message": "[{\"changed\": {\"fields\": [\"Num stock\"]}}]"}}, {"model": "admin.logentry", "pk": 347, "fields": {"action_time": "2024-02-09T10:31:58.617Z", "user": 1, "content_type": 27, "object_id": "20", "object_repr": "TKU-1003", "action_flag": 2, "change_message": "[{\"changed\": {\"fields\": [\"Special sale price start at\", \"Special sale price end at\"]}}]"}}, {"model": "admin.logentry", "pk": 348, "fields": {"action_time": "2024-02-09T10:31:58.743Z", "user": 1, "content_type": 27, "object_id": "19", "object_repr": "TKU-1000", "action_flag": 2, "change_message": "[{\"changed\": {\"fields\": [\"Special sale price start at\", \"Special sale price end at\"]}}]"}}, {"model": "admin.logentry", "pk": 349, "fields": {"action_time": "2024-02-09T10:33:21.541Z", "user": 1, "content_type": 27, "object_id": "20", "object_repr": "TKU-1003", "action_flag": 2, "change_message": "[{\"changed\": {\"fields\": [\"Num stock\"]}}]"}}, {"model": "admin.logentry", "pk": 350, "fields": {"action_time": "2024-02-09T10:33:21.634Z", "user": 1, "content_type": 27, "object_id": "19", "object_repr": "TKU-1000", "action_flag": 2, "change_message": "[{\"changed\": {\"fields\": [\"Num stock\"]}}]"}}, {"model": "admin.logentry", "pk": 351, "fields": {"action_time": "2024-02-09T10:33:21.732Z", "user": 1, "content_type": 27, "object_id": "18", "object_repr": "TKU-10002", "action_flag": 2, "change_message": "[{\"changed\": {\"fields\": [\"Num stock\"]}}]"}}, {"model": "admin.logentry", "pk": 352, "fields": {"action_time": "2024-02-09T10:33:21.914Z", "user": 1, "content_type": 27, "object_id": "14", "object_repr": "None", "action_flag": 2, "change_message": "[{\"changed\": {\"fields\": [\"Num stock\"]}}]"}}, {"model": "admin.logentry", "pk": 353, "fields": {"action_time": "2024-02-09T10:35:26.304Z", "user": 1, "content_type": 27, "object_id": "20", "object_repr": "TKU-1003", "action_flag": 2, "change_message": "[{\"changed\": {\"fields\": [\"Num stock\"]}}]"}}, {"model": "admin.logentry", "pk": 354, "fields": {"action_time": "2024-02-09T10:35:26.371Z", "user": 1, "content_type": 27, "object_id": "19", "object_repr": "TKU-1000", "action_flag": 2, "change_message": "[{\"changed\": {\"fields\": [\"Num stock\"]}}]"}}, {"model": "admin.logentry", "pk": 355, "fields": {"action_time": "2024-02-09T10:35:26.429Z", "user": 1, "content_type": 27, "object_id": "18", "object_repr": "TKU-10002", "action_flag": 2, "change_message": "[{\"changed\": {\"fields\": [\"Num stock\"]}}]"}}, {"model": "admin.logentry", "pk": 356, "fields": {"action_time": "2024-02-09T10:35:26.529Z", "user": 1, "content_type": 27, "object_id": "14", "object_repr": "None", "action_flag": 2, "change_message": "[{\"changed\": {\"fields\": [\"Num stock\"]}}]"}}, {"model": "admin.logentry", "pk": 357, "fields": {"action_time": "2024-02-09T10:36:46.743Z", "user": 1, "content_type": 27, "object_id": "19", "object_repr": "TKU-1000", "action_flag": 2, "change_message": "[{\"changed\": {\"fields\": [\"Special sale price\"]}}]"}}, {"model": "admin.logentry", "pk": 358, "fields": {"action_time": "2024-02-09T14:13:18.923Z", "user": 1, "content_type": 21, "object_id": "5", "object_repr": "None", "action_flag": 2, "change_message": "[{\"changed\": {\"fields\": [\"Order\"]}}]"}}, {"model": "admin.logentry", "pk": 359, "fields": {"action_time": "2024-02-09T14:13:18.934Z", "user": 1, "content_type": 21, "object_id": "6", "object_repr": "None", "action_flag": 2, "change_message": "[{\"changed\": {\"fields\": [\"Order\"]}}]"}}, {"model": "admin.logentry", "pk": 360, "fields": {"action_time": "2024-02-09T14:18:34.893Z", "user": 1, "content_type": 21, "object_id": "23", "object_repr": "تست مولتی چویس", "action_flag": 1, "change_message": "[{\"added\": {}}, {\"added\": {\"name\": \"product property value\", \"object\": \"\\u062c\\u0646\\u0633 : \\u067e\\u06cc\\u0627\\u0632\"}}, {\"added\": {\"name\": \"product property value\", \"object\": \"\\u062c\\u0646\\u0633 \\u0632\\u06cc\\u0631\\u0647 : \\u0633\\u06cc\\u0628 \\u0632\\u0645\\u06cc\\u0646\\u06cc\"}}, {\"added\": {\"name\": \"product image\", \"object\": \"ProductImage object (16)\"}}]"}}, {"model": "admin.logentry", "pk": 361, "fields": {"action_time": "2024-02-09T14:19:21.407Z", "user": 1, "content_type": 21, "object_id": "24", "object_repr": "None", "action_flag": 1, "change_message": "[{\"added\": {}}, {\"added\": {\"name\": \"Attribute Value\", \"object\": \"ProductAttributeValue object (16)\"}}, {\"added\": {\"name\": \"stock record\", \"object\": \"TKU-1234\"}}]"}}, {"model": "admin.logentry", "pk": 362, "fields": {"action_time": "2024-02-09T14:19:55.438Z", "user": 1, "content_type": 21, "object_id": "25", "object_repr": "None", "action_flag": 1, "change_message": "[{\"added\": {}}, {\"added\": {\"name\": \"Attribute Value\", \"object\": \"ProductAttributeValue object (17)\"}}, {\"added\": {\"name\": \"stock record\", \"object\": \"TKU-1445\"}}]"}}, {"model": "admin.logentry", "pk": 363, "fields": {"action_time": "2024-02-09T14:20:30.505Z", "user": 1, "content_type": 21, "object_id": "26", "object_repr": "None", "action_flag": 1, "change_message": "[{\"added\": {}}, {\"added\": {\"name\": \"Attribute Value\", \"object\": \"ProductAttributeValue object (18)\"}}, {\"added\": {\"name\": \"stock record\", \"object\": \"TKU-21212121\"}}]"}}, {"model": "admin.logentry", "pk": 364, "fields": {"action_time": "2024-02-09T14:20:47.091Z", "user": 1, "content_type": 21, "object_id": "25", "object_repr": "None", "action_flag": 2, "change_message": "[{\"changed\": {\"fields\": [\"Parent\"]}}]"}}, {"model": "admin.logentry", "pk": 365, "fields": {"action_time": "2024-02-09T14:46:58.925Z", "user": 1, "content_type": 21, "object_id": "24", "object_repr": "None", "action_flag": 2, "change_message": "[{\"changed\": {\"name\": \"Attribute Value\", \"object\": \"ProductAttributeValue object (16)\", \"fields\": [\"Value multi option\"]}}]"}}, {"model": "admin.logentry", "pk": 366, "fields": {"action_time": "2024-02-09T15:54:15.647Z", "user": 1, "content_type": 21, "object_id": "25", "object_repr": "None", "action_flag": 2, "change_message": "[{\"changed\": {\"name\": \"stock record\", \"object\": \"TKU-1445\", \"fields\": [\"Special sale price\"]}}]"}}, {"model": "admin.logentry", "pk": 367, "fields": {"action_time": "2024-02-09T17:07:58.490Z", "user": 1, "content_type": 16, "object_id": "1", "object_repr": "men", "action_flag": 2, "change_message": "[{\"changed\": {\"fields\": [\"Order\"]}}]"}}, {"model": "admin.logentry", "pk": 368, "fields": {"action_time": "2024-02-09T17:08:00.764Z", "user": 1, "content_type": 16, "object_id": "2", "object_repr": "women", "action_flag": 2, "change_message": "[{\"changed\": {\"fields\": [\"Order\"]}}]"}}, {"model": "admin.logentry", "pk": 369, "fields": {"action_time": "2024-02-09T17:59:49.966Z", "user": 1, "content_type": 18, "object_id": "3", "object_repr": "سایز و رنگ", "action_flag": 2, "change_message": "[{\"changed\": {\"fields\": [\"Title\"]}}]"}}, {"model": "admin.logentry", "pk": 370, "fields": {"action_time": "2024-02-10T17:13:48.766Z", "user": 1, "content_type": 36, "object_id": "1", "object_repr": "None - 09981879975 - None", "action_flag": 1, "change_message": "[{\"added\": {}}]"}}, {"model": "admin.logentry", "pk": 371, "fields": {"action_time": "2024-02-10T17:13:57.025Z", "user": 1, "content_type": 36, "object_id": "2", "object_repr": "None - 09981879975 - None", "action_flag": 1, "change_message": "[{\"added\": {}}]"}}, {"model": "admin.logentry", "pk": 372, "fields": {"action_time": "2024-02-10T17:13:59.668Z", "user": 1, "content_type": 36, "object_id": "2", "object_repr": "None - 09981879975 - None", "action_flag": 2, "change_message": "[]"}}, {"model": "admin.logentry", "pk": 373, "fields": {"action_time": "2024-02-10T17:14:05.507Z", "user": 1, "content_type": 36, "object_id": "3", "object_repr": "None - 09981879975 - None", "action_flag": 1, "change_message": "[{\"added\": {}}]"}}, {"model": "admin.logentry", "pk": 374, "fields": {"action_time": "2024-02-10T17:14:13.494Z", "user": 1, "content_type": 36, "object_id": "4", "object_repr": "None - 09981879975 - None", "action_flag": 1, "change_message": "[{\"added\": {}}]"}}, {"model": "admin.logentry", "pk": 375, "fields": {"action_time": "2024-02-11T17:07:16.525Z", "user": 1, "content_type": 24, "object_id": "1", "object_repr": "کفش", "action_flag": 2, "change_message": "[{\"changed\": {\"name\": \"Product Attribute\", \"object\": \"\\u0633\\u0627\\u06cc\\u0632 \\u0648 \\u0631\\u0646\\u06af\", \"fields\": [\"Title\"]}}]"}}, {"model": "admin.logentry", "pk": 376, "fields": {"action_time": "2024-02-11T21:49:57.150Z", "user": 1, "content_type": 35, "object_id": "1", "object_repr": "None - 09981879975 Count : ( 4 ) : ( Open Order ) : ( None ) ", "action_flag": 3, "change_message": ""}}, {"model": "admin.logentry", "pk": 377, "fields": {"action_time": "2024-02-11T22:03:34.556Z", "user": 1, "content_type": 21, "object_id": "26", "object_repr": "None", "action_flag": 2, "change_message": "[{\"changed\": {\"name\": \"stock record\", \"object\": \"TKU-21212121\", \"fields\": [\"Num stock\"]}}]"}}, {"model": "admin.logentry", "pk": 378, "fields": {"action_time": "2024-02-11T22:03:41.760Z", "user": 1, "content_type": 21, "object_id": "26", "object_repr": "None", "action_flag": 2, "change_message": "[{\"changed\": {\"name\": \"stock record\", \"object\": \"TKU-21212121\", \"fields\": [\"In order limit\"]}}]"}}, {"model": "admin.logentry", "pk": 379, "fields": {"action_time": "2024-02-11T22:07:05.561Z", "user": 1, "content_type": 35, "object_id": "2", "object_repr": "None - 09981879975 Count : ( 9 ) : ( Open Order ) : ( None ) ", "action_flag": 3, "change_message": ""}}, {"model": "admin.logentry", "pk": 380, "fields": {"action_time": "2024-02-11T22:07:55.034Z", "user": 1, "content_type": 36, "object_id": "14", "object_repr": "None - 09981879975 - تست مولتی چویس", "action_flag": 3, "change_message": ""}}, {"model": "admin.logentry", "pk": 381, "fields": {"action_time": "2024-02-11T22:07:55.040Z", "user": 1, "content_type": 36, "object_id": "13", "object_repr": "None - 09981879975 - تست مولتی چویس", "action_flag": 3, "change_message": ""}}, {"model": "admin.logentry", "pk": 382, "fields": {"action_time": "2024-02-11T22:07:55.043Z", "user": 1, "content_type": 36, "object_id": "12", "object_repr": "None - 09981879975 - تست مولتی چویس", "action_flag": 3, "change_message": ""}}, {"model": "admin.logentry", "pk": 383, "fields": {"action_time": "2024-02-11T22:07:55.047Z", "user": 1, "content_type": 36, "object_id": "11", "object_repr": "None - 09981879975 - تست مولتی چویس", "action_flag": 3, "change_message": ""}}, {"model": "admin.logentry", "pk": 384, "fields": {"action_time": "2024-02-11T22:07:55.050Z", "user": 1, "content_type": 36, "object_id": "10", "object_repr": "None - 09981879975 - تست مولتی چویس", "action_flag": 3, "change_message": ""}}, {"model": "admin.logentry", "pk": 385, "fields": {"action_time": "2024-02-11T22:07:55.054Z", "user": 1, "content_type": 36, "object_id": "9", "object_repr": "None - 09981879975 - تست مولتی چویس", "action_flag": 3, "change_message": ""}}, {"model": "admin.logentry", "pk": 386, "fields": {"action_time": "2024-02-11T22:07:55.058Z", "user": 1, "content_type": 36, "object_id": "8", "object_repr": "None - 09981879975 - تست مولتی چویس", "action_flag": 3, "change_message": ""}}, {"model": "admin.logentry", "pk": 387, "fields": {"action_time": "2024-02-11T22:07:55.061Z", "user": 1, "content_type": 36, "object_id": "7", "object_repr": "None - 09981879975 - تست مولتی چویس", "action_flag": 3, "change_message": ""}}, {"model": "admin.logentry", "pk": 388, "fields": {"action_time": "2024-02-11T22:07:55.064Z", "user": 1, "content_type": 36, "object_id": "6", "object_repr": "None - 09981879975 - تست مولتی چویس", "action_flag": 3, "change_message": ""}}, {"model": "admin.logentry", "pk": 389, "fields": {"action_time": "2024-02-11T22:07:55.068Z", "user": 1, "content_type": 36, "object_id": "5", "object_repr": "None - 09981879975 - تست مولتی چویس", "action_flag": 3, "change_message": ""}}, {"model": "admin.logentry", "pk": 390, "fields": {"action_time": "2024-02-11T22:07:55.071Z", "user": 1, "content_type": 36, "object_id": "4", "object_repr": "None - 09981879975 - None", "action_flag": 3, "change_message": ""}}, {"model": "admin.logentry", "pk": 391, "fields": {"action_time": "2024-02-11T22:07:55.074Z", "user": 1, "content_type": 36, "object_id": "3", "object_repr": "None - 09981879975 - None", "action_flag": 3, "change_message": ""}}, {"model": "admin.logentry", "pk": 392, "fields": {"action_time": "2024-02-11T22:07:55.078Z", "user": 1, "content_type": 36, "object_id": "2", "object_repr": "None - 09981879975 - None", "action_flag": 3, "change_message": ""}}, {"model": "admin.logentry", "pk": 393, "fields": {"action_time": "2024-02-11T22:07:55.082Z", "user": 1, "content_type": 36, "object_id": "1", "object_repr": "None - 09981879975 - None", "action_flag": 3, "change_message": ""}}, {"model": "admin.logentry", "pk": 394, "fields": {"action_time": "2024-02-11T22:10:31.868Z", "user": 1, "content_type": 36, "object_id": "19", "object_repr": "None - 09981879975 - تست مولتی چویس", "action_flag": 3, "change_message": ""}}, {"model": "admin.logentry", "pk": 395, "fields": {"action_time": "2024-02-11T22:10:31.874Z", "user": 1, "content_type": 36, "object_id": "18", "object_repr": "None - 09981879975 - تست مولتی چویس", "action_flag": 3, "change_message": ""}}, {"model": "admin.logentry", "pk": 396, "fields": {"action_time": "2024-02-11T22:10:31.878Z", "user": 1, "content_type": 36, "object_id": "17", "object_repr": "None - 09981879975 - تست مولتی چویس", "action_flag": 3, "change_message": ""}}, {"model": "admin.logentry", "pk": 397, "fields": {"action_time": "2024-02-11T22:10:31.882Z", "user": 1, "content_type": 36, "object_id": "16", "object_repr": "None - 09981879975 - تست مولتی چویس", "action_flag": 3, "change_message": ""}}, {"model": "admin.logentry", "pk": 398, "fields": {"action_time": "2024-02-11T22:10:31.886Z", "user": 1, "content_type": 36, "object_id": "15", "object_repr": "None - 09981879975 - تست مولتی چویس", "action_flag": 3, "change_message": ""}}, {"model": "admin.logentry", "pk": 399, "fields": {"action_time": "2024-02-12T11:00:19.303Z", "user": 1, "content_type": 36, "object_id": "25", "object_repr": "None - 09981879975 - None", "action_flag": 3, "change_message": ""}}, {"model": "admin.logentry", "pk": 400, "fields": {"action_time": "2024-02-12T11:00:19.317Z", "user": 1, "content_type": 36, "object_id": "24", "object_repr": "None - 09981879975 - None", "action_flag": 3, "change_message": ""}}, {"model": "admin.logentry", "pk": 401, "fields": {"action_time": "2024-02-12T11:00:19.324Z", "user": 1, "content_type": 36, "object_id": "23", "object_repr": "None - 09981879975 - None", "action_flag": 3, "change_message": ""}}, {"model": "admin.logentry", "pk": 402, "fields": {"action_time": "2024-02-12T11:00:19.328Z", "user": 1, "content_type": 36, "object_id": "22", "object_repr": "None - 09981879975 - None", "action_flag": 3, "change_message": ""}}, {"model": "admin.logentry", "pk": 403, "fields": {"action_time": "2024-02-12T11:00:19.333Z", "user": 1, "content_type": 36, "object_id": "21", "object_repr": "None - 09981879975 - None", "action_flag": 3, "change_message": ""}}, {"model": "admin.logentry", "pk": 404, "fields": {"action_time": "2024-02-12T11:00:19.337Z", "user": 1, "content_type": 36, "object_id": "20", "object_repr": "None - 09981879975 - None", "action_flag": 3, "change_message": ""}}, {"model": "admin.logentry", "pk": 405, "fields": {"action_time": "2024-02-12T16:50:17.468Z", "user": 1, "content_type": 36, "object_id": "60", "object_repr": "None - 09981879975 - None", "action_flag": 3, "change_message": ""}}, {"model": "admin.logentry", "pk": 406, "fields": {"action_time": "2024-02-12T16:50:17.481Z", "user": 1, "content_type": 36, "object_id": "59", "object_repr": "None - 09981879975 - None", "action_flag": 3, "change_message": ""}}, {"model": "admin.logentry", "pk": 407, "fields": {"action_time": "2024-02-12T16:50:17.486Z", "user": 1, "content_type": 36, "object_id": "58", "object_repr": "None - 09981879975 - None", "action_flag": 3, "change_message": ""}}, {"model": "admin.logentry", "pk": 408, "fields": {"action_time": "2024-02-12T16:50:59.989Z", "user": 1, "content_type": 35, "object_id": "3", "object_repr": "None - 09981879975 Count : ( 0 ) : ( Open Order ) : ( None ) ", "action_flag": 3, "change_message": ""}}, {"model": "admin.logentry", "pk": 409, "fields": {"action_time": "2024-02-12T16:58:30.955Z", "user": 1, "content_type": 36, "object_id": "63", "object_repr": "None - 09981879975 - None", "action_flag": 3, "change_message": ""}}, {"model": "admin.logentry", "pk": 410, "fields": {"action_time": "2024-02-12T16:58:30.962Z", "user": 1, "content_type": 36, "object_id": "62", "object_repr": "None - 09981879975 - None", "action_flag": 3, "change_message": ""}}, {"model": "admin.logentry", "pk": 411, "fields": {"action_time": "2024-02-12T16:58:30.967Z", "user": 1, "content_type": 36, "object_id": "61", "object_repr": "None - 09981879975 - None", "action_flag": 3, "change_message": ""}}, {"model": "admin.logentry", "pk": 412, "fields": {"action_time": "2024-02-12T17:00:18.362Z", "user": 1, "content_type": 35, "object_id": "4", "object_repr": "None - 09981879975 Count : ( 0 ) : ( Open Order ) : ( None ) ", "action_flag": 3, "change_message": ""}}, {"model": "admin.logentry", "pk": 413, "fields": {"action_time": "2024-02-12T17:03:13.097Z", "user": 1, "content_type": 35, "object_id": "5", "object_repr": "None - 09981879975 Count : ( 0 ) : ( Open Order ) : ( None ) ", "action_flag": 3, "change_message": ""}}, {"model": "admin.logentry", "pk": 414, "fields": {"action_time": "2024-02-14T14:46:44.967Z", "user": 1, "content_type": 8, "object_id": "10", "object_repr": "Tipax", "action_flag": 1, "change_message": "[{\"added\": {}}]"}}, {"model": "admin.logentry", "pk": 415, "fields": {"action_time": "2024-02-14T14:46:53.865Z", "user": 1, "content_type": 37, "object_id": "1", "object_repr": "تیپاکس : None", "action_flag": 1, "change_message": "[{\"added\": {}}]"}}, {"model": "admin.logentry", "pk": 416, "fields": {"action_time": "2024-02-14T14:48:22.392Z", "user": 1, "content_type": 8, "object_id": "11", "object_repr": "post", "action_flag": 1, "change_message": "[{\"added\": {}}]"}}, {"model": "admin.logentry", "pk": 417, "fields": {"action_time": "2024-02-14T14:48:23.123Z", "user": 1, "content_type": 37, "object_id": "2", "object_repr": "پست پیشتاز : None", "action_flag": 1, "change_message": "[{\"added\": {}}]"}}, {"model": "admin.logentry", "pk": 418, "fields": {"action_time": "2024-02-14T14:48:26.771Z", "user": 1, "content_type": 37, "object_id": "2", "object_repr": "پست پیشتاز : None", "action_flag": 2, "change_message": "[{\"changed\": {\"fields\": [\"Is public\"]}}]"}}, {"model": "admin.logentry", "pk": 419, "fields": {"action_time": "2024-02-14T14:50:21.623Z", "user": 1, "content_type": 32, "object_id": "1", "object_repr": "تیپاکس ( None ): 0 - رایگان بالای : 0", "action_flag": 1, "change_message": "[{\"added\": {}}]"}}, {"model": "admin.logentry", "pk": 420, "fields": {"action_time": "2024-02-14T14:50:25.695Z", "user": 1, "content_type": 32, "object_id": "1", "object_repr": "تیپاکس ( None ): 0 - رایگان بالای : 0", "action_flag": 2, "change_message": "[]"}}, {"model": "admin.logentry", "pk": 421, "fields": {"action_time": "2024-02-14T14:51:01.762Z", "user": 1, "content_type": 32, "object_id": "2", "object_repr": "تیپاکس ( البرز ): 23,000 - رایگان بالای : 0", "action_flag": 1, "change_message": "[{\"added\": {}}]"}}, {"model": "admin.logentry", "pk": 422, "fields": {"action_time": "2024-02-14T14:54:00.739Z", "user": 1, "content_type": 32, "object_id": "5", "object_repr": "تیپاکس ( تهران ): 23,000 - رایگان بالای : 0", "action_flag": 1, "change_message": "[{\"added\": {}}]"}}, {"model": "admin.logentry", "pk": 423, "fields": {"action_time": "2024-02-14T15:03:01.091Z", "user": 1, "content_type": 32, "object_id": "5", "object_repr": "تیپاکس ( تهران ): 23,000 - رایگان بالای : 0", "action_flag": 3, "change_message": ""}}, {"model": "admin.logentry", "pk": 424, "fields": {"action_time": "2024-02-14T15:03:01.100Z", "user": 1, "content_type": 32, "object_id": "1", "object_repr": "تیپاکس ( None ): 0 - رایگان بالای : 0", "action_flag": 3, "change_message": ""}}, {"model": "admin.logentry", "pk": 425, "fields": {"action_time": "2024-02-14T15:03:01.104Z", "user": 1, "content_type": 32, "object_id": "2", "object_repr": "تیپاکس ( البرز ): 23,000 - رایگان بالای : 0", "action_flag": 3, "change_message": ""}}, {"model": "admin.logentry", "pk": 426, "fields": {"action_time": "2024-02-14T15:03:24.248Z", "user": 1, "content_type": 32, "object_id": "6", "object_repr": "پست پیشتاز ( None ): 23,000 - رایگان بالای : 0", "action_flag": 1, "change_message": "[{\"added\": {}}]"}}, {"model": "admin.logentry", "pk": 427, "fields": {"action_time": "2024-02-14T15:16:09.692Z", "user": 1, "content_type": 32, "object_id": "12", "object_repr": "پست پیشتاز ( البرز ): 0 - رایگان بالای : 0", "action_flag": 1, "change_message": "[{\"added\": {}}]"}}, {"model": "admin.logentry", "pk": 428, "fields": {"action_time": "2024-02-14T15:19:20.200Z", "user": 1, "content_type": 32, "object_id": "12", "object_repr": "تیپاکس ( البرز ): 0 - رایگان بالای : 0", "action_flag": 2, "change_message": "[{\"changed\": {\"fields\": [\"Service\"]}}]"}}, {"model": "admin.logentry", "pk": 429, "fields": {"action_time": "2024-02-14T15:19:49.504Z", "user": 1, "content_type": 32, "object_id": "13", "object_repr": "تیپاکس ( تهران ): 0 - رایگان بالای : 0", "action_flag": 1, "change_message": "[{\"added\": {}}]"}}, {"model": "admin.logentry", "pk": 430, "fields": {"action_time": "2024-02-14T15:21:45.256Z", "user": 1, "content_type": 32, "object_id": "14", "object_repr": "پست پیشتاز ( البرز ): 44,000 - رایگان بالای : 1,000,000", "action_flag": 1, "change_message": "[{\"added\": {}}]"}}, {"model": "admin.logentry", "pk": 431, "fields": {"action_time": "2024-02-15T18:10:52.256Z", "user": 1, "content_type": 33, "object_id": "1", "object_repr": "[ taymaz ] 50% (usage : 0)", "action_flag": 1, "change_message": "[{\"added\": {}}]"}}, {"model": "admin.logentry", "pk": 432, "fields": {"action_time": "2024-02-15T18:11:29.050Z", "user": 1, "content_type": 33, "object_id": "2", "object_repr": "[ tt ] 120,000$ (usage : 0)", "action_flag": 1, "change_message": "[{\"added\": {}}]"}}, {"model": "admin.logentry", "pk": 433, "fields": {"action_time": "2024-02-15T18:12:01.677Z", "user": 1, "content_type": 33, "object_id": "3", "object_repr": "[ time ] 99% (usage : 0)", "action_flag": 1, "change_message": "[{\"added\": {}}]"}}, {"model": "admin.logentry", "pk": 434, "fields": {"action_time": "2024-02-15T18:12:26.755Z", "user": 1, "content_type": 33, "object_id": "2", "object_repr": "[ tt ] 120,000$ (usage : 0)", "action_flag": 2, "change_message": "[{\"changed\": {\"fields\": [\"Min order total\", \"Max order total\"]}}]"}}, {"model": "admin.logentry", "pk": 435, "fields": {"action_time": "2024-02-15T20:52:50.090Z", "user": 1, "content_type": 33, "object_id": "3", "object_repr": "[ time ] 99% (usage : 0)", "action_flag": 2, "change_message": "[{\"changed\": {\"fields\": [\"Expire at\"]}}]"}}, {"model": "admin.logentry", "pk": 436, "fields": {"action_time": "2024-02-16T14:57:00.770Z", "user": 1, "content_type": 35, "object_id": "6", "object_repr": "None - 09981879975 Count : ( 1 ) : ( Open Order ) : ( None ) ", "action_flag": 2, "change_message": "[{\"changed\": {\"fields\": [\"Lock\"]}}]"}}, {"model": "admin.logentry", "pk": 437, "fields": {"action_time": "2024-02-16T15:01:15.145Z", "user": 1, "content_type": 35, "object_id": "6", "object_repr": "None - 09981879975 Count : ( 1 ) : ( Open Order ) : ( None ) ", "action_flag": 2, "change_message": "[{\"changed\": {\"fields\": [\"Lock\"]}}]"}}, {"model": "admin.logentry", "pk": 438, "fields": {"action_time": "2024-02-16T18:22:29.219Z", "user": 1, "content_type": 35, "object_id": "6", "object_repr": "None - 09981879975 Count : ( 1 ) : ( Open Order ) : ( None ) ", "action_flag": 2, "change_message": "[{\"changed\": {\"fields\": [\"Lock\"]}}]"}}, {"model": "admin.logentry", "pk": 439, "fields": {"action_time": "2024-02-16T18:24:59.920Z", "user": 1, "content_type": 35, "object_id": "6", "object_repr": "None - 09981879975 Count : ( 1 ) : ( Open Order ) : ( None ) ", "action_flag": 2, "change_message": "[{\"changed\": {\"fields\": [\"Lock\"]}}]"}}, {"model": "admin.logentry", "pk": 440, "fields": {"action_time": "2024-02-16T18:26:32.939Z", "user": 1, "content_type": 35, "object_id": "6", "object_repr": "None - 09981879975 Count : ( 1 ) : ( Open Order ) : ( None ) ", "action_flag": 2, "change_message": "[{\"changed\": {\"fields\": [\"Lock\"]}}]"}}, {"model": "admin.logentry", "pk": 441, "fields": {"action_time": "2024-02-16T18:28:48.280Z", "user": 1, "content_type": 35, "object_id": "6", "object_repr": "None - 09981879975 Count : ( 1 ) : ( Open Order ) : ( None ) ", "action_flag": 2, "change_message": "[{\"changed\": {\"fields\": [\"Lock\"]}}]"}}, {"model": "admin.logentry", "pk": 442, "fields": {"action_time": "2024-02-16T18:32:59.841Z", "user": 1, "content_type": 35, "object_id": "6", "object_repr": "None - 09981879975 Count : ( 1 ) : ( Open Order ) : ( None ) ", "action_flag": 2, "change_message": "[{\"changed\": {\"fields\": [\"Lock\"]}}]"}}, {"model": "admin.logentry", "pk": 443, "fields": {"action_time": "2024-02-16T18:34:42.481Z", "user": 1, "content_type": 35, "object_id": "6", "object_repr": "None - 09981879975 Count : ( 1 ) : ( Open Order ) : ( None ) ", "action_flag": 2, "change_message": "[{\"changed\": {\"fields\": [\"Lock\"]}}]"}}, {"model": "admin.logentry", "pk": 444, "fields": {"action_time": "2024-02-16T18:37:16.590Z", "user": 1, "content_type": 35, "object_id": "6", "object_repr": "None - 09981879975 Count : ( 1 ) : ( Open Order ) : ( None ) ", "action_flag": 2, "change_message": "[{\"changed\": {\"fields\": [\"Lock\"]}}]"}}, {"model": "admin.logentry", "pk": 445, "fields": {"action_time": "2024-02-16T18:37:36.513Z", "user": 1, "content_type": 35, "object_id": "6", "object_repr": "None - 09981879975 Count : ( 1 ) : ( Open Order ) : ( None ) ", "action_flag": 2, "change_message": "[{\"changed\": {\"fields\": [\"Payment status\"]}}]"}}, {"model": "admin.logentry", "pk": 446, "fields": {"action_time": "2024-02-16T18:39:53.545Z", "user": 1, "content_type": 35, "object_id": "6", "object_repr": "None - 09981879975 Count : ( 1 ) : ( Open Order ) : ( None ) ", "action_flag": 2, "change_message": "[{\"changed\": {\"fields\": [\"Payment status\"]}}]"}}, {"model": "admin.logentry", "pk": 447, "fields": {"action_time": "2024-02-16T19:53:18.951Z", "user": 1, "content_type": 35, "object_id": "6", "object_repr": "None - 09981879975 Count : ( 1 ) : ( Open Order ) : ( None ) ", "action_flag": 2, "change_message": "[{\"changed\": {\"fields\": [\"Lock\"]}}]"}}, {"model": "admin.logentry", "pk": 448, "fields": {"action_time": "2024-02-16T20:01:04.712Z", "user": 1, "content_type": 35, "object_id": "6", "object_repr": "None - 09981879975 Count : ( 1 ) : ( Open Order ) : ( None ) ", "action_flag": 2, "change_message": "[{\"changed\": {\"fields\": [\"Payment status\"]}}]"}}, {"model": "admin.logentry", "pk": 449, "fields": {"action_time": "2024-02-17T18:37:32.672Z", "user": 1, "content_type": 35, "object_id": "37", "object_repr": "None - 09981879975 Count : ( 1 ) : ( Pending Payment ) : ( None ) ", "action_flag": 2, "change_message": "[{\"changed\": {\"fields\": [\"Repayment expire at\"]}}]"}}, {"model": "admin.logentry", "pk": 450, "fields": {"action_time": "2024-02-21T13:33:13.322Z", "user": 1, "content_type": 13, "object_id": "1", "object_repr": "09981879975 : نایک", "action_flag": 1, "change_message": "[{\"added\": {}}]"}}, {"model": "admin.logentry", "pk": 451, "fields": {"action_time": "2024-02-21T13:33:21.650Z", "user": 1, "content_type": 13, "object_id": "2", "object_repr": "09981879975 : روزمره", "action_flag": 1, "change_message": "[{\"added\": {}}]"}}, {"model": "admin.logentry", "pk": 452, "fields": {"action_time": "2024-02-21T13:58:14.647Z", "user": 1, "content_type": 13, "object_id": "3", "object_repr": "09981879975 : دیپلوی", "action_flag": 1, "change_message": "[{\"added\": {}}]"}}, {"model": "admin.logentry", "pk": 453, "fields": {"action_time": "2024-02-22T18:54:49.688Z", "user": 1, "content_type": 39, "object_id": "20", "object_repr": "09981879975 تست مولتی چویس", "action_flag": 3, "change_message": ""}}, {"model": "admin.logentry", "pk": 454, "fields": {"action_time": "2024-02-22T18:55:09.764Z", "user": 1, "content_type": 39, "object_id": "21", "object_repr": "09981879975 تست مولتی چویس", "action_flag": 3, "change_message": ""}}, {"model": "admin.logentry", "pk": 455, "fields": {"action_time": "2024-02-23T08:55:20.628Z", "user": 1, "content_type": 40, "object_id": "2", "object_repr": "09981879975 محصول تک", "action_flag": 3, "change_message": ""}}, {"model": "admin.logentry", "pk": 456, "fields": {"action_time": "2024-02-23T08:55:20.638Z", "user": 1, "content_type": 40, "object_id": "1", "object_repr": "09981879975 تست مولتی چویس", "action_flag": 3, "change_message": ""}}, {"model": "admin.logentry", "pk": 457, "fields": {"action_time": "2024-02-23T11:43:44.661Z", "user": 1, "content_type": 21, "object_id": "23", "object_repr": "تست مولتی چویس", "action_flag": 2, "change_message": "[{\"changed\": {\"name\": \"Product\", \"object\": \"None\", \"fields\": [\"Description\"]}}]"}}, {"model": "admin.logentry", "pk": 458, "fields": {"action_time": "2024-02-23T11:45:35.449Z", "user": 1, "content_type": 21, "object_id": "23", "object_repr": "تست مولتی چویس", "action_flag": 2, "change_message": "[{\"changed\": {\"name\": \"Product\", \"object\": \"None\", \"fields\": [\"Description\"]}}]"}}, {"model": "admin.logentry", "pk": 459, "fields": {"action_time": "2024-02-23T12:59:09.351Z", "user": 1, "content_type": 21, "object_id": "23", "object_repr": "تست مولتی چویس", "action_flag": 2, "change_message": "[{\"changed\": {\"fields\": [\"Content\"]}}]"}}, {"model": "admin.logentry", "pk": 460, "fields": {"action_time": "2024-02-23T13:16:24.924Z", "user": 1, "content_type": 21, "object_id": "23", "object_repr": "تست مولتی چویس", "action_flag": 2, "change_message": "[{\"changed\": {\"fields\": [\"Description\"]}}]"}}, {"model": "admin.logentry", "pk": 461, "fields": {"action_time": "2024-02-23T15:36:46.964Z", "user": 1, "content_type": 21, "object_id": "23", "object_repr": "تست مولتی چویس", "action_flag": 2, "change_message": "[{\"changed\": {\"fields\": [\"Description\"]}}]"}}, {"model": "admin.logentry", "pk": 462, "fields": {"action_time": "2024-02-23T15:40:07.276Z", "user": 1, "content_type": 21, "object_id": "23", "object_repr": "تست مولتی چویس", "action_flag": 2, "change_message": "[{\"changed\": {\"fields\": [\"Description\"]}}]"}}, {"model": "admin.logentry", "pk": 463, "fields": {"action_time": "2024-02-24T17:17:30.533Z", "user": 1, "content_type": 21, "object_id": "23", "object_repr": "تست مولتی چویس", "action_flag": 2, "change_message": "[{\"added\": {\"name\": \"product recommendation\", \"object\": \"ProductRecommendation object (1)\"}}, {\"added\": {\"name\": \"product recommendation\", \"object\": \"ProductRecommendation object (2)\"}}, {\"added\": {\"name\": \"product recommendation\", \"object\": \"ProductRecommendation object (3)\"}}, {\"added\": {\"name\": \"product recommendation\", \"object\": \"ProductRecommendation object (4)\"}}, {\"added\": {\"name\": \"product recommendation\", \"object\": \"ProductRecommendation object (5)\"}}, {\"added\": {\"name\": \"product recommendation\", \"object\": \"ProductRecommendation object (6)\"}}]"}}, {"model": "admin.logentry", "pk": 464, "fields": {"action_time": "2024-02-25T16:55:40.877Z", "user": 1, "content_type": 21, "object_id": "22", "object_repr": "محصول تک", "action_flag": 2, "change_message": "[{\"changed\": {\"name\": \"stock record\", \"object\": \"TKU-standalone-1000\", \"fields\": [\"Num stock\"]}}]"}}, {"model": "admin.logentry", "pk": 465, "fields": {"action_time": "2024-02-26T09:51:14.485Z", "user": 1, "content_type": 20, "object_id": "9", "object_repr": "سفید", "action_flag": 1, "change_message": "[{\"added\": {}}]"}}, {"model": "admin.logentry", "pk": 466, "fields": {"action_time": "2024-02-26T09:51:16.098Z", "user": 1, "content_type": 21, "object_id": "16", "object_repr": "None", "action_flag": 2, "change_message": "[{\"changed\": {\"name\": \"Attribute Value\", \"object\": \"ProductAttributeValue object (10)\", \"fields\": [\"Value option\"]}}]"}}, {"model": "admin.logentry", "pk": 467, "fields": {"action_time": "2024-02-26T09:55:15.020Z", "user": 1, "content_type": 20, "object_id": "9", "object_repr": "سفید", "action_flag": 2, "change_message": "[{\"changed\": {\"fields\": [\"Color code\"]}}]"}}, {"model": "admin.logentry", "pk": 468, "fields": {"action_time": "2024-02-26T09:55:20.231Z", "user": 1, "content_type": 20, "object_id": "8", "object_repr": "سبز", "action_flag": 2, "change_message": "[{\"changed\": {\"fields\": [\"Color code\"]}}]"}}, {"model": "admin.logentry", "pk": 469, "fields": {"action_time": "2024-02-26T09:55:23.599Z", "user": 1, "content_type": 20, "object_id": "6", "object_repr": "قرمز", "action_flag": 2, "change_message": "[{\"changed\": {\"fields\": [\"Color code\"]}}]"}}, {"model": "admin.logentry", "pk": 470, "fields": {"action_time": "2024-02-26T09:55:27.456Z", "user": 1, "content_type": 20, "object_id": "7", "object_repr": "آبی", "action_flag": 2, "change_message": "[{\"changed\": {\"fields\": [\"Color code\"]}}]"}}, {"model": "admin.logentry", "pk": 471, "fields": {"action_time": "2024-02-26T09:57:26.609Z", "user": 1, "content_type": 20, "object_id": "7", "object_repr": "آبی", "action_flag": 2, "change_message": "[{\"changed\": {\"fields\": [\"Color code\"]}}]"}}, {"model": "admin.logentry", "pk": 472, "fields": {"action_time": "2024-02-28T07:50:59.536Z", "user": 1, "content_type": 33, "object_id": "3", "object_repr": "[ time ] 100% (usage : 0)", "action_flag": 2, "change_message": "[{\"changed\": {\"fields\": [\"Discount amount\"]}}]"}}, {"model": "admin.logentry", "pk": 473, "fields": {"action_time": "2024-02-28T07:51:13.919Z", "user": 1, "content_type": 33, "object_id": "3", "object_repr": "[ time ] 100% (usage : 0)", "action_flag": 2, "change_message": "[{\"changed\": {\"fields\": [\"Start at\", \"Expire at\"]}}]"}}, {"model": "admin.logentry", "pk": 474, "fields": {"action_time": "2024-02-28T07:51:54.394Z", "user": 1, "content_type": 33, "object_id": "3", "object_repr": "[ time ] 100% (usage : 0)", "action_flag": 2, "change_message": "[{\"changed\": {\"fields\": [\"Max order total\"]}}]"}}, {"model": "admin.logentry", "pk": 475, "fields": {"action_time": "2024-02-28T07:51:59.429Z", "user": 1, "content_type": 33, "object_id": "3", "object_repr": "[ time ] 100% (usage : 0)", "action_flag": 2, "change_message": "[{\"changed\": {\"fields\": [\"Only first order\"]}}]"}}, {"model": "admin.logentry", "pk": 476, "fields": {"action_time": "2024-02-28T07:52:07.704Z", "user": 1, "content_type": 33, "object_id": "3", "object_repr": "[ time ] 100% (usage : 0)", "action_flag": 2, "change_message": "[{\"changed\": {\"fields\": [\"Only first order\"]}}]"}}, {"model": "admin.logentry", "pk": 477, "fields": {"action_time": "2024-02-28T09:15:37.746Z", "user": 1, "content_type": 35, "object_id": "53", "object_repr": "None - 09981879975 Count : ( 1 ) : ( Paid ) : ( Processing ) ", "action_flag": 2, "change_message": "[{\"changed\": {\"fields\": [\"Delivery status\"]}}]"}}, {"model": "admin.logentry", "pk": 478, "fields": {"action_time": "2024-02-28T15:36:59.919Z", "user": 1, "content_type": 35, "object_id": "55", "object_repr": "None - 09981879975 Count : ( 6 ) : ( Open Order ) : ( None ) ", "action_flag": 2, "change_message": "[{\"changed\": {\"fields\": [\"Lock\"]}}]"}}, {"model": "admin.logentry", "pk": 479, "fields": {"action_time": "2024-02-28T15:49:09.097Z", "user": 1, "content_type": 35, "object_id": "55", "object_repr": "None - 09981879975 Count : ( 6 ) : ( Open Order ) : ( None ) ", "action_flag": 2, "change_message": "[{\"changed\": {\"fields\": [\"Lock\"]}}]"}}, {"model": "admin.logentry", "pk": 480, "fields": {"action_time": "2024-02-28T15:50:12.252Z", "user": 1, "content_type": 35, "object_id": "55", "object_repr": "None - 09981879975 Count : ( 6 ) : ( Open Order ) : ( None ) ", "action_flag": 2, "change_message": "[{\"changed\": {\"fields\": [\"Lock\"]}}]"}}, {"model": "admin.logentry", "pk": 481, "fields": {"action_time": "2024-02-28T15:53:33.723Z", "user": 1, "content_type": 21, "object_id": "23", "object_repr": "تست مولتی چویس", "action_flag": 2, "change_message": "[{\"deleted\": {\"name\": \"product recommendation\", \"object\": \"ProductRecommendation object (None)\"}}]"}}, {"model": "admin.logentry", "pk": 482, "fields": {"action_time": "2024-02-28T15:55:44.694Z", "user": 1, "content_type": 35, "object_id": "56", "object_repr": "None - 09981879975 Count : ( 5 ) : ( Open Order ) : ( None ) ", "action_flag": 2, "change_message": "[{\"changed\": {\"fields\": [\"Lock\"]}}]"}}, {"model": "admin.logentry", "pk": 483, "fields": {"action_time": "2024-02-28T15:58:33.808Z", "user": 1, "content_type": 35, "object_id": "56", "object_repr": "None - 09981879975 Count : ( 5 ) : ( Open Order ) : ( None ) ", "action_flag": 2, "change_message": "[{\"changed\": {\"fields\": [\"Lock\"]}}]"}}, {"model": "admin.logentry", "pk": 484, "fields": {"action_time": "2024-03-01T14:24:12.119Z", "user": 1, "content_type": 14, "object_id": "10", "object_repr": "09357679093 : 4320", "action_flag": 3, "change_message": ""}}, {"model": "admin.logentry", "pk": 485, "fields": {"action_time": "2024-03-01T14:24:12.135Z", "user": 1, "content_type": 14, "object_id": "8", "object_repr": "09981879975 : 5343", "action_flag": 3, "change_message": ""}}, {"model": "admin.logentry", "pk": 486, "fields": {"action_time": "2024-03-03T18:08:24.202Z", "user": 1, "content_type": 41, "object_id": "1", "object_repr": "taymazak1382@gmail.com on Test Multi Option suggest : Suggest : با این قیمت فوق العادس", "action_flag": 1, "change_message": "[{\"added\": {}}]"}}, {"model": "admin.logentry", "pk": 487, "fields": {"action_time": "2024-03-03T18:08:53.116Z", "user": 1, "content_type": 41, "object_id": "1", "object_repr": "taymazak1382@gmail.com on Test Multi Option suggest : Suggest : با این قیمت فوق العادس", "action_flag": 2, "change_message": "[{\"changed\": {\"fields\": [\"Accept by admin\"]}}]"}}, {"model": "admin.logentry", "pk": 488, "fields": {"action_time": "2024-03-03T18:10:57.649Z", "user": 1, "content_type": 41, "object_id": "2", "object_repr": "taymazak1382@gmail.com on NewBalance AM574 suggest : Suggest : wafwfawa", "action_flag": 1, "change_message": "[{\"added\": {}}]"}}, {"model": "admin.logentry", "pk": 489, "fields": {"action_time": "2024-03-03T18:11:26.445Z", "user": 1, "content_type": 41, "object_id": "3", "object_repr": "taymazak1382@gmail.com on NewBalance 725 suggest : Suggest : awfafwaf", "action_flag": 1, "change_message": "[{\"added\": {}}]"}}, {"model": "admin.logentry", "pk": 490, "fields": {"action_time": "2024-03-03T21:01:49.781Z", "user": 1, "content_type": 41, "object_id": "4", "object_repr": "taymazak1382@gmail.com on Test Multi Option suggest : Suggest : صش", "action_flag": 2, "change_message": "[{\"changed\": {\"fields\": [\"Accept by admin\"]}}]"}}, {"model": "admin.logentry", "pk": 491, "fields": {"action_time": "2024-03-03T21:03:19.706Z", "user": 1, "content_type": 41, "object_id": "3", "object_repr": "taymazak1382@gmail.com on NewBalance 725 suggest : Suggest : awfafwaf", "action_flag": 2, "change_message": "[{\"changed\": {\"fields\": [\"Title\"]}}]"}}, {"model": "admin.logentry", "pk": 492, "fields": {"action_time": "2024-03-04T09:08:15.551Z", "user": 1, "content_type": 24, "object_id": "2", "object_repr": "جدید", "action_flag": 1, "change_message": "[{\"added\": {}}]"}}, {"model": "admin.logentry", "pk": 493, "fields": {"action_time": "2024-03-04T09:09:07.181Z", "user": 1, "content_type": 21, "object_id": "27", "object_repr": "کلاس جدا", "action_flag": 1, "change_message": "[{\"added\": {}}, {\"added\": {\"name\": \"stock record\", \"object\": \"TKU-121212121\"}}]"}}, {"model": "admin.logentry", "pk": 494, "fields": {"action_time": "2024-03-04T09:09:17.003Z", "user": 1, "content_type": 21, "object_id": "27", "object_repr": "کلاس جدا", "action_flag": 2, "change_message": "[{\"added\": {\"name\": \"product image\", \"object\": \"ProductImage object (17)\"}}]"}}, {"model": "admin.logentry", "pk": 495, "fields": {"action_time": "2024-03-04T09:09:37.456Z", "user": 1, "content_type": 21, "object_id": "27", "object_repr": "کلاس جدا", "action_flag": 2, "change_message": "[{\"changed\": {\"name\": \"stock record\", \"object\": \"TKU-121212121\", \"fields\": [\"Special sale price start at\"]}}]"}}, {"model": "admin.logentry", "pk": 496, "fields": {"action_time": "2024-03-04T13:30:38.616Z", "user": 1, "content_type": 21, "object_id": "27", "object_repr": "کلاس جدا", "action_flag": 2, "change_message": "[{\"changed\": {\"name\": \"stock record\", \"object\": \"TKU-121212121\", \"fields\": [\"Special sale price start at\"]}}]"}}, {"model": "admin.logentry", "pk": 497, "fields": {"action_time": "2024-03-04T13:40:59.113Z", "user": 1, "content_type": 21, "object_id": "27", "object_repr": "کلاس جدا", "action_flag": 2, "change_message": "[{\"changed\": {\"name\": \"stock record\", \"object\": \"TKU-121212121\", \"fields\": [\"Special sale price\"]}}]"}}, {"model": "admin.logentry", "pk": 498, "fields": {"action_time": "2024-03-04T14:19:25.328Z", "user": 1, "content_type": 9, "object_id": "1", "object_repr": "09981879975", "action_flag": 2, "change_message": "[{\"changed\": {\"fields\": [\"Email\"]}}]"}}, {"model": "admin.logentry", "pk": 499, "fields": {"action_time": "2024-03-04T14:19:31.388Z", "user": 1, "content_type": 9, "object_id": "1", "object_repr": "09981879975", "action_flag": 2, "change_message": "[]"}}, {"model": "admin.logentry", "pk": 500, "fields": {"action_time": "2024-03-04T14:19:47.452Z", "user": 1, "content_type": 9, "object_id": "1", "object_repr": "09981879975", "action_flag": 2, "change_message": "[{\"changed\": {\"fields\": [\"Email\"]}}]"}}, {"model": "admin.logentry", "pk": 501, "fields": {"action_time": "2024-03-04T14:19:53.702Z", "user": 1, "content_type": 9, "object_id": "1", "object_repr": "taymazak1382@gmail.com", "action_flag": 2, "change_message": "[{\"changed\": {\"fields\": [\"Email\"]}}]"}}, {"model": "admin.logentry", "pk": 502, "fields": {"action_time": "2024-03-04T14:22:48.336Z", "user": 1, "content_type": 9, "object_id": "1", "object_repr": "09981879975", "action_flag": 2, "change_message": "[{\"changed\": {\"fields\": [\"Email\"]}}]"}}, {"model": "admin.logentry", "pk": 503, "fields": {"action_time": "2024-03-04T14:22:52.347Z", "user": 1, "content_type": 9, "object_id": "1", "object_repr": "09981879975", "action_flag": 2, "change_message": "[{\"changed\": {\"fields\": [\"Email\"]}}]"}}, {"model": "admin.logentry", "pk": 504, "fields": {"action_time": "2024-03-04T14:44:19.018Z", "user": 1, "content_type": 9, "object_id": "1", "object_repr": "taymazak1382@gmail.com", "action_flag": 2, "change_message": "[{\"changed\": {\"fields\": [\"Username\", \"Phone\"]}}]"}}, {"model": "admin.logentry", "pk": 505, "fields": {"action_time": "2024-03-04T15:58:45.743Z", "user": 1, "content_type": 14, "object_id": "21", "object_repr": "09981879975 : 1819", "action_flag": 3, "change_message": ""}}, {"model": "admin.logentry", "pk": 506, "fields": {"action_time": "2024-03-04T15:58:45.750Z", "user": 1, "content_type": 14, "object_id": "19", "object_repr": "09357679093 : 5204", "action_flag": 3, "change_message": ""}}, {"model": "admin.logentry", "pk": 507, "fields": {"action_time": "2024-03-04T16:08:02.740Z", "user": 1, "content_type": 14, "object_id": "24", "object_repr": "09981879975 : 8528", "action_flag": 3, "change_message": ""}}, {"model": "admin.logentry", "pk": 508, "fields": {"action_time": "2024-03-04T16:08:02.748Z", "user": 1, "content_type": 14, "object_id": "23", "object_repr": "09981879975 : 2174", "action_flag": 3, "change_message": ""}}, {"model": "admin.logentry", "pk": 509, "fields": {"action_time": "2024-03-04T16:09:44.498Z", "user": 1, "content_type": 14, "object_id": "25", "object_repr": "09981879975 : 3739", "action_flag": 3, "change_message": ""}}, {"model": "admin.logentry", "pk": 510, "fields": {"action_time": "2024-03-04T16:15:14.891Z", "user": 1, "content_type": 14, "object_id": "26", "object_repr": "09981879975 : 5789", "action_flag": 3, "change_message": ""}}, {"model": "admin.logentry", "pk": 511, "fields": {"action_time": "2024-03-04T16:26:01.545Z", "user": 1, "content_type": 9, "object_id": "2", "object_repr": "09357679093", "action_flag": 3, "change_message": ""}}, {"model": "admin.logentry", "pk": 512, "fields": {"action_time": "2024-03-04T16:51:18.188Z", "user": 1, "content_type": 9, "object_id": "2", "object_repr": "09357679093", "action_flag": 3, "change_message": ""}}, {"model": "admin.logentry", "pk": 513, "fields": {"action_time": "2024-03-04T16:51:53.114Z", "user": 1, "content_type": 9, "object_id": "2", "object_repr": "09357679093", "action_flag": 3, "change_message": ""}}, {"model": "admin.logentry", "pk": 514, "fields": {"action_time": "2024-03-04T16:52:40.906Z", "user": 1, "content_type": 9, "object_id": "3", "object_repr": "09357679093", "action_flag": 3, "change_message": ""}}, {"model": "auth.permission", "pk": 1, "fields": {"name": "Can add log entry", "content_type": 1, "codename": "add_logentry"}}, {"model": "auth.permission", "pk": 2, "fields": {"name": "Can change log entry", "content_type": 1, "codename": "change_logentry"}}, {"model": "auth.permission", "pk": 3, "fields": {"name": "Can delete log entry", "content_type": 1, "codename": "delete_logentry"}}, {"model": "auth.permission", "pk": 4, "fields": {"name": "Can view log entry", "content_type": 1, "codename": "view_logentry"}}, {"model": "auth.permission", "pk": 5, "fields": {"name": "Can add permission", "content_type": 2, "codename": "add_permission"}}, {"model": "auth.permission", "pk": 6, "fields": {"name": "Can change permission", "content_type": 2, "codename": "change_permission"}}, {"model": "auth.permission", "pk": 7, "fields": {"name": "Can delete permission", "content_type": 2, "codename": "delete_permission"}}, {"model": "auth.permission", "pk": 8, "fields": {"name": "Can view permission", "content_type": 2, "codename": "view_permission"}}, {"model": "auth.permission", "pk": 9, "fields": {"name": "Can add group", "content_type": 3, "codename": "add_group"}}, {"model": "auth.permission", "pk": 10, "fields": {"name": "Can change group", "content_type": 3, "codename": "change_group"}}, {"model": "auth.permission", "pk": 11, "fields": {"name": "Can delete group", "content_type": 3, "codename": "delete_group"}}, {"model": "auth.permission", "pk": 12, "fields": {"name": "Can view group", "content_type": 3, "codename": "view_group"}}, {"model": "auth.permission", "pk": 13, "fields": {"name": "Can add content type", "content_type": 4, "codename": "add_contenttype"}}, {"model": "auth.permission", "pk": 14, "fields": {"name": "Can change content type", "content_type": 4, "codename": "change_contenttype"}}, {"model": "auth.permission", "pk": 15, "fields": {"name": "Can delete content type", "content_type": 4, "codename": "delete_contenttype"}}, {"model": "auth.permission", "pk": 16, "fields": {"name": "Can view content type", "content_type": 4, "codename": "view_contenttype"}}, {"model": "auth.permission", "pk": 17, "fields": {"name": "Can add session", "content_type": 5, "codename": "add_session"}}, {"model": "auth.permission", "pk": 18, "fields": {"name": "Can change session", "content_type": 5, "codename": "change_session"}}, {"model": "auth.permission", "pk": 19, "fields": {"name": "Can delete session", "content_type": 5, "codename": "delete_session"}}, {"model": "auth.permission", "pk": 20, "fields": {"name": "Can view session", "content_type": 5, "codename": "view_session"}}, {"model": "auth.permission", "pk": 21, "fields": {"name": "Can add blacklisted token", "content_type": 6, "codename": "add_blacklistedtoken"}}, {"model": "auth.permission", "pk": 22, "fields": {"name": "Can change blacklisted token", "content_type": 6, "codename": "change_blacklistedtoken"}}, {"model": "auth.permission", "pk": 23, "fields": {"name": "Can delete blacklisted token", "content_type": 6, "codename": "delete_blacklistedtoken"}}, {"model": "auth.permission", "pk": 24, "fields": {"name": "Can view blacklisted token", "content_type": 6, "codename": "view_blacklistedtoken"}}, {"model": "auth.permission", "pk": 25, "fields": {"name": "Can add outstanding token", "content_type": 7, "codename": "add_outstandingtoken"}}, {"model": "auth.permission", "pk": 26, "fields": {"name": "Can change outstanding token", "content_type": 7, "codename": "change_outstandingtoken"}}, {"model": "auth.permission", "pk": 27, "fields": {"name": "Can delete outstanding token", "content_type": 7, "codename": "delete_outstandingtoken"}}, {"model": "auth.permission", "pk": 28, "fields": {"name": "Can view outstanding token", "content_type": 7, "codename": "view_outstandingtoken"}}, {"model": "auth.permission", "pk": 29, "fields": {"name": "Can add media", "content_type": 8, "codename": "add_media"}}, {"model": "auth.permission", "pk": 30, "fields": {"name": "Can change media", "content_type": 8, "codename": "change_media"}}, {"model": "auth.permission", "pk": 31, "fields": {"name": "Can delete media", "content_type": 8, "codename": "delete_media"}}, {"model": "auth.permission", "pk": 32, "fields": {"name": "Can view media", "content_type": 8, "codename": "view_media"}}, {"model": "auth.permission", "pk": 33, "fields": {"name": "Can add user", "content_type": 9, "codename": "add_user"}}, {"model": "auth.permission", "pk": 34, "fields": {"name": "Can change user", "content_type": 9, "codename": "change_user"}}, {"model": "auth.permission", "pk": 35, "fields": {"name": "Can delete user", "content_type": 9, "codename": "delete_user"}}, {"model": "auth.permission", "pk": 36, "fields": {"name": "Can view user", "content_type": 9, "codename": "view_user"}}, {"model": "auth.permission", "pk": 37, "fields": {"name": "Can add recycle user", "content_type": 10, "codename": "add_recycleuser"}}, {"model": "auth.permission", "pk": 38, "fields": {"name": "Can change recycle user", "content_type": 10, "codename": "change_recycleuser"}}, {"model": "auth.permission", "pk": 39, "fields": {"name": "Can delete recycle user", "content_type": 10, "codename": "delete_recycleuser"}}, {"model": "auth.permission", "pk": 40, "fields": {"name": "Can view recycle user", "content_type": 10, "codename": "view_recycleuser"}}, {"model": "auth.permission", "pk": 41, "fields": {"name": "Can add user password reset token", "content_type": 11, "codename": "add_userpasswordresettoken"}}, {"model": "auth.permission", "pk": 42, "fields": {"name": "Can change user password reset token", "content_type": 11, "codename": "change_userpasswordresettoken"}}, {"model": "auth.permission", "pk": 43, "fields": {"name": "Can delete user password reset token", "content_type": 11, "codename": "delete_userpasswordresettoken"}}, {"model": "auth.permission", "pk": 44, "fields": {"name": "Can view user password reset token", "content_type": 11, "codename": "view_userpasswordresettoken"}}, {"model": "auth.permission", "pk": 45, "fields": {"name": "Can add user previous detail history", "content_type": 12, "codename": "add_userpreviousdetailhistory"}}, {"model": "auth.permission", "pk": 46, "fields": {"name": "Can change user previous detail history", "content_type": 12, "codename": "change_userpreviousdetailhistory"}}, {"model": "auth.permission", "pk": 47, "fields": {"name": "Can delete user previous detail history", "content_type": 12, "codename": "delete_userpreviousdetailhistory"}}, {"model": "auth.permission", "pk": 48, "fields": {"name": "Can view user previous detail history", "content_type": 12, "codename": "view_userpreviousdetailhistory"}}, {"model": "auth.permission", "pk": 49, "fields": {"name": "Can add user search history", "content_type": 13, "codename": "add_usersearchhistory"}}, {"model": "auth.permission", "pk": 50, "fields": {"name": "Can change user search history", "content_type": 13, "codename": "change_usersearchhistory"}}, {"model": "auth.permission", "pk": 51, "fields": {"name": "Can delete user search history", "content_type": 13, "codename": "delete_usersearchhistory"}}, {"model": "auth.permission", "pk": 52, "fields": {"name": "Can view user search history", "content_type": 13, "codename": "view_usersearchhistory"}}, {"model": "auth.permission", "pk": 53, "fields": {"name": "Can add verify otp service", "content_type": 14, "codename": "add_verifyotpservice"}}, {"model": "auth.permission", "pk": 54, "fields": {"name": "Can change verify otp service", "content_type": 14, "codename": "change_verifyotpservice"}}, {"model": "auth.permission", "pk": 55, "fields": {"name": "Can delete verify otp service", "content_type": 14, "codename": "delete_verifyotpservice"}}, {"model": "auth.permission", "pk": 56, "fields": {"name": "Can view verify otp service", "content_type": 14, "codename": "view_verifyotpservice"}}, {"model": "auth.permission", "pk": 57, "fields": {"name": "Can add Brand", "content_type": 15, "codename": "add_brand"}}, {"model": "auth.permission", "pk": 58, "fields": {"name": "Can change Brand", "content_type": 15, "codename": "change_brand"}}, {"model": "auth.permission", "pk": 59, "fields": {"name": "Can delete Brand", "content_type": 15, "codename": "delete_brand"}}, {"model": "auth.permission", "pk": 60, "fields": {"name": "Can view Brand", "content_type": 15, "codename": "view_brand"}}, {"model": "auth.permission", "pk": 61, "fields": {"name": "Can add Category", "content_type": 16, "codename": "add_category"}}, {"model": "auth.permission", "pk": 62, "fields": {"name": "Can change Category", "content_type": 16, "codename": "change_category"}}, {"model": "auth.permission", "pk": 63, "fields": {"name": "Can delete Category", "content_type": 16, "codename": "delete_category"}}, {"model": "auth.permission", "pk": 64, "fields": {"name": "Can view Category", "content_type": 16, "codename": "view_category"}}, {"model": "auth.permission", "pk": 65, "fields": {"name": "Can add Banner", "content_type": 17, "codename": "add_banner"}}, {"model": "auth.permission", "pk": 66, "fields": {"name": "Can change Banner", "content_type": 17, "codename": "change_banner"}}, {"model": "auth.permission", "pk": 67, "fields": {"name": "Can delete Banner", "content_type": 17, "codename": "delete_banner"}}, {"model": "auth.permission", "pk": 68, "fields": {"name": "Can view Banner", "content_type": 17, "codename": "view_banner"}}, {"model": "auth.permission", "pk": 69, "fields": {"name": "Can add Option Group", "content_type": 18, "codename": "add_optiongroup"}}, {"model": "auth.permission", "pk": 70, "fields": {"name": "Can change Option Group", "content_type": 18, "codename": "change_optiongroup"}}, {"model": "auth.permission", "pk": 71, "fields": {"name": "Can delete Option Group", "content_type": 18, "codename": "delete_optiongroup"}}, {"model": "auth.permission", "pk": 72, "fields": {"name": "Can view Option Group", "content_type": 18, "codename": "view_optiongroup"}}, {"model": "auth.permission", "pk": 73, "fields": {"name": "Can add Option", "content_type": 19, "codename": "add_option"}}, {"model": "auth.permission", "pk": 74, "fields": {"name": "Can change Option", "content_type": 19, "codename": "change_option"}}, {"model": "auth.permission", "pk": 75, "fields": {"name": "Can delete Option", "content_type": 19, "codename": "delete_option"}}, {"model": "auth.permission", "pk": 76, "fields": {"name": "Can view Option", "content_type": 19, "codename": "view_option"}}, {"model": "auth.permission", "pk": 77, "fields": {"name": "Can add Option Group Value", "content_type": 20, "codename": "add_optiongroupvalue"}}, {"model": "auth.permission", "pk": 78, "fields": {"name": "Can change Option Group Value", "content_type": 20, "codename": "change_optiongroupvalue"}}, {"model": "auth.permission", "pk": 79, "fields": {"name": "Can delete Option Group Value", "content_type": 20, "codename": "delete_optiongroupvalue"}}, {"model": "auth.permission", "pk": 80, "fields": {"name": "Can view Option Group Value", "content_type": 20, "codename": "view_optiongroupvalue"}}, {"model": "auth.permission", "pk": 81, "fields": {"name": "Can add Product", "content_type": 21, "codename": "add_product"}}, {"model": "auth.permission", "pk": 82, "fields": {"name": "Can change Product", "content_type": 21, "codename": "change_product"}}, {"model": "auth.permission", "pk": 83, "fields": {"name": "Can delete Product", "content_type": 21, "codename": "delete_product"}}, {"model": "auth.permission", "pk": 84, "fields": {"name": "Can view Product", "content_type": 21, "codename": "view_product"}}, {"model": "auth.permission", "pk": 85, "fields": {"name": "Can add Product Attribute", "content_type": 22, "codename": "add_productattribute"}}, {"model": "auth.permission", "pk": 86, "fields": {"name": "Can change Product Attribute", "content_type": 22, "codename": "change_productattribute"}}, {"model": "auth.permission", "pk": 87, "fields": {"name": "Can delete Product Attribute", "content_type": 22, "codename": "delete_productattribute"}}, {"model": "auth.permission", "pk": 88, "fields": {"name": "Can view Product Attribute", "content_type": 22, "codename": "view_productattribute"}}, {"model": "auth.permission", "pk": 89, "fields": {"name": "Can add Attribute Value", "content_type": 23, "codename": "add_productattributevalue"}}, {"model": "auth.permission", "pk": 90, "fields": {"name": "Can change Attribute Value", "content_type": 23, "codename": "change_productattributevalue"}}, {"model": "auth.permission", "pk": 91, "fields": {"name": "Can delete Attribute Value", "content_type": 23, "codename": "delete_productattributevalue"}}, {"model": "auth.permission", "pk": 92, "fields": {"name": "Can view Attribute Value", "content_type": 23, "codename": "view_productattributevalue"}}, {"model": "auth.permission", "pk": 93, "fields": {"name": "Can add Product Class", "content_type": 24, "codename": "add_productclass"}}, {"model": "auth.permission", "pk": 94, "fields": {"name": "Can change Product Class", "content_type": 24, "codename": "change_productclass"}}, {"model": "auth.permission", "pk": 95, "fields": {"name": "Can delete Product Class", "content_type": 24, "codename": "delete_productclass"}}, {"model": "auth.permission", "pk": 96, "fields": {"name": "Can view Product Class", "content_type": 24, "codename": "view_productclass"}}, {"model": "auth.permission", "pk": 97, "fields": {"name": "Can add product image", "content_type": 25, "codename": "add_productimage"}}, {"model": "auth.permission", "pk": 98, "fields": {"name": "Can change product image", "content_type": 25, "codename": "change_productimage"}}, {"model": "auth.permission", "pk": 99, "fields": {"name": "Can delete product image", "content_type": 25, "codename": "delete_productimage"}}, {"model": "auth.permission", "pk": 100, "fields": {"name": "Can view product image", "content_type": 25, "codename": "view_productimage"}}, {"model": "auth.permission", "pk": 101, "fields": {"name": "Can add product recommendation", "content_type": 26, "codename": "add_productrecommendation"}}, {"model": "auth.permission", "pk": 102, "fields": {"name": "Can change product recommendation", "content_type": 26, "codename": "change_productrecommendation"}}, {"model": "auth.permission", "pk": 103, "fields": {"name": "Can delete product recommendation", "content_type": 26, "codename": "delete_productrecommendation"}}, {"model": "auth.permission", "pk": 104, "fields": {"name": "Can view product recommendation", "content_type": 26, "codename": "view_productrecommendation"}}, {"model": "auth.permission", "pk": 105, "fields": {"name": "Can add stock record", "content_type": 27, "codename": "add_stockrecord"}}, {"model": "auth.permission", "pk": 106, "fields": {"name": "Can change stock record", "content_type": 27, "codename": "change_stockrecord"}}, {"model": "auth.permission", "pk": 107, "fields": {"name": "Can delete stock record", "content_type": 27, "codename": "delete_stockrecord"}}, {"model": "auth.permission", "pk": 108, "fields": {"name": "Can view stock record", "content_type": 27, "codename": "view_stockrecord"}}, {"model": "auth.permission", "pk": 109, "fields": {"name": "Can add product property", "content_type": 28, "codename": "add_productproperty"}}, {"model": "auth.permission", "pk": 110, "fields": {"name": "Can change product property", "content_type": 28, "codename": "change_productproperty"}}, {"model": "auth.permission", "pk": 111, "fields": {"name": "Can delete product property", "content_type": 28, "codename": "delete_productproperty"}}, {"model": "auth.permission", "pk": 112, "fields": {"name": "Can view product property", "content_type": 28, "codename": "view_productproperty"}}, {"model": "auth.permission", "pk": 113, "fields": {"name": "Can add product property value", "content_type": 29, "codename": "add_productpropertyvalue"}}, {"model": "auth.permission", "pk": 114, "fields": {"name": "Can change product property value", "content_type": 29, "codename": "change_productpropertyvalue"}}, {"model": "auth.permission", "pk": 115, "fields": {"name": "Can delete product property value", "content_type": 29, "codename": "delete_productpropertyvalue"}}, {"model": "auth.permission", "pk": 116, "fields": {"name": "Can view product property value", "content_type": 29, "codename": "view_productpropertyvalue"}}, {"model": "auth.permission", "pk": 117, "fields": {"name": "Can add user addresses", "content_type": 30, "codename": "add_useraddresses"}}, {"model": "auth.permission", "pk": 118, "fields": {"name": "Can change user addresses", "content_type": 30, "codename": "change_useraddresses"}}, {"model": "auth.permission", "pk": 119, "fields": {"name": "Can delete user addresses", "content_type": 30, "codename": "delete_useraddresses"}}, {"model": "auth.permission", "pk": 120, "fields": {"name": "Can view user addresses", "content_type": 30, "codename": "view_useraddresses"}}, {"model": "auth.permission", "pk": 121, "fields": {"name": "Can add order address", "content_type": 31, "codename": "add_orderaddress"}}, {"model": "auth.permission", "pk": 122, "fields": {"name": "Can change order address", "content_type": 31, "codename": "change_orderaddress"}}, {"model": "auth.permission", "pk": 123, "fields": {"name": "Can delete order address", "content_type": 31, "codename": "delete_orderaddress"}}, {"model": "auth.permission", "pk": 124, "fields": {"name": "Can view order address", "content_type": 31, "codename": "view_orderaddress"}}, {"model": "auth.permission", "pk": 125, "fields": {"name": "Can add shipping rate", "content_type": 32, "codename": "add_shippingrate"}}, {"model": "auth.permission", "pk": 126, "fields": {"name": "Can change shipping rate", "content_type": 32, "codename": "change_shippingrate"}}, {"model": "auth.permission", "pk": 127, "fields": {"name": "Can delete shipping rate", "content_type": 32, "codename": "delete_shippingrate"}}, {"model": "auth.permission", "pk": 128, "fields": {"name": "Can view shipping rate", "content_type": 32, "codename": "view_shippingrate"}}, {"model": "auth.permission", "pk": 129, "fields": {"name": "Can add coupon", "content_type": 33, "codename": "add_coupon"}}, {"model": "auth.permission", "pk": 130, "fields": {"name": "Can change coupon", "content_type": 33, "codename": "change_coupon"}}, {"model": "auth.permission", "pk": 131, "fields": {"name": "Can delete coupon", "content_type": 33, "codename": "delete_coupon"}}, {"model": "auth.permission", "pk": 132, "fields": {"name": "Can view coupon", "content_type": 33, "codename": "view_coupon"}}, {"model": "auth.permission", "pk": 133, "fields": {"name": "Can add coupon usage", "content_type": 34, "codename": "add_couponusage"}}, {"model": "auth.permission", "pk": 134, "fields": {"name": "Can change coupon usage", "content_type": 34, "codename": "change_couponusage"}}, {"model": "auth.permission", "pk": 135, "fields": {"name": "Can delete coupon usage", "content_type": 34, "codename": "delete_couponusage"}}, {"model": "auth.permission", "pk": 136, "fields": {"name": "Can view coupon usage", "content_type": 34, "codename": "view_couponusage"}}, {"model": "auth.permission", "pk": 137, "fields": {"name": "Can add order", "content_type": 35, "codename": "add_order"}}, {"model": "auth.permission", "pk": 138, "fields": {"name": "Can change order", "content_type": 35, "codename": "change_order"}}, {"model": "auth.permission", "pk": 139, "fields": {"name": "Can delete order", "content_type": 35, "codename": "delete_order"}}, {"model": "auth.permission", "pk": 140, "fields": {"name": "Can view order", "content_type": 35, "codename": "view_order"}}, {"model": "auth.permission", "pk": 141, "fields": {"name": "Can add order item", "content_type": 36, "codename": "add_orderitem"}}, {"model": "auth.permission", "pk": 142, "fields": {"name": "Can change order item", "content_type": 36, "codename": "change_orderitem"}}, {"model": "auth.permission", "pk": 143, "fields": {"name": "Can delete order item", "content_type": 36, "codename": "delete_orderitem"}}, {"model": "auth.permission", "pk": 144, "fields": {"name": "Can view order item", "content_type": 36, "codename": "view_orderitem"}}, {"model": "auth.permission", "pk": 145, "fields": {"name": "Can add shipping service", "content_type": 37, "codename": "add_shippingservice"}}, {"model": "auth.permission", "pk": 146, "fields": {"name": "Can change shipping service", "content_type": 37, "codename": "change_shippingservice"}}, {"model": "auth.permission", "pk": 147, "fields": {"name": "Can delete shipping service", "content_type": 37, "codename": "delete_shippingservice"}}, {"model": "auth.permission", "pk": 148, "fields": {"name": "Can view shipping service", "content_type": 37, "codename": "view_shippingservice"}}, {"model": "auth.permission", "pk": 149, "fields": {"name": "Can add transaction", "content_type": 38, "codename": "add_transaction"}}, {"model": "auth.permission", "pk": 150, "fields": {"name": "Can change transaction", "content_type": 38, "codename": "change_transaction"}}, {"model": "auth.permission", "pk": 151, "fields": {"name": "Can delete transaction", "content_type": 38, "codename": "delete_transaction"}}, {"model": "auth.permission", "pk": 152, "fields": {"name": "Can view transaction", "content_type": 38, "codename": "view_transaction"}}, {"model": "auth.permission", "pk": 153, "fields": {"name": "Can add user favorite product", "content_type": 39, "codename": "add_userfavoriteproduct"}}, {"model": "auth.permission", "pk": 154, "fields": {"name": "Can change user favorite product", "content_type": 39, "codename": "change_userfavoriteproduct"}}, {"model": "auth.permission", "pk": 155, "fields": {"name": "Can delete user favorite product", "content_type": 39, "codename": "delete_userfavoriteproduct"}}, {"model": "auth.permission", "pk": 156, "fields": {"name": "Can view user favorite product", "content_type": 39, "codename": "view_userfavoriteproduct"}}, {"model": "auth.permission", "pk": 157, "fields": {"name": "Can add user recent visited product", "content_type": 40, "codename": "add_userrecentvisitedproduct"}}, {"model": "auth.permission", "pk": 158, "fields": {"name": "Can change user recent visited product", "content_type": 40, "codename": "change_userrecentvisitedproduct"}}, {"model": "auth.permission", "pk": 159, "fields": {"name": "Can delete user recent visited product", "content_type": 40, "codename": "delete_userrecentvisitedproduct"}}, {"model": "auth.permission", "pk": 160, "fields": {"name": "Can view user recent visited product", "content_type": 40, "codename": "view_userrecentvisitedproduct"}}, {"model": "auth.permission", "pk": 161, "fields": {"name": "Can add product comment", "content_type": 41, "codename": "add_productcomment"}}, {"model": "auth.permission", "pk": 162, "fields": {"name": "Can change product comment", "content_type": 41, "codename": "change_productcomment"}}, {"model": "auth.permission", "pk": 163, "fields": {"name": "Can delete product comment", "content_type": 41, "codename": "delete_productcomment"}}, {"model": "auth.permission", "pk": 164, "fields": {"name": "Can view product comment", "content_type": 41, "codename": "view_productcomment"}}, {"model": "contenttypes.contenttype", "pk": 1, "fields": {"app_label": "admin", "model": "logentry"}}, {"model": "contenttypes.contenttype", "pk": 2, "fields": {"app_label": "auth", "model": "permission"}}, {"model": "contenttypes.contenttype", "pk": 3, "fields": {"app_label": "auth", "model": "group"}}, {"model": "contenttypes.contenttype", "pk": 4, "fields": {"app_label": "contenttypes", "model": "contenttype"}}, {"model": "contenttypes.contenttype", "pk": 5, "fields": {"app_label": "sessions", "model": "session"}}, {"model": "contenttypes.contenttype", "pk": 6, "fields": {"app_label": "token_blacklist", "model": "blacklistedtoken"}}, {"model": "contenttypes.contenttype", "pk": 7, "fields": {"app_label": "token_blacklist", "model": "outstandingtoken"}}, {"model": "contenttypes.contenttype", "pk": 8, "fields": {"app_label": "media", "model": "media"}}, {"model": "contenttypes.contenttype", "pk": 9, "fields": {"app_label": "account", "model": "user"}}, {"model": "contenttypes.contenttype", "pk": 10, "fields": {"app_label": "account", "model": "recycleuser"}}, {"model": "contenttypes.contenttype", "pk": 11, "fields": {"app_label": "account", "model": "userpasswordresettoken"}}, {"model": "contenttypes.contenttype", "pk": 12, "fields": {"app_label": "account", "model": "userpreviousdetailhistory"}}, {"model": "contenttypes.contenttype", "pk": 13, "fields": {"app_label": "account", "model": "usersearchhistory"}}, {"model": "contenttypes.contenttype", "pk": 14, "fields": {"app_label": "verification", "model": "verifyotpservice"}}, {"model": "contenttypes.contenttype", "pk": 15, "fields": {"app_label": "catalog", "model": "brand"}}, {"model": "contenttypes.contenttype", "pk": 16, "fields": {"app_label": "catalog", "model": "category"}}, {"model": "contenttypes.contenttype", "pk": 17, "fields": {"app_label": "content", "model": "banner"}}, {"model": "contenttypes.contenttype", "pk": 18, "fields": {"app_label": "catalog", "model": "optiongroup"}}, {"model": "contenttypes.contenttype", "pk": 19, "fields": {"app_label": "catalog", "model": "option"}}, {"model": "contenttypes.contenttype", "pk": 20, "fields": {"app_label": "catalog", "model": "optiongroupvalue"}}, {"model": "contenttypes.contenttype", "pk": 21, "fields": {"app_label": "catalog", "model": "product"}}, {"model": "contenttypes.contenttype", "pk": 22, "fields": {"app_label": "catalog", "model": "productattribute"}}, {"model": "contenttypes.contenttype", "pk": 23, "fields": {"app_label": "catalog", "model": "productattributevalue"}}, {"model": "contenttypes.contenttype", "pk": 24, "fields": {"app_label": "catalog", "model": "productclass"}}, {"model": "contenttypes.contenttype", "pk": 25, "fields": {"app_label": "catalog", "model": "productimage"}}, {"model": "contenttypes.contenttype", "pk": 26, "fields": {"app_label": "catalog", "model": "productrecommendation"}}, {"model": "contenttypes.contenttype", "pk": 27, "fields": {"app_label": "inventory", "model": "stockrecord"}}, {"model": "contenttypes.contenttype", "pk": 28, "fields": {"app_label": "catalog", "model": "productproperty"}}, {"model": "contenttypes.contenttype", "pk": 29, "fields": {"app_label": "catalog", "model": "productpropertyvalue"}}, {"model": "contenttypes.contenttype", "pk": 30, "fields": {"app_label": "address", "model": "useraddresses"}}, {"model": "contenttypes.contenttype", "pk": 31, "fields": {"app_label": "order", "model": "orderaddress"}}, {"model": "contenttypes.contenttype", "pk": 32, "fields": {"app_label": "order", "model": "shippingrate"}}, {"model": "contenttypes.contenttype", "pk": 33, "fields": {"app_label": "order", "model": "coupon"}}, {"model": "contenttypes.contenttype", "pk": 34, "fields": {"app_label": "order", "model": "couponusage"}}, {"model": "contenttypes.contenttype", "pk": 35, "fields": {"app_label": "order", "model": "order"}}, {"model": "contenttypes.contenttype", "pk": 36, "fields": {"app_label": "order", "model": "orderitem"}}, {"model": "contenttypes.contenttype", "pk": 37, "fields": {"app_label": "order", "model": "shippingservice"}}, {"model": "contenttypes.contenttype", "pk": 38, "fields": {"app_label": "transaction", "model": "transaction"}}, {"model": "contenttypes.contenttype", "pk": 39, "fields": {"app_label": "account", "model": "userfavoriteproduct"}}, {"model": "contenttypes.contenttype", "pk": 40, "fields": {"app_label": "account", "model": "userrecentvisitedproduct"}}, {"model": "contenttypes.contenttype", "pk": 41, "fields": {"app_label": "catalog", "model": "productcomment"}}, {"model": "sessions.session", "pk": "6k0o4e1lx1zdczkibk6ydfuvn5831740", "fields": {"session_data": ".eJxVjMsOwiAQRf-FtSG8BZfu-w1kGAapGkhKuzL-uzbpQrf3nHNfLMK21rgNWuKc2YVJdvrdEuCD2g7yHdqtc-xtXebEd4UfdPCpZ3peD_fvoMKo3xrxTMp5smiC0AgOtE3aW9TBKG0oJ3ROQpFSZQfkVRAiSCwphyILaPb-AOceOCk:1rhux4:JkisuhzHnQrQI-MKCAE0rDufxtsIQ3tKkOImQL5YJO0", "expire_date": "2024-03-20T17:21:10.139Z"}}, {"model": "sessions.session", "pk": "qoxssfhxnfbr3r8cl7md64sd299abels", "fields": {"session_data": ".eJxVjMsOwiAQRf-FtSG8BZfu-w1kGAapGkhKuzL-uzbpQrf3nHNfLMK21rgNWuKc2YVJdvrdEuCD2g7yHdqtc-xtXebEd4UfdPCpZ3peD_fvoMKo3xrxTMp5smiC0AgOtE3aW9TBKG0oJ3ROQpFSZQfkVRAiSCwphyILaPb-AOceOCk:1rg7RJ:jiMhqDyoxPvekYdepxjiQe1oni6ML4bTiuBmfEe1tNY", "expire_date": "2024-03-15T18:16:57.617Z"}}, {"model": "sessions.session", "pk": "rmucgqe8cnhjsyxhe30b2nvyzt6w7sq3", "fields": {"session_data": ".eJxVjEEOwiAQRe_C2hCgnaHj0r1nIJQZpWogKe3KeHfbpAvdvvf-f6sQ1yWHtckcJlZnZdXpl40xPaXsgh-x3KtOtSzzNOo90Ydt-lpZXpej_TvIseVt3fWWI7MjY9CgRYk3YNoopX4gDwa8dAYQuuSEYDBIlhwCiHWC3qnPF7EnNgE:1rThaZ:ffzEksnvECjAZALaqLuR9CVyjNRch_puzxDExTKtqkI", "expire_date": "2024-02-10T12:15:11.406Z"}}, {"model": "sessions.session", "pk": "t657mafxk1ultq1vjngiczx6xya2s4q8", "fields": {"session_data": ".eJxVjEEOwiAQRe_C2hCgnaHj0r1nIJQZpWogKe3KeHfbpAvdvvf-f6sQ1yWHtckcJlZnZdXpl40xPaXsgh-x3KtOtSzzNOo90Ydt-lpZXpej_TvIseVt3fWWI7MjY9CgRYk3YNoopX4gDwa8dAYQuuSEYDBIlhwCiHWC3qnPF7EnNgE:1rT501:ljfobW5mC6SAUMU6JMx9B_4p6py9OQVRzkU3MAt-W6Y", "expire_date": "2024-02-08T19:02:53.291Z"}}, {"model": "sessions.session", "pk": "u4fe86u1nbuvx0m706e3sz03h2lzq4s9", "fields": {"session_data": ".eJxVjEEOwiAQRe_C2hCgnaHj0r1nIJQZpWogKe3KeHfbpAvdvvf-f6sQ1yWHtckcJlZnZdXpl40xPaXsgh-x3KtOtSzzNOo90Ydt-lpZXpej_TvIseVt3fWWI7MjY9CgRYk3YNoopX4gDwa8dAYQuuSEYDBIlhwCiHWC3qnPF7EnNgE:1rYpR6:Frea94U6uKp0h2I7hWp74gAde3znTq_aFrfmPnv3xVk", "expire_date": "2024-02-24T15:38:36.235Z"}}, {"model": "token_blacklist.outstandingtoken", "pk": 1, "fields": {"user": 1, "jti": "aafa435c9f8d4cc18a7b28271955e42a", "token": "eyJhbGciOiJIUzI1NiIsInR5cCI6IkpXVCJ9.eyJ0b2tlbl90eXBlIjoicmVmcmVzaCIsImV4cCI6MTcxNDA0MDM4MCwiaWF0IjoxNzA2MjY0MzgwLCJqdGkiOiJhYWZhNDM1YzlmOGQ0Y2MxOGE3YjI4MjcxOTU1ZTQyYSIsInVzZXJfaWQiOjF9.mEMvT60CKFlNuDHnOI6ukKjYS2zXFxj1UFSB1D_bYEE", "created_at": "2024-01-26T10:19:40.048Z", "expires_at": "2024-04-25T10:19:40Z"}}, {"model": "token_blacklist.outstandingtoken", "pk": 2, "fields": {"user": 1, "jti": "327d0312f4a548d18a145c180162a56c", "token": "eyJhbGciOiJIUzI1NiIsInR5cCI6IkpXVCJ9.eyJ0b2tlbl90eXBlIjoicmVmcmVzaCIsImV4cCI6MTcxNDA0MjU5NiwiaWF0IjoxNzA2MjY2NTk2LCJqdGkiOiIzMjdkMDMxMmY0YTU0OGQxOGExNDVjMTgwMTYyYTU2YyIsInVzZXJfaWQiOjF9.qwLacNyNMMqIrg7XCsVPlzqVl7_8MOQ_ywhBSiBwdac", "created_at": "2024-01-26T10:56:36.610Z", "expires_at": "2024-04-25T10:56:36Z"}}, {"model": "token_blacklist.outstandingtoken", "pk": 3, "fields": {"user": 1, "jti": "5882480909d44933b1ed2a0bedde8a1e", "token": "eyJhbGciOiJIUzI1NiIsInR5cCI6IkpXVCJ9.eyJ0b2tlbl90eXBlIjoicmVmcmVzaCIsImV4cCI6MTcxNDA1MTI0OCwiaWF0IjoxNzA2Mjc1MjQ4LCJqdGkiOiI1ODgyNDgwOTA5ZDQ0OTMzYjFlZDJhMGJlZGRlOGExZSIsInVzZXJfaWQiOjF9.hKF92PYRU9vXG5Gg1FqCjWd6OG9Fw63SDlWA3CepiaU", "created_at": "2024-01-26T13:20:48.235Z", "expires_at": "2024-04-25T13:20:48Z"}}, {"model": "token_blacklist.outstandingtoken", "pk": 4, "fields": {"user": 1, "jti": "ccfb0da77c4c4c0fa426a7335f2f249a", "token": "eyJhbGciOiJIUzI1NiIsInR5cCI6IkpXVCJ9.eyJ0b2tlbl90eXBlIjoicmVmcmVzaCIsImV4cCI6MTcxNDE2NzA0OSwiaWF0IjoxNzA2MzkxMDQ5LCJqdGkiOiJjY2ZiMGRhNzdjNGM0YzBmYTQyNmE3MzM1ZjJmMjQ5YSIsInVzZXJfaWQiOjF9.7yw4GXPwzLRWOhGC7ylqUN2WiuaR0OBRgfdZNSW1Pfk", "created_at": "2024-01-27T21:30:49.981Z", "expires_at": "2024-04-26T21:30:49Z"}}, {"model": "token_blacklist.outstandingtoken", "pk": 5, "fields": {"user": 1, "jti": "ac503a9efe7f48a491997c0eb92f8fdb", "token": "eyJhbGciOiJIUzI1NiIsInR5cCI6IkpXVCJ9.eyJ0b2tlbl90eXBlIjoicmVmcmVzaCIsImV4cCI6MTcxNDI5NTkzNSwiaWF0IjoxNzA2NTE5OTM1LCJqdGkiOiJhYzUwM2E5ZWZlN2Y0OGE0OTE5OTdjMGViOTJmOGZkYiIsInVzZXJfaWQiOjF9.tBpaIGEnA7OgKtOf5Ipeilv5hXpgmWv7jpv8PhRLjtY", "created_at": "2024-01-29T09:18:55.468Z", "expires_at": "2024-04-28T09:18:55Z"}}, {"model": "token_blacklist.outstandingtoken", "pk": 6, "fields": {"user": 1, "jti": "a369e8adadf94ab3bdf2b8a208390c8f", "token": "eyJhbGciOiJIUzI1NiIsInR5cCI6IkpXVCJ9.eyJ0b2tlbl90eXBlIjoicmVmcmVzaCIsImV4cCI6MTcxNDQwMDYxNSwiaWF0IjoxNzA2NjI0NjE1LCJqdGkiOiJhMzY5ZThhZGFkZjk0YWIzYmRmMmI4YTIwODM5MGM4ZiIsInVzZXJfaWQiOjF9.7FVK4-bzyHEPby64AhW-SaOjy3UXb2JDZM36c_w_GME", "created_at": "2024-01-30T14:23:35.087Z", "expires_at": "2024-04-29T14:23:35Z"}}, {"model": "token_blacklist.outstandingtoken", "pk": 7, "fields": {"user": 1, "jti": "372a29db2d424c6ebfbc2494252cc16c", "token": "eyJhbGciOiJIUzI1NiIsInR5cCI6IkpXVCJ9.eyJ0b2tlbl90eXBlIjoicmVmcmVzaCIsImV4cCI6MTcxNDQxNzU5NiwiaWF0IjoxNzA2NjQxNTk2LCJqdGkiOiIzNzJhMjlkYjJkNDI0YzZlYmZiYzI0OTQyNTJjYzE2YyIsInVzZXJfaWQiOjF9.PUjFCJBvATenf7BQOnfTnpF9zxw6vQwgNOLKBMZO0aA", "created_at": "2024-01-30T19:06:36.286Z", "expires_at": "2024-04-29T19:06:36Z"}}, {"model": "token_blacklist.outstandingtoken", "pk": 8, "fields": {"user": 1, "jti": "33473a1f2df44e2da7d6d51edd9314cd", "token": "eyJhbGciOiJIUzI1NiIsInR5cCI6IkpXVCJ9.eyJ0b2tlbl90eXBlIjoicmVmcmVzaCIsImV4cCI6MTcxNDk4NDY4NywiaWF0IjoxNzA3MjA4Njg3LCJqdGkiOiIzMzQ3M2ExZjJkZjQ0ZTJkYTdkNmQ1MWVkZDkzMTRjZCIsInVzZXJfaWQiOjF9._j8POCHP7-o0yuGWNE6BmS-WALnt3cyQL6kmRsmh5Wc", "created_at": "2024-02-06T08:38:07.403Z", "expires_at": "2024-05-06T08:38:07Z"}}, {"model": "token_blacklist.outstandingtoken", "pk": 9, "fields": {"user": 1, "jti": "72153d8592c3478f8020d7ca84ffeb33", "token": "eyJhbGciOiJIUzI1NiIsInR5cCI6IkpXVCJ9.eyJ0b2tlbl90eXBlIjoicmVmcmVzaCIsImV4cCI6MTcxNTI3NDUzMCwiaWF0IjoxNzA3NDk4NTMwLCJqdGkiOiI3MjE1M2Q4NTkyYzM0NzhmODAyMGQ3Y2E4NGZmZWIzMyIsInVzZXJfaWQiOjF9.52DX2wdp-GGRPk00kWo9fliQuvtMwKM_KHm_54CxD1A", "created_at": "2024-02-09T17:08:50.052Z", "expires_at": "2024-05-09T17:08:50Z"}}, {"model": "token_blacklist.outstandingtoken", "pk": 10, "fields": {"user": 1, "jti": "7c1c9e967885404990e9a895daefa729", "token": "eyJhbGciOiJIUzI1NiIsInR5cCI6IkpXVCJ9.eyJ0b2tlbl90eXBlIjoicmVmcmVzaCIsImV4cCI6MTcxNTMyNzMwNCwiaWF0IjoxNzA3NTUxMzA0LCJqdGkiOiI3YzFjOWU5Njc4ODU0MDQ5OTBlOWE4OTVkYWVmYTcyOSIsInVzZXJfaWQiOjF9.yQ5VGsHsjD7S3PTosBs_EI_KoDjN5id3yecYPI1X1NM", "created_at": "2024-02-10T07:48:24.596Z", "expires_at": "2024-05-10T07:48:24Z"}}, {"model": "token_blacklist.outstandingtoken", "pk": 11, "fields": {"user": 1, "jti": "c59c956301664dc88748171f9f47e38b", "token": "eyJhbGciOiJIUzI1NiIsInR5cCI6IkpXVCJ9.eyJ0b2tlbl90eXBlIjoicmVmcmVzaCIsImV4cCI6MTcxNTQ2NDE2NywiaWF0IjoxNzA3Njg4MTY3LCJqdGkiOiJjNTljOTU2MzAxNjY0ZGM4ODc0ODE3MWY5ZjQ3ZTM4YiIsInVzZXJfaWQiOjF9.Cq39YAx3hrFn69gKZpVkvbCr6fumGLWLDGI5SPwF5Vg", "created_at": "2024-02-11T21:49:27.088Z", "expires_at": "2024-05-11T21:49:27Z"}}, {"model": "token_blacklist.outstandingtoken", "pk": 12, "fields": {"user": 1, "jti": "be89296b5f9740049ee05e7271138908", "token": "eyJhbGciOiJIUzI1NiIsInR5cCI6IkpXVCJ9.eyJ0b2tlbl90eXBlIjoicmVmcmVzaCIsImV4cCI6MTcxNTUzMTQ5MywiaWF0IjoxNzA3NzU1NDkzLCJqdGkiOiJiZTg5Mjk2YjVmOTc0MDA0OWVlMDVlNzI3MTEzODkwOCIsInVzZXJfaWQiOjF9.rlyxHV0TwxkeYZYvCiOVHQUHriaNe4h1yUEFZo-nKH0", "created_at": "2024-02-12T16:31:33.474Z", "expires_at": "2024-05-12T16:31:33Z"}}, {"model": "token_blacklist.outstandingtoken", "pk": 13, "fields": {"user": 1, "jti": "1d929dffb6b242898ad88a12b5e1fefb", "token": "eyJhbGciOiJIUzI1NiIsInR5cCI6IkpXVCJ9.eyJ0b2tlbl90eXBlIjoicmVmcmVzaCIsImV4cCI6MTcxNTUzMTUwNSwiaWF0IjoxNzA3NzU1NTA1LCJqdGkiOiIxZDkyOWRmZmI2YjI0Mjg5OGFkODhhMTJiNWUxZmVmYiIsInVzZXJfaWQiOjF9.XAbv2w53TYYEJ2Mfhy6n3pNmJ0gAlJ7vAmM2eicR4Fg", "created_at": "2024-02-12T16:31:45.730Z", "expires_at": "2024-05-12T16:31:45Z"}}, {"model": "token_blacklist.outstandingtoken", "pk": 14, "fields": {"user": 1, "jti": "98a8d6bcd0bb401d9829c2a67292d6fb", "token": "eyJhbGciOiJIUzI1NiIsInR5cCI6IkpXVCJ9.eyJ0b2tlbl90eXBlIjoicmVmcmVzaCIsImV4cCI6MTcxNTUzMjE3NiwiaWF0IjoxNzA3NzU2MTc2LCJqdGkiOiI5OGE4ZDZiY2QwYmI0MDFkOTgyOWMyYTY3MjkyZDZmYiIsInVzZXJfaWQiOjF9.6qt1VE4u4sNRJNZrwnQyBHNZh3SKyD1vXl0ljBeslrQ", "created_at": "2024-02-12T16:42:56.897Z", "expires_at": "2024-05-12T16:42:56Z"}}, {"model": "token_blacklist.outstandingtoken", "pk": 15, "fields": {"user": 1, "jti": "bb767f8ff97648b28f3bba2d442655d1", "token": "eyJhbGciOiJIUzI1NiIsInR5cCI6IkpXVCJ9.eyJ0b2tlbl90eXBlIjoicmVmcmVzaCIsImV4cCI6MTcxNTUzMjY4NiwiaWF0IjoxNzA3NzU2Njg2LCJqdGkiOiJiYjc2N2Y4ZmY5NzY0OGIyOGYzYmJhMmQ0NDI2NTVkMSIsInVzZXJfaWQiOjF9.JbwTi8AqSfAbC33YyZc6cDHd1_mGQsSk0FHLPobjlog", "created_at": "2024-02-12T16:51:26.391Z", "expires_at": "2024-05-12T16:51:26Z"}}, {"model": "token_blacklist.outstandingtoken", "pk": 16, "fields": {"user": 1, "jti": "47e5751a99fa41f0820c2ac1bfc35d48", "token": "eyJhbGciOiJIUzI1NiIsInR5cCI6IkpXVCJ9.eyJ0b2tlbl90eXBlIjoicmVmcmVzaCIsImV4cCI6MTcxNTUzMzAyMiwiaWF0IjoxNzA3NzU3MDIyLCJqdGkiOiI0N2U1NzUxYTk5ZmE0MWYwODIwYzJhYzFiZmMzNWQ0OCIsInVzZXJfaWQiOjF9.ysrl4lce0ZEkWmqBoNE48mFTa-2hH5qRua7Z76_Vxio", "created_at": "2024-02-12T16:57:02.458Z", "expires_at": "2024-05-12T16:57:02Z"}}, {"model": "token_blacklist.outstandingtoken", "pk": 17, "fields": {"user": 1, "jti": "93f35b1fdc2e410abe1064edf12bb0d7", "token": "eyJhbGciOiJIUzI1NiIsInR5cCI6IkpXVCJ9.eyJ0b2tlbl90eXBlIjoicmVmcmVzaCIsImV4cCI6MTcxNTUzMzIzMSwiaWF0IjoxNzA3NzU3MjMxLCJqdGkiOiI5M2YzNWIxZmRjMmU0MTBhYmUxMDY0ZWRmMTJiYjBkNyIsInVzZXJfaWQiOjF9.zeVe6kbZguTjIluOUhLoVZSRMq4NyEW6l3-lM0PA0uA", "created_at": "2024-02-12T17:00:31.111Z", "expires_at": "2024-05-12T17:00:31Z"}}, {"model": "token_blacklist.outstandingtoken", "pk": 18, "fields": {"user": 1, "jti": "678fb80878f3429f9438062555520468", "token": "eyJhbGciOiJIUzI1NiIsInR5cCI6IkpXVCJ9.eyJ0b2tlbl90eXBlIjoicmVmcmVzaCIsImV4cCI6MTcxNTUzMzM5OCwiaWF0IjoxNzA3NzU3Mzk4LCJqdGkiOiI2NzhmYjgwODc4ZjM0MjlmOTQzODA2MjU1NTUyMDQ2OCIsInVzZXJfaWQiOjF9.Ek4n5UCIxTuDhkPvUo2SqTFi39wytIIumtqg5epHZPc", "created_at": "2024-02-12T17:03:18.893Z", "expires_at": "2024-05-12T17:03:18Z"}}, {"model": "token_blacklist.outstandingtoken", "pk": 19, "fields": {"user": 1, "jti": "9b2fba3395a94fc5af8e64e69c4c89a9", "token": "eyJhbGciOiJIUzI1NiIsInR5cCI6IkpXVCJ9.eyJ0b2tlbl90eXBlIjoicmVmcmVzaCIsImV4cCI6MTcxNTUzMzQ1MywiaWF0IjoxNzA3NzU3NDUzLCJqdGkiOiI5YjJmYmEzMzk1YTk0ZmM1YWY4ZTY0ZTY5YzRjODlhOSIsInVzZXJfaWQiOjF9.fKs9GnXSc3JDBUpwy5_zUo0-OldWwnTcvX7trRLx_Aw", "created_at": "2024-02-12T17:04:13.317Z", "expires_at": "2024-05-12T17:04:13Z"}}, {"model": "token_blacklist.outstandingtoken", "pk": 20, "fields": {"user": 1, "jti": "d66131b97f4c41bb8edd4a407c22bac1", "token": "eyJhbGciOiJIUzI1NiIsInR5cCI6IkpXVCJ9.eyJ0b2tlbl90eXBlIjoicmVmcmVzaCIsImV4cCI6MTcxNTU5NDcyMCwiaWF0IjoxNzA3ODE4NzIwLCJqdGkiOiJkNjYxMzFiOTdmNGM0MWJiOGVkZDRhNDA3YzIyYmFjMSIsInVzZXJfaWQiOjF9.D4w2pbewc8OTqd15GXSIaTXIaUp2xigjZBaypeM263o", "created_at": "2024-02-13T10:05:20.441Z", "expires_at": "2024-05-13T10:05:20Z"}}, {"model": "token_blacklist.outstandingtoken", "pk": 21, "fields": {"user": 1, "jti": "9da78cf233c7482a85a3355d82649c34", "token": "eyJhbGciOiJIUzI1NiIsInR5cCI6IkpXVCJ9.eyJ0b2tlbl90eXBlIjoicmVmcmVzaCIsImV4cCI6MTcxNTcxODQ0NSwiaWF0IjoxNzA3OTQyNDQ1LCJqdGkiOiI5ZGE3OGNmMjMzYzc0ODJhODVhMzM1NWQ4MjY0OWMzNCIsInVzZXJfaWQiOjF9.FkLGX6B1iRExVurF0HYSJ1HuIAcTDTjrHJ4ZzUwKlNA", "created_at": "2024-02-14T20:27:25.090Z", "expires_at": "2024-05-14T20:27:25Z"}}, {"model": "token_blacklist.outstandingtoken", "pk": 22, "fields": {"user": 1, "jti": "4a989928c9444e5e8d5040624c8bc600", "token": "eyJhbGciOiJIUzI1NiIsInR5cCI6IkpXVCJ9.eyJ0b2tlbl90eXBlIjoicmVmcmVzaCIsImV4cCI6MTcxNTcxODQ1MywiaWF0IjoxNzA3OTQyNDUzLCJqdGkiOiI0YTk4OTkyOGM5NDQ0ZTVlOGQ1MDQwNjI0YzhiYzYwMCIsInVzZXJfaWQiOjF9.SaEbY262sk_HNh_OgcwhzClw34jn_aVcZfc293Uzm6o", "created_at": "2024-02-14T20:27:33.192Z", "expires_at": "2024-05-14T20:27:33Z"}}, {"model": "token_blacklist.outstandingtoken", "pk": 23, "fields": {"user": 1, "jti": "659c3c2641494d7288cecf38f54996b7", "token": "eyJhbGciOiJIUzI1NiIsInR5cCI6IkpXVCJ9.eyJ0b2tlbl90eXBlIjoicmVmcmVzaCIsImV4cCI6MTcxNTcyMTYwMCwiaWF0IjoxNzA3OTQ1NjAwLCJqdGkiOiI2NTljM2MyNjQxNDk0ZDcyODhjZWNmMzhmNTQ5OTZiNyIsInVzZXJfaWQiOjF9.aqg-XQvQlUqNj6zsZ7Rl7C-KWgbZZ2K5ORtBcwbmV1Y", "created_at": "2024-02-14T21:20:00.808Z", "expires_at": "2024-05-14T21:20:00Z"}}, {"model": "token_blacklist.outstandingtoken", "pk": 24, "fields": {"user": 1, "jti": "3f3c58206d0848a4aa684a84eb3c3d75", "token": "eyJhbGciOiJIUzI1NiIsInR5cCI6IkpXVCJ9.eyJ0b2tlbl90eXBlIjoicmVmcmVzaCIsImV4cCI6MTcxNTg3MjcyNSwiaWF0IjoxNzA4MDk2NzI1LCJqdGkiOiIzZjNjNTgyMDZkMDg0OGE0YWE2ODRhODRlYjNjM2Q3NSIsInVzZXJfaWQiOjF9.BVT9N4yKFYvvoQFZCToXVG52cgT2fN-lHEwwoLoiapQ", "created_at": "2024-02-16T15:18:45.325Z", "expires_at": "2024-05-16T15:18:45Z"}}, {"model": "token_blacklist.outstandingtoken", "pk": 25, "fields": {"user": 1, "jti": "018c093078424f72918fa1b4fb77c509", "token": "eyJhbGciOiJIUzI1NiIsInR5cCI6IkpXVCJ9.eyJ0b2tlbl90eXBlIjoicmVmcmVzaCIsImV4cCI6MTcxNjI5MjM1MiwiaWF0IjoxNzA4NTE2MzUyLCJqdGkiOiIwMThjMDkzMDc4NDI0ZjcyOTE4ZmExYjRmYjc3YzUwOSIsInVzZXJfaWQiOjF9.bf74uD0fOqyBNKJvVo9Itd8pu8QoWWfVsjD72VsSUkA", "created_at": "2024-02-21T11:52:32.853Z", "expires_at": "2024-05-21T11:52:32Z"}}, {"model": "token_blacklist.outstandingtoken", "pk": 26, "fields": {"user": 1, "jti": "fa1969bbd40f4817adc05b64e78f0aec", "token": "eyJhbGciOiJIUzI1NiIsInR5cCI6IkpXVCJ9.eyJ0b2tlbl90eXBlIjoicmVmcmVzaCIsImV4cCI6MTcxNjI5ODI5MCwiaWF0IjoxNzA4NTIyMjkwLCJqdGkiOiJmYTE5NjliYmQ0MGY0ODE3YWRjMDViNjRlNzhmMGFlYyIsInVzZXJfaWQiOjF9.RwZDlzAgIAgIrZ7O79yEs6ToW4pcnS0R2YjkilvoyeQ", "created_at": "2024-02-21T13:31:30.472Z", "expires_at": "2024-05-21T13:31:30Z"}}, {"model": "token_blacklist.outstandingtoken", "pk": 27, "fields": {"user": 1, "jti": "74a886f4b3694ac9a324f5aca8d79ae2", "token": "eyJhbGciOiJIUzI1NiIsInR5cCI6IkpXVCJ9.eyJ0b2tlbl90eXBlIjoicmVmcmVzaCIsImV4cCI6MTcxNjMwNTgwMCwiaWF0IjoxNzA4NTI5ODAwLCJqdGkiOiI3NGE4ODZmNGIzNjk0YWM5YTMyNGY1YWNhOGQ3OWFlMiIsInVzZXJfaWQiOjF9.bosFs49UpXlXEsYCwJQSPbB3v45I4szymAahICPWDVI", "created_at": "2024-02-21T15:36:40.664Z", "expires_at": "2024-05-21T15:36:40Z"}}, {"model": "token_blacklist.outstandingtoken", "pk": 28, "fields": {"user": 1, "jti": "b4900105483b4a3cb8711cbfdccd00ea", "token": "eyJhbGciOiJIUzI1NiIsInR5cCI6IkpXVCJ9.eyJ0b2tlbl90eXBlIjoicmVmcmVzaCIsImV4cCI6MTcxNjMwNTg3MSwiaWF0IjoxNzA4NTI5ODcxLCJqdGkiOiJiNDkwMDEwNTQ4M2I0YTNjYjg3MTFjYmZkY2NkMDBlYSIsInVzZXJfaWQiOjF9.I5Uk6yrVNooBfJuTt7EjMinoVeVZz-ubUbn9zwo5QTI", "created_at": "2024-02-21T15:37:51.696Z", "expires_at": "2024-05-21T15:37:51Z"}}, {"model": "token_blacklist.outstandingtoken", "pk": 29, "fields": {"user": 1, "jti": "29c81fa525ba464ebc5582b5f83ee9e9", "token": "eyJhbGciOiJIUzI1NiIsInR5cCI6IkpXVCJ9.eyJ0b2tlbl90eXBlIjoicmVmcmVzaCIsImV4cCI6MTcxNjMwNTkxNCwiaWF0IjoxNzA4NTI5OTE0LCJqdGkiOiIyOWM4MWZhNTI1YmE0NjRlYmM1NTgyYjVmODNlZTllOSIsInVzZXJfaWQiOjF9.C51Uy1U8QOG2Vxezw_qpap5_rlgPyl-x5cYQCBWkXaI", "created_at": "2024-02-21T15:38:34.692Z", "expires_at": "2024-05-21T15:38:34Z"}}, {"model": "token_blacklist.outstandingtoken", "pk": 30, "fields": {"user": 1, "jti": "24f5c5be7fed4db99c4a7b319e0a6372", "token": "eyJhbGciOiJIUzI1NiIsInR5cCI6IkpXVCJ9.eyJ0b2tlbl90eXBlIjoicmVmcmVzaCIsImV4cCI6MTcxNjMwNTk5NSwiaWF0IjoxNzA4NTI5OTk1LCJqdGkiOiIyNGY1YzViZTdmZWQ0ZGI5OWM0YTdiMzE5ZTBhNjM3MiIsInVzZXJfaWQiOjF9.THPFy0QNb5AQhV9yb7rM1THX6nAzcJodf4zf3Tr668Q", "created_at": "2024-02-21T15:39:55.272Z", "expires_at": "2024-05-21T15:39:55Z"}}, {"model": "token_blacklist.outstandingtoken", "pk": 31, "fields": {"user": 1, "jti": "11806da9481b4817bd5232cbf9e075e1", "token": "eyJhbGciOiJIUzI1NiIsInR5cCI6IkpXVCJ9.eyJ0b2tlbl90eXBlIjoicmVmcmVzaCIsImV4cCI6MTcxNjMxMzA0NSwiaWF0IjoxNzA4NTM3MDQ1LCJqdGkiOiIxMTgwNmRhOTQ4MWI0ODE3YmQ1MjMyY2JmOWUwNzVlMSIsInVzZXJfaWQiOjF9.yTRU7PL32eCz5dChiGwXfiWYMRqlFGVhlwB71BI0h7o", "created_at": "2024-02-21T17:37:25.335Z", "expires_at": "2024-05-21T17:37:25Z"}}, {"model": "token_blacklist.outstandingtoken", "pk": 32, "fields": {"user": 1, "jti": "eefee850920d4120b7234a95c8baa57c", "token": "eyJhbGciOiJIUzI1NiIsInR5cCI6IkpXVCJ9.eyJ0b2tlbl90eXBlIjoicmVmcmVzaCIsImV4cCI6MTcxNjMxMzQxNiwiaWF0IjoxNzA4NTM3NDE2LCJqdGkiOiJlZWZlZTg1MDkyMGQ0MTIwYjcyMzRhOTVjOGJhYTU3YyIsInVzZXJfaWQiOjF9.11KizmhGcKRqUX36rRdQEo_wYdGD57-SRJmA4C8X2lA", "created_at": "2024-02-21T17:43:36.407Z", "expires_at": "2024-05-21T17:43:36Z"}}, {"model": "token_blacklist.outstandingtoken", "pk": 33, "fields": {"user": 1, "jti": "6e863c6f3ac9483cb7d292cd5e983209", "token": "eyJhbGciOiJIUzI1NiIsInR5cCI6IkpXVCJ9.eyJ0b2tlbl90eXBlIjoicmVmcmVzaCIsImV4cCI6MTcxNjQwMzgzMywiaWF0IjoxNzA4NjI3ODMzLCJqdGkiOiI2ZTg2M2M2ZjNhYzk0ODNjYjdkMjkyY2Q1ZTk4MzIwOSIsInVzZXJfaWQiOjF9.5CnfCMqJ8aqnEM-1HyiARuJESjz4uITzPO6OFzI8now", "created_at": "2024-02-22T18:50:33.083Z", "expires_at": "2024-05-22T18:50:33Z"}}, {"model": "token_blacklist.outstandingtoken", "pk": 34, "fields": {"user": 1, "jti": "2e0ece19d156495c877e70a2d40c77a8", "token": "eyJhbGciOiJIUzI1NiIsInR5cCI6IkpXVCJ9.eyJ0b2tlbl90eXBlIjoicmVmcmVzaCIsImV4cCI6MTcxNjQwNDEyMywiaWF0IjoxNzA4NjI4MTIzLCJqdGkiOiIyZTBlY2UxOWQxNTY0OTVjODc3ZTcwYTJkNDBjNzdhOCIsInVzZXJfaWQiOjF9.kO6PzeWKW1Hcv0CO54aV4mXejQUc4noBNzonBzNzqGo", "created_at": "2024-02-22T18:55:23.324Z", "expires_at": "2024-05-22T18:55:23Z"}}, {"model": "token_blacklist.outstandingtoken", "pk": 35, "fields": {"user": 1, "jti": "23e22273a0d044bbbc6e4d9a843435aa", "token": "eyJhbGciOiJIUzI1NiIsInR5cCI6IkpXVCJ9.eyJ0b2tlbl90eXBlIjoicmVmcmVzaCIsImV4cCI6MTcxNjQ1MjAzNSwiaWF0IjoxNzA4Njc2MDM1LCJqdGkiOiIyM2UyMjI3M2EwZDA0NGJiYmM2ZTRkOWE4NDM0MzVhYSIsInVzZXJfaWQiOjF9.sKBz25FcQYGe9nF48lZQKqoHjFx08JhOdjPJdcvfzlg", "created_at": "2024-02-23T08:13:55.857Z", "expires_at": "2024-05-23T08:13:55Z"}}, {"model": "token_blacklist.outstandingtoken", "pk": 36, "fields": {"user": 1, "jti": "5d2ef7fde14d4d6586a42aeec51b5c65", "token": "eyJhbGciOiJIUzI1NiIsInR5cCI6IkpXVCJ9.eyJ0b2tlbl90eXBlIjoicmVmcmVzaCIsImV4cCI6MTcxNjQ1NDUzMywiaWF0IjoxNzA4Njc4NTMzLCJqdGkiOiI1ZDJlZjdmZGUxNGQ0ZDY1ODZhNDJhZWVjNTFiNWM2NSIsInVzZXJfaWQiOjF9.1n7Ej6Adg_KlQ9SOCymAByOZmRKV_OJsbRhhw7bPp0Q", "created_at": "2024-02-23T08:55:33.515Z", "expires_at": "2024-05-23T08:55:33Z"}}, {"model": "token_blacklist.outstandingtoken", "pk": 37, "fields": {"user": 1, "jti": "6ddc9e717f41405db9862651b9806f00", "token": "eyJhbGciOiJIUzI1NiIsInR5cCI6IkpXVCJ9.eyJ0b2tlbl90eXBlIjoicmVmcmVzaCIsImV4cCI6MTcxNjQ5MjYwNSwiaWF0IjoxNzA4NzE2NjA1LCJqdGkiOiI2ZGRjOWU3MTdmNDE0MDVkYjk4NjI2NTFiOTgwNmYwMCIsInVzZXJfaWQiOjF9.Bo-3Li_B0MViLbt2shuc0_z7iwwvrg-X0AYz1xg7gfk", "created_at": "2024-02-23T19:30:05.852Z", "expires_at": "2024-05-23T19:30:05Z"}}, {"model": "token_blacklist.outstandingtoken", "pk": 38, "fields": {"user": 1, "jti": "48817acf093f49c489bd9a87b37e0764", "token": "eyJhbGciOiJIUzI1NiIsInR5cCI6IkpXVCJ9.eyJ0b2tlbl90eXBlIjoicmVmcmVzaCIsImV4cCI6MTcxNjQ5MjY0OCwiaWF0IjoxNzA4NzE2NjQ4LCJqdGkiOiI0ODgxN2FjZjA5M2Y0OWM0ODliZDlhODdiMzdlMDc2NCIsInVzZXJfaWQiOjF9.NbU7miAnOreeZYxiRuRenT9erI5vrDRlZSXKlR0Dm9g", "created_at": "2024-02-23T19:30:48.424Z", "expires_at": "2024-05-23T19:30:48Z"}}, {"model": "token_blacklist.outstandingtoken", "pk": 39, "fields": {"user": 1, "jti": "06bd08fcafaf41f4b596e3382c601e52", "token": "eyJhbGciOiJIUzI1NiIsInR5cCI6IkpXVCJ9.eyJ0b2tlbl90eXBlIjoicmVmcmVzaCIsImV4cCI6MTcxNjQ5MjcyOSwiaWF0IjoxNzA4NzE2NzI5LCJqdGkiOiIwNmJkMDhmY2FmYWY0MWY0YjU5NmUzMzgyYzYwMWU1MiIsInVzZXJfaWQiOjF9.pN5ajvLrspm-CM4ApuNkRih3vYfkitWoYlgOJP6nhdY", "created_at": "2024-02-23T19:32:09.732Z", "expires_at": "2024-05-23T19:32:09Z"}}, {"model": "token_blacklist.outstandingtoken", "pk": 40, "fields": {"user": 1, "jti": "a74b51b5e1cd49cd969ed5fe4b9fb0f9", "token": "eyJhbGciOiJIUzI1NiIsInR5cCI6IkpXVCJ9.eyJ0b2tlbl90eXBlIjoicmVmcmVzaCIsImV4cCI6MTcxNjQ5MjgxOSwiaWF0IjoxNzA4NzE2ODE5LCJqdGkiOiJhNzRiNTFiNWUxY2Q0OWNkOTY5ZWQ1ZmU0YjlmYjBmOSIsInVzZXJfaWQiOjF9.0ICpDqeRMblQ2tQPGftbyf6Aiw3YE0lZs_Y0jYm4NmE", "created_at": "2024-02-23T19:33:39.952Z", "expires_at": "2024-05-23T19:33:39Z"}}, {"model": "token_blacklist.outstandingtoken", "pk": 41, "fields": {"user": 1, "jti": "73334f4959034976856578cbef0ba92c", "token": "eyJhbGciOiJIUzI1NiIsInR5cCI6IkpXVCJ9.eyJ0b2tlbl90eXBlIjoicmVmcmVzaCIsImV4cCI6MTcxNjczMTY5MSwiaWF0IjoxNzA4OTU1NjkxLCJqdGkiOiI3MzMzNGY0OTU5MDM0OTc2ODU2NTc4Y2JlZjBiYTkyYyIsInVzZXJfaWQiOjF9.BVmSdxSwN_cnwKTQz02wSSdQ6LVpIoSJVmPZpzgtMWc", "created_at": "2024-02-26T13:54:51.534Z", "expires_at": "2024-05-26T13:54:51Z"}}, {"model": "token_blacklist.outstandingtoken", "pk": 42, "fields": {"user": 1, "jti": "d835b17a0a9f4ccea9cd615ad80945ec", "token": "eyJhbGciOiJIUzI1NiIsInR5cCI6IkpXVCJ9.eyJ0b2tlbl90eXBlIjoicmVmcmVzaCIsImV4cCI6MTcxNjc0NzkyMiwiaWF0IjoxNzA4OTcxOTIyLCJqdGkiOiJkODM1YjE3YTBhOWY0Y2NlYTljZDYxNWFkODA5NDVlYyIsInVzZXJfaWQiOjF9.fWRkkKMZ3HuOgsOwRjUGIfAVj2tfWI6P9UlOMI0LGZ8", "created_at": "2024-02-26T18:25:22.885Z", "expires_at": "2024-05-26T18:25:22Z"}}, {"model": "token_blacklist.outstandingtoken", "pk": 43, "fields": {"user": 1, "jti": "26287b36e8764ad3948736dcc5e59e0f", "token": "eyJhbGciOiJIUzI1NiIsInR5cCI6IkpXVCJ9.eyJ0b2tlbl90eXBlIjoicmVmcmVzaCIsImV4cCI6MTcxNjc0ODA2OCwiaWF0IjoxNzA4OTcyMDY4LCJqdGkiOiIyNjI4N2IzNmU4NzY0YWQzOTQ4NzM2ZGNjNWU1OWUwZiIsInVzZXJfaWQiOjF9.kD0EhDez6ZlDSVFyz-rcrfPG-yrCX5-ygC-MZloSLPM", "created_at": "2024-02-26T18:27:48.251Z", "expires_at": "2024-05-26T18:27:48Z"}}, {"model": "token_blacklist.outstandingtoken", "pk": 44, "fields": {"user": 1, "jti": "7b54c52b77c541c6ae3334c1b90fd9d0", "token": "eyJhbGciOiJIUzI1NiIsInR5cCI6IkpXVCJ9.eyJ0b2tlbl90eXBlIjoicmVmcmVzaCIsImV4cCI6MTcxNjgwNzM3MywiaWF0IjoxNzA5MDMxMzczLCJqdGkiOiI3YjU0YzUyYjc3YzU0MWM2YWUzMzM0YzFiOTBmZDlkMCIsInVzZXJfaWQiOjF9.eYR-5uJQGmCQq9AS8aX0nWjlOapwQmUmC0uG31WBwD8", "created_at": "2024-02-27T10:56:13.463Z", "expires_at": "2024-05-27T10:56:13Z"}}, {"model": "token_blacklist.outstandingtoken", "pk": 45, "fields": {"user": 1, "jti": "cd1c978a04124eff820d4c89c967f2cf", "token": "eyJhbGciOiJIUzI1NiIsInR5cCI6IkpXVCJ9.eyJ0b2tlbl90eXBlIjoicmVmcmVzaCIsImV4cCI6MTcxNjgwNzQ2MywiaWF0IjoxNzA5MDMxNDYzLCJqdGkiOiJjZDFjOTc4YTA0MTI0ZWZmODIwZDRjODljOTY3ZjJjZiIsInVzZXJfaWQiOjF9.JXFIPObaa2_Yr2D-IKLT4JmqlPBdNyOtavysaSfnRkw", "created_at": "2024-02-27T10:57:43.967Z", "expires_at": "2024-05-27T10:57:43Z"}}, {"model": "token_blacklist.outstandingtoken", "pk": 46, "fields": {"user": 1, "jti": "530435e7a9a94fa3a1cae5d1f70ace0c", "token": "eyJhbGciOiJIUzI1NiIsInR5cCI6IkpXVCJ9.eyJ0b2tlbl90eXBlIjoicmVmcmVzaCIsImV4cCI6MTcxNjgxMjQ1MSwiaWF0IjoxNzA5MDM2NDUxLCJqdGkiOiI1MzA0MzVlN2E5YTk0ZmEzYTFjYWU1ZDFmNzBhY2UwYyIsInVzZXJfaWQiOjF9.m2V3F3wsN0_i2TqLS_CjQfEAQGVWgOSCZjz3xcyLAHw", "created_at": "2024-02-27T12:20:51.397Z", "expires_at": "2024-05-27T12:20:51Z"}}, {"model": "token_blacklist.outstandingtoken", "pk": 47, "fields": {"user": 1, "jti": "8d0456a4669b408abfad0910bd873260", "token": "eyJhbGciOiJIUzI1NiIsInR5cCI6IkpXVCJ9.eyJ0b2tlbl90eXBlIjoicmVmcmVzaCIsImV4cCI6MTcxNjg4NDY4MSwiaWF0IjoxNzA5MTA4NjgxLCJqdGkiOiI4ZDA0NTZhNDY2OWI0MDhhYmZhZDA5MTBiZDg3MzI2MCIsInVzZXJfaWQiOjF9.fne1jZZ4wDugvgpYLbyiu74XwE8ezMYXO7xm43SConY", "created_at": "2024-02-28T08:24:41.600Z", "expires_at": "2024-05-28T08:24:41Z"}}, {"model": "token_blacklist.outstandingtoken", "pk": 48, "fields": {"user": 1, "jti": "2bcb69a9c252485994616fe118a4c0a3", "token": "eyJhbGciOiJIUzI1NiIsInR5cCI6IkpXVCJ9.eyJ0b2tlbl90eXBlIjoicmVmcmVzaCIsImV4cCI6MTcxNzA2OTAyMSwiaWF0IjoxNzA5MjkzMDIxLCJqdGkiOiIyYmNiNjlhOWMyNTI0ODU5OTQ2MTZmZTExOGE0YzBhMyIsInVzZXJfaWQiOjF9.A0_C5etTlW2oIjVeq1tEewd3NKdFeJqOoubTT24CUcQ", "created_at": "2024-03-01T11:37:01.980Z", "expires_at": "2024-05-30T11:37:01Z"}}, {"model": "token_blacklist.outstandingtoken", "pk": 49, "fields": {"user": 1, "jti": "53afa178d5df4ee4b2047b234d2d1a73", "token": "eyJhbGciOiJIUzI1NiIsInR5cCI6IkpXVCJ9.eyJ0b2tlbl90eXBlIjoicmVmcmVzaCIsImV4cCI6MTcxNzA3OTA2NiwiaWF0IjoxNzA5MzAzMDY2LCJqdGkiOiI1M2FmYTE3OGQ1ZGY0ZWU0YjIwNDdiMjM0ZDJkMWE3MyIsInVzZXJfaWQiOjF9.h28gFu_lf3IXUAIfttJJstGbI3u1IH3mimoVsH0uzFc", "created_at": "2024-03-01T14:24:26.739Z", "expires_at": "2024-05-30T14:24:26Z"}}, {"model": "token_blacklist.outstandingtoken", "pk": 50, "fields": {"user": 1, "jti": "1db2ceca0c9b413fac959db75507b450", "token": "eyJhbGciOiJIUzI1NiIsInR5cCI6IkpXVCJ9.eyJ0b2tlbl90eXBlIjoicmVmcmVzaCIsImV4cCI6MTcxNzA3OTEyMywiaWF0IjoxNzA5MzAzMTIzLCJqdGkiOiIxZGIyY2VjYTBjOWI0MTNmYWM5NTlkYjc1NTA3YjQ1MCIsInVzZXJfaWQiOjF9.Ok3eVTHz5mb5Lec35t0YYLU3hjyCOG4nDuE7OjKbZxE", "created_at": "2024-03-01T14:25:23.319Z", "expires_at": "2024-05-30T14:25:23Z"}}, {"model": "token_blacklist.outstandingtoken", "pk": 51, "fields": {"user": 1, "jti": "5890e363663444b38bf0958b267688b7", "token": "eyJhbGciOiJIUzI1NiIsInR5cCI6IkpXVCJ9.eyJ0b2tlbl90eXBlIjoicmVmcmVzaCIsImV4cCI6MTcxNzA4MTI5NCwiaWF0IjoxNzA5MzA1Mjk0LCJqdGkiOiI1ODkwZTM2MzY2MzQ0NGIzOGJmMDk1OGIyNjc2ODhiNyIsInVzZXJfaWQiOjF9.RnOZQqB7nM4U9NuyNb-crvQzu121AXlD23KuhbkDYNs", "created_at": "2024-03-01T15:01:34.777Z", "expires_at": "2024-05-30T15:01:34Z"}}, {"model": "token_blacklist.outstandingtoken", "pk": 52, "fields": {"user": 1, "jti": "9eb2802f42d440b9a4a4a48993e71335", "token": "eyJhbGciOiJIUzI1NiIsInR5cCI6IkpXVCJ9.eyJ0b2tlbl90eXBlIjoicmVmcmVzaCIsImV4cCI6MTcxNzA4MTMwMiwiaWF0IjoxNzA5MzA1MzAyLCJqdGkiOiI5ZWIyODAyZjQyZDQ0MGI5YTRhNGE0ODk5M2U3MTMzNSIsInVzZXJfaWQiOjF9.IUT9pUXHx9LYWTAxdOms8q_fXQwEwHah8KyfAYiTM_0", "created_at": "2024-03-01T15:01:42.425Z", "expires_at": "2024-05-30T15:01:42Z"}}, {"model": "token_blacklist.outstandingtoken", "pk": 53, "fields": {"user": 1, "jti": "6de9d9516ce44d5b8821b329e11721f9", "token": "eyJhbGciOiJIUzI1NiIsInR5cCI6IkpXVCJ9.eyJ0b2tlbl90eXBlIjoicmVmcmVzaCIsImV4cCI6MTcxNzA4Mzg3NCwiaWF0IjoxNzA5MzA3ODc0LCJqdGkiOiI2ZGU5ZDk1MTZjZTQ0ZDViODgyMWIzMjllMTE3MjFmOSIsInVzZXJfaWQiOjF9.SCsksU7pIuTKhYIlYOj1bafXGIHlCuLAs9rUmwrfzrQ", "created_at": "2024-03-01T15:44:34.274Z", "expires_at": "2024-05-30T15:44:34Z"}}, {"model": "token_blacklist.outstandingtoken", "pk": 54, "fields": {"user": 1, "jti": "c4ed59fa235d4ef786a7bb4931dee459", "token": "eyJhbGciOiJIUzI1NiIsInR5cCI6IkpXVCJ9.eyJ0b2tlbl90eXBlIjoicmVmcmVzaCIsImV4cCI6MTcxNzA5ODI5MywiaWF0IjoxNzA5MzIyMjkzLCJqdGkiOiJjNGVkNTlmYTIzNWQ0ZWY3ODZhN2JiNDkzMWRlZTQ1OSIsInVzZXJfaWQiOjF9.hmfCZaARbexCozGET5L0KBJ3xvEsR2HdOvQ108B57S0", "created_at": "2024-03-01T19:44:53.196Z", "expires_at": "2024-05-30T19:44:53Z"}}, {"model": "token_blacklist.outstandingtoken", "pk": 55, "fields": {"user": 1, "jti": "472572eb859f4272978318263fc37c78", "token": "eyJhbGciOiJIUzI1NiIsInR5cCI6IkpXVCJ9.eyJ0b2tlbl90eXBlIjoicmVmcmVzaCIsImV4cCI6MTcxNzMzOTQ5MSwiaWF0IjoxNzA5NTYzNDkxLCJqdGkiOiI0NzI1NzJlYjg1OWY0MjcyOTc4MzE4MjYzZmMzN2M3OCIsInVzZXJfaWQiOjF9.dLvg9oByLHFUSKt3VTxQs8yjT_YA72SDUqQ9xXDgAl8", "created_at": "2024-03-04T14:44:51.450Z", "expires_at": "2024-06-02T14:44:51Z"}}, {"model": "token_blacklist.outstandingtoken", "pk": 56, "fields": {"user": 1, "jti": "6627b58fa6894c4fbb4a1ac713a1b799", "token": "eyJhbGciOiJIUzI1NiIsInR5cCI6IkpXVCJ9.eyJ0b2tlbl90eXBlIjoicmVmcmVzaCIsImV4cCI6MTcxNzM0MDM0MiwiaWF0IjoxNzA5NTY0MzQyLCJqdGkiOiI2NjI3YjU4ZmE2ODk0YzRmYmI0YTFhYzcxM2ExYjc5OSIsInVzZXJfaWQiOjF9.A2dKTD0ZfIYhy4LCA7KwQo9OOvJkPPbKiNSsIxIbvvg", "created_at": "2024-03-04T14:59:02.996Z", "expires_at": "2024-06-02T14:59:02Z"}}, {"model": "token_blacklist.outstandingtoken", "pk": 57, "fields": {"user": 1, "jti": "de2a661cdc1d4c8c9d9b635baa0da0e5", "token": "eyJhbGciOiJIUzI1NiIsInR5cCI6IkpXVCJ9.eyJ0b2tlbl90eXBlIjoicmVmcmVzaCIsImV4cCI6MTcxNzM0NDkyMywiaWF0IjoxNzA5NTY4OTIzLCJqdGkiOiJkZTJhNjYxY2RjMWQ0YzhjOWQ5YjYzNWJhYTBkYTBlNSIsInVzZXJfaWQiOjF9.P0H5CTdyZmnyRBxbNmOw5DtnyUbeRTSO2gFUy08FF-c", "created_at": "2024-03-04T16:15:23.750Z", "expires_at": "2024-06-02T16:15:23Z"}}, {"model": "token_blacklist.outstandingtoken", "pk": 58, "fields": {"user": 2, "jti": "985c9397b9ce4ffd82c6f7a1eab42997", "token": "eyJhbGciOiJIUzI1NiIsInR5cCI6IkpXVCJ9.eyJ0b2tlbl90eXBlIjoicmVmcmVzaCIsImV4cCI6MTcxNzM0NDkzMiwiaWF0IjoxNzA5NTY4OTMyLCJqdGkiOiI5ODVjOTM5N2I5Y2U0ZmZkODJjNmY3YTFlYWI0Mjk5NyIsInVzZXJfaWQiOjJ9.VLWEcwwF5HIABYaG00xeFCTv7_9Jhf8fr_T988EmMEU", "created_at": "2024-03-04T16:15:32.840Z", "expires_at": "2024-06-02T16:15:32Z"}}, {"model": "token_blacklist.outstandingtoken", "pk": 59, "fields": {"user": 2, "jti": "2e397549c3454d259b5e4908ff78f971", "token": "eyJhbGciOiJIUzI1NiIsInR5cCI6IkpXVCJ9.eyJ0b2tlbl90eXBlIjoicmVmcmVzaCIsImV4cCI6MTcxNzM0NDk2NywiaWF0IjoxNzA5NTY4OTY3LCJqdGkiOiIyZTM5NzU0OWMzNDU0ZDI1OWI1ZTQ5MDhmZjc4Zjk3MSIsInVzZXJfaWQiOjJ9.XI1hnw4I3anmU424xXvbHaIIbQu3SHQ4rgM3QmN1whU", "created_at": "2024-03-04T16:16:07.484Z", "expires_at": "2024-06-02T16:16:07Z"}}, {"model": "token_blacklist.outstandingtoken", "pk": 60, "fields": {"user": 2, "jti": "55c96be4d2f14e0394ba32b190947810", "token": "eyJhbGciOiJIUzI1NiIsInR5cCI6IkpXVCJ9.eyJ0b2tlbl90eXBlIjoicmVmcmVzaCIsImV4cCI6MTcxNzM0NTQxOSwiaWF0IjoxNzA5NTY5NDE5LCJqdGkiOiI1NWM5NmJlNGQyZjE0ZTAzOTRiYTMyYjE5MDk0NzgxMCIsInVzZXJfaWQiOjJ9.ue0KvY0XMuZwTXYnK0fz_iuPnY44Nu3j-4mwGhIDMJo", "created_at": "2024-03-04T16:23:39.559Z", "expires_at": "2024-06-02T16:23:39Z"}}, {"model": "token_blacklist.outstandingtoken", "pk": 61, "fields": {"user": 2, "jti": "392b6fb14fd74705af2b640bd223b063", "token": "eyJhbGciOiJIUzI1NiIsInR5cCI6IkpXVCJ9.eyJ0b2tlbl90eXBlIjoicmVmcmVzaCIsImV4cCI6MTcxNzM0NTg3NiwiaWF0IjoxNzA5NTY5ODc2LCJqdGkiOiIzOTJiNmZiMTRmZDc0NzA1YWYyYjY0MGJkMjIzYjA2MyIsInVzZXJfaWQiOjJ9.C0ztEZ58rnIFtsRAZiOL443z2muS7QRViJC1JjiSGZo", "created_at": "2024-03-04T16:31:16.299Z", "expires_at": "2024-06-02T16:31:16Z"}}, {"model": "token_blacklist.outstandingtoken", "pk": 62, "fields": {"user": 3, "jti": "66a9fea958ea409fa43715bd9d46b4bc", "token": "eyJhbGciOiJIUzI1NiIsInR5cCI6IkpXVCJ9.eyJ0b2tlbl90eXBlIjoicmVmcmVzaCIsImV4cCI6MTcxNzM0NzE0NSwiaWF0IjoxNzA5NTcxMTQ1LCJqdGkiOiI2NmE5ZmVhOTU4ZWE0MDlmYTQzNzE1YmQ5ZDQ2YjRiYyIsInVzZXJfaWQiOjN9.Ms-hBcMDLBJ9YU0mHo9Ch5Vgdf1WriquYIMSpycVQXQ", "created_at": "2024-03-04T16:52:25.585Z", "expires_at": "2024-06-02T16:52:25Z"}}, {"model": "token_blacklist.outstandingtoken", "pk": 63, "fields": {"user": 4, "jti": "98f08dd6c01d42f39b5aa99222da4fcf", "token": "eyJhbGciOiJIUzI1NiIsInR5cCI6IkpXVCJ9.eyJ0b2tlbl90eXBlIjoicmVmcmVzaCIsImV4cCI6MTcxNzM0NzQ5NiwiaWF0IjoxNzA5NTcxNDk2LCJqdGkiOiI5OGYwOGRkNmMwMWQ0MmYzOWI1YWE5OTIyMmRhNGZjZiIsInVzZXJfaWQiOjR9.KZfhMU0QNXm5y8y0JkskQNeHGZcAA2Ko6KESKJHqTK0", "created_at": "2024-03-04T16:58:16.006Z", "expires_at": "2024-06-02T16:58:16Z"}}, {"model": "token_blacklist.outstandingtoken", "pk": 64, "fields": {"user": 4, "jti": "a51f64dcb6204932873f9fb48660d36d", "token": "eyJhbGciOiJIUzI1NiIsInR5cCI6IkpXVCJ9.eyJ0b2tlbl90eXBlIjoicmVmcmVzaCIsImV4cCI6MTcxNzM0NzUwMywiaWF0IjoxNzA5NTcxNTAzLCJqdGkiOiJhNTFmNjRkY2I2MjA0OTMyODczZjlmYjQ4NjYwZDM2ZCIsInVzZXJfaWQiOjR9.Yc5yutuslVMhtj5EB_9cs6JM46tYyBUgvBib7afdZWE", "created_at": "2024-03-04T16:58:23.994Z", "expires_at": "2024-06-02T16:58:23Z"}}, {"model": "token_blacklist.outstandingtoken", "pk": 65, "fields": {"user": 1, "jti": "819347cefe3c4c1387bd4b341c46ab3b", "token": "eyJhbGciOiJIUzI1NiIsInR5cCI6IkpXVCJ9.eyJ0b2tlbl90eXBlIjoicmVmcmVzaCIsImV4cCI6MTcxNzM0NzUxMiwiaWF0IjoxNzA5NTcxNTEyLCJqdGkiOiI4MTkzNDdjZWZlM2M0YzEzODdiZDRiMzQxYzQ2YWIzYiIsInVzZXJfaWQiOjF9.XLuBTq10T2r6JARJB_mAt4HICKP_50vIjdzGRXWblck", "created_at": "2024-03-04T16:58:32.600Z", "expires_at": "2024-06-02T16:58:32Z"}}, {"model": "token_blacklist.blacklistedtoken", "pk": 1, "fields": {"token": 1, "blacklisted_at": "2024-01-26T10:56:21.054Z"}}, {"model": "token_blacklist.blacklistedtoken", "pk": 2, "fields": {"token": 2, "blacklisted_at": "2024-01-26T10:56:40.581Z"}}, {"model": "token_blacklist.blacklistedtoken", "pk": 3, "fields": {"token": 3, "blacklisted_at": "2024-01-26T16:23:02.785Z"}}, {"model": "token_blacklist.blacklistedtoken", "pk": 4, "fields": {"token": 4, "blacklisted_at": "2024-01-27T22:16:00.400Z"}}, {"model": "token_blacklist.blacklistedtoken", "pk": 5, "fields": {"token": 5, "blacklisted_at": "2024-01-29T09:54:49.348Z"}}, {"model": "token_blacklist.blacklistedtoken", "pk": 6, "fields": {"token": 6, "blacklisted_at": "2024-01-30T19:00:52.473Z"}}, {"model": "token_blacklist.blacklistedtoken", "pk": 7, "fields": {"token": 7, "blacklisted_at": "2024-02-01T09:28:51.960Z"}}, {"model": "token_blacklist.blacklistedtoken", "pk": 8, "fields": {"token": 8, "blacklisted_at": "2024-02-06T18:37:11.904Z"}}, {"model": "token_blacklist.blacklistedtoken", "pk": 9, "fields": {"token": 9, "blacklisted_at": "2024-02-10T07:48:14.557Z"}}, {"model": "token_blacklist.blacklistedtoken", "pk": 10, "fields": {"token": 10, "blacklisted_at": "2024-02-11T21:48:09.479Z"}}, {"model": "token_blacklist.blacklistedtoken", "pk": 11, "fields": {"token": 11, "blacklisted_at": "2024-02-12T16:29:24.552Z"}}, {"model": "token_blacklist.blacklistedtoken", "pk": 12, "fields": {"token": 13, "blacklisted_at": "2024-02-12T16:35:37.775Z"}}, {"model": "token_blacklist.blacklistedtoken", "pk": 13, "fields": {"token": 14, "blacklisted_at": "2024-02-12T16:50:12.771Z"}}, {"model": "token_blacklist.blacklistedtoken", "pk": 14, "fields": {"token": 15, "blacklisted_at": "2024-02-12T16:53:23.634Z"}}, {"model": "token_blacklist.blacklistedtoken", "pk": 15, "fields": {"token": 16, "blacklisted_at": "2024-02-12T16:58:27.163Z"}}, {"model": "token_blacklist.blacklistedtoken", "pk": 16, "fields": {"token": 17, "blacklisted_at": "2024-02-12T17:02:53.337Z"}}, {"model": "token_blacklist.blacklistedtoken", "pk": 17, "fields": {"token": 18, "blacklisted_at": "2024-02-12T17:03:33.156Z"}}, {"model": "token_blacklist.blacklistedtoken", "pk": 18, "fields": {"token": 19, "blacklisted_at": "2024-02-13T08:33:24.023Z"}}, {"model": "token_blacklist.blacklistedtoken", "pk": 19, "fields": {"token": 20, "blacklisted_at": "2024-02-14T20:16:47.598Z"}}, {"model": "token_blacklist.blacklistedtoken", "pk": 20, "fields": {"token": 21, "blacklisted_at": "2024-02-14T20:27:27.439Z"}}, {"model": "token_blacklist.blacklistedtoken", "pk": 21, "fields": {"token": 22, "blacklisted_at": "2024-02-14T21:19:47.379Z"}}, {"model": "token_blacklist.blacklistedtoken", "pk": 22, "fields": {"token": 31, "blacklisted_at": "2024-02-21T17:37:50.839Z"}}, {"model": "token_blacklist.blacklistedtoken", "pk": 23, "fields": {"token": 32, "blacklisted_at": "2024-02-22T17:51:40.454Z"}}, {"model": "token_blacklist.blacklistedtoken", "pk": 24, "fields": {"token": 33, "blacklisted_at": "2024-02-22T18:55:04.952Z"}}, {"model": "token_blacklist.blacklistedtoken", "pk": 25, "fields": {"token": 34, "blacklisted_at": "2024-02-23T08:13:37.462Z"}}, {"model": "token_blacklist.blacklistedtoken", "pk": 26, "fields": {"token": 35, "blacklisted_at": "2024-02-23T08:55:00.218Z"}}, {"model": "token_blacklist.blacklistedtoken", "pk": 27, "fields": {"token": 36, "blacklisted_at": "2024-02-23T11:27:53.679Z"}}, {"model": "token_blacklist.blacklistedtoken", "pk": 28, "fields": {"token": 41, "blacklisted_at": "2024-02-26T15:18:53.256Z"}}, {"model": "token_blacklist.blacklistedtoken", "pk": 29, "fields": {"token": 42, "blacklisted_at": "2024-02-26T18:25:42.952Z"}}, {"model": "token_blacklist.blacklistedtoken", "pk": 30, "fields": {"token": 45, "blacklisted_at": "2024-02-27T12:20:46.413Z"}}, {"model": "token_blacklist.blacklistedtoken", "pk": 31, "fields": {"token": 47, "blacklisted_at": "2024-03-01T11:36:33.376Z"}}, {"model": "token_blacklist.blacklistedtoken", "pk": 32, "fields": {"token": 12, "blacklisted_at": "2024-03-01T14:24:26.677Z"}}, {"model": "token_blacklist.blacklistedtoken", "pk": 33, "fields": {"token": 23, "blacklisted_at": "2024-03-01T14:24:26.681Z"}}, {"model": "token_blacklist.blacklistedtoken", "pk": 34, "fields": {"token": 24, "blacklisted_at": "2024-03-01T14:24:26.684Z"}}, {"model": "token_blacklist.blacklistedtoken", "pk": 35, "fields": {"token": 25, "blacklisted_at": "2024-03-01T14:24:26.686Z"}}, {"model": "token_blacklist.blacklistedtoken", "pk": 36, "fields": {"token": 26, "blacklisted_at": "2024-03-01T14:24:26.689Z"}}, {"model": "token_blacklist.blacklistedtoken", "pk": 37, "fields": {"token": 27, "blacklisted_at": "2024-03-01T14:24:26.692Z"}}, {"model": "token_blacklist.blacklistedtoken", "pk": 38, "fields": {"token": 28, "blacklisted_at": "2024-03-01T14:24:26.695Z"}}, {"model": "token_blacklist.blacklistedtoken", "pk": 39, "fields": {"token": 29, "blacklisted_at": "2024-03-01T14:24:26.698Z"}}, {"model": "token_blacklist.blacklistedtoken", "pk": 40, "fields": {"token": 30, "blacklisted_at": "2024-03-01T14:24:26.701Z"}}, {"model": "token_blacklist.blacklistedtoken", "pk": 41, "fields": {"token": 37, "blacklisted_at": "2024-03-01T14:24:26.704Z"}}, {"model": "token_blacklist.blacklistedtoken", "pk": 42, "fields": {"token": 38, "blacklisted_at": "2024-03-01T14:24:26.707Z"}}, {"model": "token_blacklist.blacklistedtoken", "pk": 43, "fields": {"token": 39, "blacklisted_at": "2024-03-01T14:24:26.710Z"}}, {"model": "token_blacklist.blacklistedtoken", "pk": 44, "fields": {"token": 40, "blacklisted_at": "2024-03-01T14:24:26.713Z"}}, {"model": "token_blacklist.blacklistedtoken", "pk": 45, "fields": {"token": 43, "blacklisted_at": "2024-03-01T14:24:26.715Z"}}, {"model": "token_blacklist.blacklistedtoken", "pk": 46, "fields": {"token": 44, "blacklisted_at": "2024-03-01T14:24:26.718Z"}}, {"model": "token_blacklist.blacklistedtoken", "pk": 47, "fields": {"token": 46, "blacklisted_at": "2024-03-01T14:24:26.721Z"}}, {"model": "token_blacklist.blacklistedtoken", "pk": 48, "fields": {"token": 48, "blacklisted_at": "2024-03-01T14:24:26.724Z"}}, {"model": "token_blacklist.blacklistedtoken", "pk": 49, "fields": {"token": 49, "blacklisted_at": "2024-03-01T14:25:23.303Z"}}, {"model": "token_blacklist.blacklistedtoken", "pk": 50, "fields": {"token": 50, "blacklisted_at": "2024-03-01T14:58:27.682Z"}}, {"model": "token_blacklist.blacklistedtoken", "pk": 51, "fields": {"token": 51, "blacklisted_at": "2024-03-01T15:01:42.406Z"}}, {"model": "token_blacklist.blacklistedtoken", "pk": 52, "fields": {"token": 52, "blacklisted_at": "2024-03-01T15:42:15.523Z"}}, {"model": "token_blacklist.blacklistedtoken", "pk": 53, "fields": {"token": 54, "blacklisted_at": "2024-03-04T09:35:25.568Z"}}, {"model": "token_blacklist.blacklistedtoken", "pk": 54, "fields": {"token": 53, "blacklisted_at": "2024-03-04T14:59:02.976Z"}}, {"model": "token_blacklist.blacklistedtoken", "pk": 55, "fields": {"token": 55, "blacklisted_at": "2024-03-04T14:59:02.980Z"}}, {"model": "token_blacklist.blacklistedtoken", "pk": 56, "fields": {"token": 57, "blacklisted_at": "2024-03-04T16:15:27.570Z"}}, {"model": "token_blacklist.blacklistedtoken", "pk": 57, "fields": {"token": 58, "blacklisted_at": "2024-03-04T16:15:57.921Z"}}, {"model": "token_blacklist.blacklistedtoken", "pk": 58, "fields": {"token": 59, "blacklisted_at": "2024-03-04T16:23:39.530Z"}}, {"model": "token_blacklist.blacklistedtoken", "pk": 59, "fields": {"token": 63, "blacklisted_at": "2024-03-04T16:58:23.955Z"}}, {"model": "token_blacklist.blacklistedtoken", "pk": 60, "fields": {"token": 64, "blacklisted_at": "2024-03-04T16:58:27.599Z"}}, {"model": "media.media", "pk": 1, "fields": {"is_deleted": false, "deleted_at": null, "created_at": "2024-01-25T19:03:14.161Z", "modified_at": "2024-01-25T19:03:14.161Z", "file": "images/2024/01/25/OkkpFPvop5vvMbYJfTICFmdcZF3M9Q.webp", "title": "دسته بندی", "resize_width": 0, "resize_height": 0, "width": 512, "height": 512, "file_hash": "db278e680f42afc1fa67c006083cbdcf24fc55fa", "file_size": 178325, "focal_point_x": null, "focal_point_y": null, "focal_point_width": null, "focal_point_height": null}}, {"model": "media.media", "pk": 2, "fields": {"is_deleted": false, "deleted_at": null, "created_at": "2024-01-26T15:34:13.147Z", "modified_at": "2024-01-26T15:34:13.147Z", "file": "images/2024/01/26/DWlVkMF61YYIzQQG1BaMriiYEjH962.webp", "title": "اسلایدر صفحه اصلی", "resize_width": 0, "resize_height": 0, "width": 1536, "height": 768, "file_hash": "796b373984564e82d45afe67f31bde25acbfd4f6", "file_size": 346352, "focal_point_x": null, "focal_point_y": null, "focal_point_width": null, "focal_point_height": null}}, {"model": "media.media", "pk": 3, "fields": {"is_deleted": false, "deleted_at": null, "created_at": "2024-01-26T15:35:17.193Z", "modified_at": "2024-01-26T15:35:17.193Z", "file": "images/2024/01/26/eMGrN9YItHuj0UfCuULYWCakPgGkP3.webp", "title": "بنر بالایی", "resize_width": 0, "resize_height": 0, "width": 856, "height": 428, "file_hash": "14187445b5091e544943ca52e110dd0e9dd8e821", "file_size": 375680, "focal_point_x": null, "focal_point_y": null, "focal_point_width": null, "focal_point_height": null}}, {"model": "media.media", "pk": 4, "fields": {"is_deleted": false, "deleted_at": null, "created_at": "2024-01-26T15:35:46.533Z", "modified_at": "2024-01-26T15:35:46.533Z", "file": "images/2024/01/26/0zKB68c1e3S2nVaPoZYbO3dDm1GLcA.webp", "title": "بنر پایینی", "resize_width": 0, "resize_height": 0, "width": 856, "height": 428, "file_hash": "549b53e2ae46959cc23ea257ec034c0b98cc19ad", "file_size": 499727, "focal_point_x": null, "focal_point_y": null, "focal_point_width": null, "focal_point_height": null}}, {"model": "media.media", "pk": 5, "fields": {"is_deleted": false, "deleted_at": null, "created_at": "2024-01-27T12:15:59.407Z", "modified_at": "2024-02-06T09:01:05.209Z", "file": "images/2024/02/06/yyMPi9XCdE8NTtQVzvMl2KtJtUs7gW.webp", "title": "برند نایک", "resize_width": 1000, "resize_height": 50, "width": 987, "height": 496, "file_hash": "7bf82a3b6eebc71a8b838a85d753197f06229915", "file_size": 19578, "focal_point_x": null, "focal_point_y": null, "focal_point_width": null, "focal_point_height": null}}, {"model": "media.media", "pk": 6, "fields": {"is_deleted": false, "deleted_at": null, "created_at": "2024-01-29T14:27:08.539Z", "modified_at": "2024-01-29T14:27:08.540Z", "file": "images/2024/01/29/yv4fK901CJkxRGjIFmsEZRuLTLjR70.webp", "title": "نایک زوم پگاسوس توربو مشکی", "resize_width": 0, "resize_height": 0, "width": 727, "height": 615, "file_hash": "c43c8cb2eea363ae8462bc2cf5e1d9a945da6338", "file_size": 69052, "focal_point_x": null, "focal_point_y": null, "focal_point_width": null, "focal_point_height": null}}, {"model": "media.media", "pk": 7, "fields": {"is_deleted": false, "deleted_at": null, "created_at": "2024-01-31T05:59:35.168Z", "modified_at": "2024-01-31T05:59:35.168Z", "file": "images/2024/01/31/wTL5doL7pN1u0dlDGBTf1zagFK3OhP.webp", "title": "کفش نیوبالانس NewBalance AM574", "resize_width": 0, "resize_height": 0, "width": 600, "height": 600, "file_hash": "c4c3b1098254e76de36070997ac586de7937c405", "file_size": 11660, "focal_point_x": null, "focal_point_y": null, "focal_point_width": null, "focal_point_height": null}}, {"model": "media.media", "pk": 8, "fields": {"is_deleted": false, "deleted_at": null, "created_at": "2024-01-31T06:02:57.849Z", "modified_at": "2024-01-31T06:02:57.849Z", "file": "images/2024/01/31/fkvJC2AdDo3Rlx3AnJJOqakNZIdpxS.webp", "title": "کفش سالومون اکس تی راش Salomon XT-RUSH", "resize_width": 0, "resize_height": 0, "width": 600, "height": 600, "file_hash": "ce8d2ee05ae822658a916ca40b699493d4414319", "file_size": 24010, "focal_point_x": null, "focal_point_y": null, "focal_point_width": null, "focal_point_height": null}}, {"model": "media.media", "pk": 9, "fields": {"is_deleted": false, "deleted_at": null, "created_at": "2024-01-31T06:24:52.946Z", "modified_at": "2024-01-31T06:24:52.946Z", "file": "images/2024/01/31/BP9AqbDTy1R4LC3Ymf5OoCRzXEXHeK.webp", "title": "کفش آدیداس Adidas X_PLR", "resize_width": 0, "resize_height": 0, "width": 600, "height": 600, "file_hash": "6598a8d7fa23b79fcdfb6092e9adf27c1cd4679a", "file_size": 26234, "focal_point_x": null, "focal_point_y": null, "focal_point_width": null, "focal_point_height": null}}, {"model": "media.media", "pk": 10, "fields": {"is_deleted": false, "deleted_at": null, "created_at": "2024-02-14T14:46:44.844Z", "modified_at": "2024-02-14T14:46:44.844Z", "file": "images/2024/02/14/38sE9byjRzGSvwaYgVx6jI7lngA3sY.webp", "title": "Tipax", "resize_width": 0, "resize_height": 0, "width": 160, "height": 43, "file_hash": "ce96fd205e6b5180a6fa8d73f9b5af84b9b304ad", "file_size": 19342, "focal_point_x": null, "focal_point_y": null, "focal_point_width": null, "focal_point_height": null}}, {"model": "media.media", "pk": 11, "fields": {"is_deleted": false, "deleted_at": null, "created_at": "2024-02-14T14:48:22.324Z", "modified_at": "2024-02-14T14:48:22.324Z", "file": "images/2024/02/14/RCGDDvIuhY1N4h534XoxwzkbH4jSN4.webp", "title": "post", "resize_width": 0, "resize_height": 0, "width": 200, "height": 183, "file_hash": "1966a093077e436b3389267ada13adf1937f59af", "file_size": 17948, "focal_point_x": null, "focal_point_y": null, "focal_point_width": null, "focal_point_height": null}}, {"model": "content.banner", "pk": 1, "fields": {"is_deleted": false, "deleted_at": null, "created_at": "2024-01-26T15:34:39.861Z", "modified_at": "2024-01-26T15:34:39.861Z", "image": 2, "position": "HOME_SLIDER_BANNER", "title": "تست", "order": 1, "description": null, "url": "http://localhost:3000/", "is_external": false, "is_public": true, "start_at": null, "expire_at": null}}, {"model": "content.banner", "pk": 2, "fields": {"is_deleted": false, "deleted_at": null, "created_at": "2024-01-26T15:34:55.510Z", "modified_at": "2024-01-26T15:34:55.510Z", "image": 2, "position": "HOME_SLIDER_BANNER", "title": "سلام", "order": 1, "description": null, "url": "https://fronthooks.ir/", "is_external": true, "is_public": true, "start_at": null, "expire_at": null}}, {"model": "content.banner", "pk": 3, "fields": {"is_deleted": false, "deleted_at": null, "created_at": "2024-01-26T15:35:34.428Z", "modified_at": "2024-01-26T15:35:34.428Z", "image": 3, "position": "HOME_SIDE_BANNER", "title": "بنر بالا", "order": 1, "description": "بنر بالا سمت چپ صفحه اصلی", "url": "https://lipak.com/", "is_external": true, "is_public": true, "start_at": null, "expire_at": null}}, {"model": "content.banner", "pk": 4, "fields": {"is_deleted": false, "deleted_at": null, "created_at": "2024-01-26T15:35:54.814Z", "modified_at": "2024-01-26T15:35:54.814Z", "image": 4, "position": "HOME_SIDE_BANNER", "title": "wawfa", "order": 1, "description": "wfawfa", "url": "https://fronthooks.ir/", "is_external": true, "is_public": true, "start_at": null, "expire_at": null}}, {"model": "content.banner", "pk": 5, "fields": {"is_deleted": false, "deleted_at": null, "created_at": "2024-01-26T18:52:53.956Z", "modified_at": "2024-01-26T18:52:53.956Z", "image": 2, "position": "HOME_SLIDER_BANNER", "title": "wawa", "order": 1, "description": "wawa", "url": "https://lipak.com/", "is_external": true, "is_public": true, "start_at": null, "expire_at": null}}, {"model": "account.user", "pk": 1, "fields": {"password": "pbkdf2_sha256$720000$oTRWtQC4EXq9fQg3KRTAud$Im43VT5ZfIpp2a/mMEbh6qaRl9VsAO+93HpQKEKtR4s=", "last_login": "2024-03-06T17:21:10.115Z", "is_superuser": true, "is_staff": true, "is_active": true, "date_joined": "2024-01-25T19:01:40Z", "is_deleted": false, "deleted_at": null, "created_at": "2024-01-25T19:01:41.563Z", "modified_at": "2024-03-04T14:59:02.992Z", "username": "09981879975", "email": "taymazak1382@gmail.com", "phone": "09981879975", "national_code": "1660617332", "first_name": "تایماز", "last_name": "اکبری", "is_verify": false, "before_delete_username": null, "before_delete_email": null, "before_delete_phone": null, "groups": [], "user_permissions": []}}, {"model": "account.user", "pk": 4, "fields": {"password": "pbkdf2_sha256$720000$nsoaa2LaEEwFfbmHS2kqUu$t4/mQs98Ic5OWot5+adYyntNeSlJ0gCM5HCAPfKRyO0=", "last_login": null, "is_superuser": false, "is_staff": false, "is_active": true, "date_joined": "2024-03-04T16:58:15.975Z", "is_deleted": false, "deleted_at": null, "created_at": "2024-03-04T16:58:15.975Z", "modified_at": "2024-03-04T16:58:23.971Z", "username": "09357679093", "email": null, "phone": "09357679093", "national_code": null, "first_name": "", "last_name": "", "is_verify": false, "before_delete_username": null, "before_delete_email": null, "before_delete_phone": null, "groups": [], "user_permissions": []}}, {"model": "account.userpreviousdetailhistory", "pk": 1, "fields": {"is_deleted": false, "deleted_at": null, "created_at": "2024-03-01T14:24:26.726Z", "modified_at": "2024-03-01T14:24:26.726Z", "user": 1, "field": "نام کاربری", "old_value": "09981879975", "new_value": "09357679093"}}, {"model": "account.userpreviousdetailhistory", "pk": 2, "fields": {"is_deleted": false, "deleted_at": null, "created_at": "2024-03-01T14:24:26.732Z", "modified_at": "2024-03-01T14:24:26.732Z", "user": 1, "field": "شماره موبایل", "old_value": "09981879975", "new_value": "09357679093"}}, {"model": "account.userpreviousdetailhistory", "pk": 3, "fields": {"is_deleted": false, "deleted_at": null, "created_at": "2024-03-01T14:25:23.307Z", "modified_at": "2024-03-01T14:25:23.307Z", "user": 1, "field": "نام کاربری", "old_value": "09357679093", "new_value": "09981879975"}}, {"model": "account.userpreviousdetailhistory", "pk": 4, "fields": {"is_deleted": false, "deleted_at": null, "created_at": "2024-03-01T14:25:23.312Z", "modified_at": "2024-03-01T14:25:23.312Z", "user": 1, "field": "شماره موبایل", "old_value": "09357679093", "new_value": "09981879975"}}, {"model": "account.userpreviousdetailhistory", "pk": 5, "fields": {"is_deleted": false, "deleted_at": null, "created_at": "2024-03-01T14:58:27.687Z", "modified_at": "2024-03-01T14:58:27.687Z", "user": 1, "field": "نام کاربری", "old_value": "09981879975", "new_value": "taymazak1382@gmail.com"}}, {"model": "account.userpreviousdetailhistory", "pk": 7, "fields": {"is_deleted": false, "deleted_at": null, "created_at": "2024-03-01T15:01:42.411Z", "modified_at": "2024-03-01T15:01:42.411Z", "user": 1, "field": "نام کاربری", "old_value": "09981879975", "new_value": "taymazak1382@gmail.com"}}, {"model": "account.userpreviousdetailhistory", "pk": 8, "fields": {"is_deleted": false, "deleted_at": null, "created_at": "2024-03-01T15:01:42.416Z", "modified_at": "2024-03-01T15:01:42.416Z", "user": 1, "field": "ایمیل", "old_value": null, "new_value": "taymazak1382@gmail.com"}}, {"model": "account.userpreviousdetailhistory", "pk": 9, "fields": {"is_deleted": false, "deleted_at": null, "created_at": "2024-03-04T14:19:25.292Z", "modified_at": "2024-03-04T14:19:25.292Z", "user": 1, "field": "نام کاربری", "old_value": "taymazak1382@gmail.com", "new_value": "09981879975"}}, {"model": "account.userpreviousdetailhistory", "pk": 10, "fields": {"is_deleted": false, "deleted_at": null, "created_at": "2024-03-04T14:19:25.313Z", "modified_at": "2024-03-04T14:19:25.313Z", "user": 1, "field": "ایمیل", "old_value": "taymazak1382@gmail.com", "new_value": "taymazak1381@gmail.com"}}, {"model": "account.userpreviousdetailhistory", "pk": 11, "fields": {"is_deleted": false, "deleted_at": null, "created_at": "2024-03-04T14:19:47.423Z", "modified_at": "2024-03-04T14:19:47.423Z", "user": 1, "field": "نام کاربری", "old_value": "09981879975", "new_value": "09981879975"}}, {"model": "account.userpreviousdetailhistory", "pk": 12, "fields": {"is_deleted": false, "deleted_at": null, "created_at": "2024-03-04T14:19:47.435Z", "modified_at": "2024-03-04T14:19:47.435Z", "user": 1, "field": "ایمیل", "old_value": "taymazak1381@gmail.com", "new_value": ""}}, {"model": "account.userpreviousdetailhistory", "pk": 13, "fields": {"is_deleted": false, "deleted_at": null, "created_at": "2024-03-04T14:19:53.682Z", "modified_at": "2024-03-04T14:19:53.682Z", "user": 1, "field": "نام کاربری", "old_value": "09981879975", "new_value": "taymazak1382@gmail.com"}}, {"model": "account.userpreviousdetailhistory", "pk": 14, "fields": {"is_deleted": false, "deleted_at": null, "created_at": "2024-03-04T14:19:53.690Z", "modified_at": "2024-03-04T14:19:53.690Z", "user": 1, "field": "ایمیل", "old_value": "", "new_value": "taymazak1382@gmail.com"}}, {"model": "account.userpreviousdetailhistory", "pk": 15, "fields": {"is_deleted": false, "deleted_at": null, "created_at": "2024-03-04T14:22:48.309Z", "modified_at": "2024-03-04T14:22:48.309Z", "user": 1, "field": "نام کاربری", "old_value": "taymazak1382@gmail.com", "new_value": "09981879975"}}, {"model": "account.userpreviousdetailhistory", "pk": 16, "fields": {"is_deleted": false, "deleted_at": null, "created_at": "2024-03-04T14:22:48.326Z", "modified_at": "2024-03-04T14:22:48.326Z", "user": 1, "field": "ایمیل", "old_value": "taymazak1382@gmail.com", "new_value": ""}}, {"model": "account.userpreviousdetailhistory", "pk": 17, "fields": {"is_deleted": false, "deleted_at": null, "created_at": "2024-03-04T14:22:52.326Z", "modified_at": "2024-03-04T14:22:52.326Z", "user": 1, "field": "نام کاربری", "old_value": "09981879975", "new_value": "09981879975"}}, {"model": "account.userpreviousdetailhistory", "pk": 18, "fields": {"is_deleted": false, "deleted_at": null, "created_at": "2024-03-04T14:22:52.334Z", "modified_at": "2024-03-04T14:22:52.334Z", "user": 1, "field": "ایمیل", "old_value": "", "new_value": "taymazak1382@gmail.com"}}, {"model": "account.userpreviousdetailhistory", "pk": 19, "fields": {"is_deleted": false, "deleted_at": null, "created_at": "2024-03-04T14:44:18.996Z", "modified_at": "2024-03-04T14:44:18.996Z", "user": 1, "field": "نام کاربری", "old_value": "09981879975", "new_value": "taymazak1382@gmail.com"}}, {"model": "account.userpreviousdetailhistory", "pk": 20, "fields": {"is_deleted": false, "deleted_at": null, "created_at": "2024-03-04T14:44:19.009Z", "modified_at": "2024-03-04T14:44:19.009Z", "user": 1, "field": "شماره موبایل", "old_value": "09981879975", "new_value": null}}, {"model": "account.userpreviousdetailhistory", "pk": 21, "fields": {"is_deleted": false, "deleted_at": null, "created_at": "2024-03-04T14:59:02.984Z", "modified_at": "2024-03-04T14:59:02.984Z", "user": 1, "field": "نام کاربری", "old_value": "taymazak1382@gmail.com", "new_value": "09981879975"}}, {"model": "account.userpreviousdetailhistory", "pk": 22, "fields": {"is_deleted": false, "deleted_at": null, "created_at": "2024-03-04T14:59:02.989Z", "modified_at": "2024-03-04T14:59:02.989Z", "user": 1, "field": "شماره موبایل", "old_value": null, "new_value": "09981879975"}}, {"model": "account.userpreviousdetailhistory", "pk": 23, "fields": {"is_deleted": false, "deleted_at": null, "created_at": "2024-03-04T16:51:18.195Z", "modified_at": "2024-03-04T16:51:18.195Z", "user": 2, "field": "نام کاربری", "old_value": "09357679093", "new_value": "09357679093"}}, {"model": "account.userpreviousdetailhistory", "pk": 24, "fields": {"is_deleted": false, "deleted_at": null, "created_at": "2024-03-04T16:51:18.228Z", "modified_at": "2024-03-04T16:51:18.228Z", "user": 2, "field": "شماره موبایل", "old_value": "09357679093", "new_value": null}}, {"model": "account.userpreviousdetailhistory", "pk": 25, "fields": {"is_deleted": false, "deleted_at": null, "created_at": "2024-03-04T16:52:40.911Z", "modified_at": "2024-03-04T16:52:40.911Z", "user": 3, "field": "نام کاربری", "old_value": "09357679093", "new_value": "ccc4f02698b2"}}, {"model": "account.userpreviousdetailhistory", "pk": 26, "fields": {"is_deleted": false, "deleted_at": null, "created_at": "2024-03-04T16:52:40.924Z", "modified_at": "2024-03-04T16:52:40.924Z", "user": 3, "field": "شماره موبایل", "old_value": "09357679093", "new_value": null}}, {"model": "account.usersearchhistory", "pk": 19, "fields": {"is_deleted": false, "deleted_at": null, "created_at": "2024-03-06T11:29:12.704Z", "modified_at": "2024-03-06T11:29:12.704Z", "user": 1, "search": "hi"}}, {"model": "account.userrecentvisitedproduct", "pk": 11, "fields": {"is_deleted": false, "deleted_at": null, "created_at": "2024-02-29T20:28:48.690Z", "modified_at": "2024-02-29T20:28:48.690Z", "user": 1, "product": 23}}, {"model": "account.userrecentvisitedproduct", "pk": 12, "fields": {"is_deleted": false, "deleted_at": null, "created_at": "2024-03-01T19:55:44.038Z", "modified_at": "2024-03-01T19:55:44.038Z", "user": 1, "product": 13}}, {"model": "account.userrecentvisitedproduct", "pk": 13, "fields": {"is_deleted": false, "deleted_at": null, "created_at": "2024-03-03T19:52:12.680Z", "modified_at": "2024-03-03T19:52:12.680Z", "user": 1, "product": 9}}, {"model": "account.userrecentvisitedproduct", "pk": 14, "fields": {"is_deleted": false, "deleted_at": null, "created_at": "2024-03-04T09:09:47.916Z", "modified_at": "2024-03-04T09:09:47.916Z", "user": 1, "product": 27}}, {"model": "account.userrecentvisitedproduct", "pk": 15, "fields": {"is_deleted": false, "deleted_at": null, "created_at": "2024-03-04T09:35:10.471Z", "modified_at": "2024-03-04T09:35:10.471Z", "user": 1, "product": 11}}, {"model": "account.userrecentvisitedproduct", "pk": 16, "fields": {"is_deleted": false, "deleted_at": null, "created_at": "2024-03-04T14:44:52.194Z", "modified_at": "2024-03-04T14:44:52.194Z", "user": 1, "product": 4}}, {"model": "account.userrecentvisitedproduct", "pk": 17, "fields": {"is_deleted": false, "deleted_at": null, "created_at": "2024-03-04T14:44:52.211Z", "modified_at": "2024-03-04T14:44:52.211Z", "user": 1, "product": 1}}, {"model": "address.useraddresses", "pk": 5, "fields": {"is_deleted": false, "deleted_at": null, "created_at": "2024-02-14T12:52:17.004Z", "modified_at": "2024-02-29T21:07:00.337Z", "user": 1, "receiver_name": "تایماز", "receiver_family": "اکبری", "receiver_phone": "09981879975", "receiver_national_code": "1111111111", "receiver_province": "اردبیل", "receiver_city": "اردبیل", "receiver_postal_code": "3166946324", "receiver_building_number": "21", "receiver_unit": "6", "receiver_address": "سلااااااااااااام"}}, {"model": "catalog.category", "pk": 1, "fields": {"tn_ancestors_pks": "", "tn_ancestors_count": 0, "tn_children_pks": "4,7,8,6,3,5", "tn_children_count": 6, "tn_depth": 1, "tn_descendants_pks": "4,7,8,6,3,5", "tn_descendants_count": 6, "tn_index": 0, "tn_level": 1, "tn_parent": null, "tn_priority": 0, "tn_order": 0, "tn_siblings_pks": "2", "tn_siblings_count": 1, "is_deleted": false, "deleted_at": null, "created_at": "2024-01-25T19:04:32.269Z", "modified_at": "2024-02-09T17:07:58.291Z", "image": 1, "title_ir": "مردانه", "title_en": "men", "description": null, "is_public": true, "slug": "category-men-shoes", "order": 0}}, {"model": "catalog.category", "pk": 2, "fields": {"tn_ancestors_pks": "", "tn_ancestors_count": 0, "tn_children_pks": "9,10,11,12,13,14", "tn_children_count": 6, "tn_depth": 1, "tn_descendants_pks": "9,10,11,12,13,14", "tn_descendants_count": 6, "tn_index": 1, "tn_level": 1, "tn_parent": null, "tn_priority": 0, "tn_order": 7, "tn_siblings_pks": "1", "tn_siblings_count": 1, "is_deleted": false, "deleted_at": null, "created_at": "2024-01-25T19:04:45.319Z", "modified_at": "2024-02-09T17:08:00.544Z", "image": 1, "title_ir": "زنانه", "title_en": "women", "description": null, "is_public": true, "slug": "category-women-shoes", "order": 1}}, {"model": "catalog.category", "pk": 3, "fields": {"tn_ancestors_pks": "1", "tn_ancestors_count": 1, "tn_children_pks": "", "tn_children_count": 0, "tn_depth": 0, "tn_descendants_pks": "", "tn_descendants_count": 0, "tn_index": 4, "tn_level": 2, "tn_parent": 1, "tn_priority": 0, "tn_order": 5, "tn_siblings_pks": "4,7,8,6,5", "tn_siblings_count": 5, "is_deleted": false, "deleted_at": null, "created_at": "2024-01-25T19:06:39.734Z", "modified_at": "2024-02-02T14:15:48.192Z", "image": 1, "title_ir": "اسپرت", "title_en": "sport shoes", "description": null, "is_public": true, "slug": "category-men-sport-shoes", "order": 1}}, {"model": "catalog.category", "pk": 4, "fields": {"tn_ancestors_pks": "1", "tn_ancestors_count": 1, "tn_children_pks": "", "tn_children_count": 0, "tn_depth": 0, "tn_descendants_pks": "", "tn_descendants_count": 0, "tn_index": 0, "tn_level": 2, "tn_parent": 1, "tn_priority": 0, "tn_order": 1, "tn_siblings_pks": "7,8,6,3,5", "tn_siblings_count": 5, "is_deleted": false, "deleted_at": null, "created_at": "2024-01-25T19:06:54.002Z", "modified_at": "2024-02-02T14:15:32.192Z", "image": 1, "title_ir": "بسکتبال", "title_en": "basketball", "description": null, "is_public": true, "slug": "category-men-basketball-shoes", "order": 1}}, {"model": "catalog.category", "pk": 5, "fields": {"tn_ancestors_pks": "1", "tn_ancestors_count": 1, "tn_children_pks": "", "tn_children_count": 0, "tn_depth": 0, "tn_descendants_pks": "", "tn_descendants_count": 0, "tn_index": 5, "tn_level": 2, "tn_parent": 1, "tn_priority": 0, "tn_order": 6, "tn_siblings_pks": "4,7,8,6,3", "tn_siblings_count": 5, "is_deleted": false, "deleted_at": null, "created_at": "2024-01-25T19:07:09.482Z", "modified_at": "2024-02-02T14:15:32.304Z", "image": 1, "title_ir": "پیاده روی", "title_en": "walking", "description": null, "is_public": true, "slug": "category-men-walking-shoes", "order": 1}}, {"model": "catalog.category", "pk": 6, "fields": {"tn_ancestors_pks": "1", "tn_ancestors_count": 1, "tn_children_pks": "", "tn_children_count": 0, "tn_depth": 0, "tn_descendants_pks": "", "tn_descendants_count": 0, "tn_index": 3, "tn_level": 2, "tn_parent": 1, "tn_priority": 0, "tn_order": 4, "tn_siblings_pks": "4,7,8,3,5", "tn_siblings_count": 5, "is_deleted": false, "deleted_at": null, "created_at": "2024-01-25T19:07:23.725Z", "modified_at": "2024-02-02T14:15:32.255Z", "image": 1, "title_ir": "رانینگ", "title_en": "running", "description": null, "is_public": true, "slug": "category-men-running-shoes", "order": 1}}, {"model": "catalog.category", "pk": 7, "fields": {"tn_ancestors_pks": "1", "tn_ancestors_count": 1, "tn_children_pks": "", "tn_children_count": 0, "tn_depth": 0, "tn_descendants_pks": "", "tn_descendants_count": 0, "tn_index": 1, "tn_level": 2, "tn_parent": 1, "tn_priority": 0, "tn_order": 2, "tn_siblings_pks": "4,8,6,3,5", "tn_siblings_count": 5, "is_deleted": false, "deleted_at": null, "created_at": "2024-01-25T19:07:36.772Z", "modified_at": "2024-02-02T14:15:32.213Z", "image": 1, "title_ir": "روزمره", "title_en": "daily", "description": null, "is_public": true, "slug": "category-men-daily-shoes", "order": 1}}, {"model": "catalog.category", "pk": 8, "fields": {"tn_ancestors_pks": "1", "tn_ancestors_count": 1, "tn_children_pks": "", "tn_children_count": 0, "tn_depth": 0, "tn_descendants_pks": "", "tn_descendants_count": 0, "tn_index": 2, "tn_level": 2, "tn_parent": 1, "tn_priority": 0, "tn_order": 3, "tn_siblings_pks": "4,7,6,3,5", "tn_siblings_count": 5, "is_deleted": false, "deleted_at": null, "created_at": "2024-01-25T19:07:50.183Z", "modified_at": "2024-02-02T14:15:32.234Z", "image": 1, "title_ir": "کوهنوردی", "title_en": "hiking", "description": null, "is_public": true, "slug": "category-men-hiking-shoes", "order": 1}}, {"model": "catalog.category", "pk": 9, "fields": {"tn_ancestors_pks": "2", "tn_ancestors_count": 1, "tn_children_pks": "", "tn_children_count": 0, "tn_depth": 0, "tn_descendants_pks": "", "tn_descendants_count": 0, "tn_index": 0, "tn_level": 2, "tn_parent": 2, "tn_priority": 0, "tn_order": 8, "tn_siblings_pks": "10,11,12,13,14", "tn_siblings_count": 5, "is_deleted": false, "deleted_at": null, "created_at": "2024-01-25T19:22:58.437Z", "modified_at": "2024-02-02T14:15:32.365Z", "image": 1, "title_ir": "بسکتبال", "title_en": "basketball", "description": null, "is_public": true, "slug": "category-women-basketball-shoes", "order": 1}}, {"model": "catalog.category", "pk": 10, "fields": {"tn_ancestors_pks": "2", "tn_ancestors_count": 1, "tn_children_pks": "", "tn_children_count": 0, "tn_depth": 0, "tn_descendants_pks": "", "tn_descendants_count": 0, "tn_index": 1, "tn_level": 2, "tn_parent": 2, "tn_priority": 0, "tn_order": 9, "tn_siblings_pks": "9,11,12,13,14", "tn_siblings_count": 5, "is_deleted": false, "deleted_at": null, "created_at": "2024-01-25T19:22:58.461Z", "modified_at": "2024-02-02T14:15:32.391Z", "image": 1, "title_ir": "روزمره", "title_en": "daily", "description": null, "is_public": true, "slug": "category-women-daily-shoes", "order": 1}}, {"model": "catalog.category", "pk": 11, "fields": {"tn_ancestors_pks": "2", "tn_ancestors_count": 1, "tn_children_pks": "", "tn_children_count": 0, "tn_depth": 0, "tn_descendants_pks": "", "tn_descendants_count": 0, "tn_index": 2, "tn_level": 2, "tn_parent": 2, "tn_priority": 0, "tn_order": 10, "tn_siblings_pks": "9,10,12,13,14", "tn_siblings_count": 5, "is_deleted": false, "deleted_at": null, "created_at": "2024-01-25T19:22:58.485Z", "modified_at": "2024-02-02T14:15:32.414Z", "image": 1, "title_ir": "کوهنوردی", "title_en": "hiking", "description": null, "is_public": true, "slug": "category-women-hiking-shoes", "order": 1}}, {"model": "catalog.category", "pk": 12, "fields": {"tn_ancestors_pks": "2", "tn_ancestors_count": 1, "tn_children_pks": "", "tn_children_count": 0, "tn_depth": 0, "tn_descendants_pks": "", "tn_descendants_count": 0, "tn_index": 3, "tn_level": 2, "tn_parent": 2, "tn_priority": 0, "tn_order": 11, "tn_siblings_pks": "9,10,11,13,14", "tn_siblings_count": 5, "is_deleted": false, "deleted_at": null, "created_at": "2024-01-25T19:22:58.510Z", "modified_at": "2024-02-02T14:15:32.437Z", "image": 1, "title_ir": "رانینگ", "title_en": "running", "description": null, "is_public": true, "slug": "category-women-running-shoes", "order": 1}}, {"model": "catalog.category", "pk": 13, "fields": {"tn_ancestors_pks": "2", "tn_ancestors_count": 1, "tn_children_pks": "", "tn_children_count": 0, "tn_depth": 0, "tn_descendants_pks": "", "tn_descendants_count": 0, "tn_index": 4, "tn_level": 2, "tn_parent": 2, "tn_priority": 0, "tn_order": 12, "tn_siblings_pks": "9,10,11,12,14", "tn_siblings_count": 5, "is_deleted": false, "deleted_at": null, "created_at": "2024-01-25T19:22:58.535Z", "modified_at": "2024-02-02T14:15:48.221Z", "image": 1, "title_ir": "اسپرت", "title_en": "sport shoes", "description": null, "is_public": true, "slug": "category-women-sport-shoes", "order": 1}}, {"model": "catalog.category", "pk": 14, "fields": {"tn_ancestors_pks": "2", "tn_ancestors_count": 1, "tn_children_pks": "", "tn_children_count": 0, "tn_depth": 0, "tn_descendants_pks": "", "tn_descendants_count": 0, "tn_index": 5, "tn_level": 2, "tn_parent": 2, "tn_priority": 0, "tn_order": 13, "tn_siblings_pks": "9,10,11,12,13", "tn_siblings_count": 5, "is_deleted": false, "deleted_at": null, "created_at": "2024-01-25T19:22:58.560Z", "modified_at": "2024-02-02T14:15:32.490Z", "image": 1, "title_ir": "پیاده روی", "title_en": "walking", "description": null, "is_public": true, "slug": "category-women-walking-shoes", "order": 1}}, {"model": "catalog.brand", "pk": 1, "fields": {"is_deleted": false, "deleted_at": null, "created_at": "2024-01-25T19:44:35.542Z", "modified_at": "2024-02-02T14:55:28.420Z", "image": 5, "title_ir": "نایک", "title_en": "nike", "slug": "brand-nike", "order": 1}}, {"model": "catalog.brand", "pk": 2, "fields": {"is_deleted": false, "deleted_at": null, "created_at": "2024-01-25T19:44:43.365Z", "modified_at": "2024-02-02T14:55:28.364Z", "image": 5, "title_ir": "آدیداس", "title_en": "adidas", "slug": "brand-adidas", "order": 1}}, {"model": "catalog.brand", "pk": 3, "fields": {"is_deleted": false, "deleted_at": null, "created_at": "2024-01-25T19:44:54.004Z", "modified_at": "2024-02-02T14:55:28.281Z", "image": 5, "title_ir": "اسکچرز", "title_en": "skechers", "slug": "brand-skechers", "order": 1}}, {"model": "catalog.brand", "pk": 4, "fields": {"is_deleted": false, "deleted_at": null, "created_at": "2024-01-25T19:45:03.460Z", "modified_at": "2024-02-02T14:55:28.224Z", "image": 5, "title_ir": "اسیکس", "title_en": "asics", "slug": "brand-asics", "order": 1}}, {"model": "catalog.brand", "pk": 5, "fields": {"is_deleted": false, "deleted_at": null, "created_at": "2024-01-25T19:45:19.178Z", "modified_at": "2024-02-02T14:55:28.154Z", "image": 5, "title_ir": "بالنسیاگا", "title_en": "balenciaga", "slug": "brand-balenciaga", "order": 1}}, {"model": "catalog.brand", "pk": 6, "fields": {"is_deleted": false, "deleted_at": null, "created_at": "2024-01-25T19:45:27.190Z", "modified_at": "2024-02-02T14:55:28.091Z", "image": 5, "title_ir": "پوما", "title_en": "puma", "slug": "brand-puma", "order": 1}}, {"model": "catalog.brand", "pk": 7, "fields": {"is_deleted": false, "deleted_at": null, "created_at": "2024-01-25T19:45:35.140Z", "modified_at": "2024-02-02T14:55:28.031Z", "image": 5, "title_ir": "تیمبرلند", "title_en": "timberland", "slug": "brand-timberland", "order": 1}}, {"model": "catalog.brand", "pk": 8, "fields": {"is_deleted": false, "deleted_at": null, "created_at": "2024-01-25T19:45:42.163Z", "modified_at": "2024-02-02T14:55:27.970Z", "image": 5, "title_ir": "ریباک", "title_en": "reebok", "slug": "brand-reebok", "order": 1}}, {"model": "catalog.brand", "pk": 9, "fields": {"is_deleted": false, "deleted_at": null, "created_at": "2024-01-25T19:45:51.509Z", "modified_at": "2024-02-02T14:55:27.905Z", "image": 5, "title_ir": "سالومون", "title_en": "salomon", "slug": "brand-salomon", "order": 1}}, {"model": "catalog.brand", "pk": 10, "fields": {"is_deleted": false, "deleted_at": null, "created_at": "2024-01-25T19:46:04.118Z", "modified_at": "2024-02-02T14:55:27.855Z", "image": 5, "title_ir": "کاترپیلار", "title_en": "caterpillar", "slug": "brand-caterpillar", "order": 1}}, {"model": "catalog.brand", "pk": 11, "fields": {"is_deleted": false, "deleted_at": null, "created_at": "2024-01-25T19:46:13.776Z", "modified_at": "2024-02-06T09:01:19.643Z", "image": 5, "title_ir": "نیوبالانس", "title_en": "newbalance", "slug": "brand-newbalance", "order": 1}}, {"model": "catalog.brand", "pk": 12, "fields": {"is_deleted": false, "deleted_at": null, "created_at": "2024-01-25T19:46:17.982Z", "modified_at": "2024-02-02T14:55:28.466Z", "image": 5, "title_ir": "ونس", "title_en": "vans", "slug": "brand-vans", "order": 2}}, {"model": "catalog.optiongroup", "pk": 1, "fields": {"title": "سایز", "filter_contain": true, "filter_param_name": "size"}}, {"model": "catalog.optiongroup", "pk": 2, "fields": {"title": "رنگ", "filter_contain": true, "filter_param_name": "color"}}, {"model": "catalog.optiongroup", "pk": 3, "fields": {"title": "سایز و رنگ", "filter_contain": false, "filter_param_name": null}}, {"model": "catalog.optiongroupvalue", "pk": 1, "fields": {"title": "40", "group": 1, "color_code": null}}, {"model": "catalog.optiongroupvalue", "pk": 2, "fields": {"title": "41", "group": 1, "color_code": null}}, {"model": "catalog.optiongroupvalue", "pk": 3, "fields": {"title": "42", "group": 1, "color_code": null}}, {"model": "catalog.optiongroupvalue", "pk": 4, "fields": {"title": "43", "group": 1, "color_code": null}}, {"model": "catalog.optiongroupvalue", "pk": 5, "fields": {"title": "44", "group": 1, "color_code": null}}, {"model": "catalog.optiongroupvalue", "pk": 6, "fields": {"title": "قرمز", "group": 2, "color_code": "red"}}, {"model": "catalog.optiongroupvalue", "pk": 7, "fields": {"title": "آبی", "group": 2, "color_code": "#38bdf8"}}, {"model": "catalog.optiongroupvalue", "pk": 8, "fields": {"title": "سبز", "group": 2, "color_code": "green"}}, {"model": "catalog.optiongroupvalue", "pk": 9, "fields": {"title": "سفید", "group": 2, "color_code": "white"}}, {"model": "catalog.productclass", "pk": 1, "fields": {"title_ir": "کفش", "title_en": "shoe", "description": null, "slug": "shoe", "track_stock": true, "require_shipping": true, "properties": [1, 2, 3]}}, {"model": "catalog.productclass", "pk": 2, "fields": {"title_ir": "جدید", "title_en": "new", "description": null, "slug": "new", "track_stock": true, "require_shipping": true, "properties": []}}, {"model": "catalog.productattribute", "pk": 1, "fields": {"product_class": 1, "title": "سایز", "type": "option", "option_group": 1, "required": true}}, {"model": "catalog.productattribute", "pk": 2, "fields": {"product_class": 1, "title": "رنگ", "type": "option", "option_group": 2, "required": true}}, {"model": "catalog.productattribute", "pk": 3, "fields": {"product_class": 1, "title": "سایز و رنگ", "type": "multi_option", "option_group": 3, "required": true}}, {"model": "catalog.product", "pk": 1, "fields": {"is_deleted": false, "deleted_at": null, "created_at": "2024-01-29T14:27:12.786Z", "modified_at": "2024-02-07T18:52:00.120Z", "structure": "parent", "parent": null, "order": 1, "title_ir": "نایک زوم پگاسوس توربو مشکی", "title_en": "Nike Zoom Pegasus Turbo Xx", "slug": "nike-zoom-pegasus-turbo-xx", "short_slug": 25515, "upc": "2000", "description": null, "is_public": true, "meta_title": "نایک زوم پگاسوس توربو مشکی", "meta_description": "نایک زوم پگاسوس توربو مشکی", "product_class": 1, "brand": 1, "categories": [1, 2, 10, 7]}}, {"model": "catalog.product", "pk": 2, "fields": {"is_deleted": false, "deleted_at": null, "created_at": "2024-01-30T09:50:50.566Z", "modified_at": "2024-01-30T19:31:44.986Z", "structure": "child", "parent": 1, "order": 0, "title_ir": null, "title_en": null, "slug": null, "short_slug": null, "upc": "2002", "description": null, "is_public": true, "meta_title": null, "meta_description": "", "product_class": null, "brand": null, "categories": []}}, {"model": "catalog.product", "pk": 3, "fields": {"is_deleted": false, "deleted_at": null, "created_at": "2024-01-30T09:51:18.513Z", "modified_at": "2024-01-31T11:53:27.117Z", "structure": "child", "parent": 1, "order": 1, "title_ir": null, "title_en": null, "slug": null, "short_slug": null, "upc": "2001", "description": null, "is_public": true, "meta_title": null, "meta_description": "", "product_class": null, "brand": null, "categories": []}}, {"model": "catalog.product", "pk": 4, "fields": {"is_deleted": false, "deleted_at": null, "created_at": "2024-01-30T14:46:46.427Z", "modified_at": "2024-02-07T18:52:00.107Z", "structure": "parent", "parent": null, "order": 0, "title_ir": "ایرجردن وان فیرلس مشکی", "title_en": "CLOT x Air Jordan 1 Mid Fearless", "slug": "clot-x-air-jordan-1-mid-fearless", "short_slug": 24531, "upc": "100", "description": null, "is_public": true, "meta_title": "ایرجردن وان فیرلس مشکی", "meta_description": "ایرجردن وان فیرلس مشکی", "product_class": 1, "brand": 1, "categories": [1, 7]}}, {"model": "catalog.product", "pk": 5, "fields": {"is_deleted": false, "deleted_at": null, "created_at": "2024-01-30T14:47:44.871Z", "modified_at": "2024-02-09T14:13:18.908Z", "structure": "child", "parent": 4, "order": 1, "title_ir": null, "title_en": null, "slug": null, "short_slug": null, "upc": "101", "description": null, "is_public": true, "meta_title": null, "meta_description": "", "product_class": null, "brand": null, "categories": []}}, {"model": "catalog.product", "pk": 6, "fields": {"is_deleted": false, "deleted_at": null, "created_at": "2024-01-30T15:58:47.835Z", "modified_at": "2024-02-09T14:13:18.929Z", "structure": "child", "parent": 4, "order": 0, "title_ir": null, "title_en": null, "slug": null, "short_slug": null, "upc": "7575", "description": null, "is_public": true, "meta_title": null, "meta_description": "", "product_class": null, "brand": null, "categories": []}}, {"model": "catalog.product", "pk": 9, "fields": {"is_deleted": false, "deleted_at": null, "created_at": "2024-01-31T05:59:37.349Z", "modified_at": "2024-02-07T18:52:00.095Z", "structure": "parent", "parent": null, "order": 0, "title_ir": "کفش نیوبالانس NewBalance AM574", "title_en": "NewBalance AM574", "slug": "newbalance-am574", "short_slug": 86318, "upc": "4372141412", "description": null, "is_public": true, "meta_title": "کفش نیوبالانس NewBalance AM574", "meta_description": "کفش نیوبالانس NewBalance AM574", "product_class": 1, "brand": 11, "categories": [1, 3, 5, 7]}}, {"model": "catalog.product", "pk": 10, "fields": {"is_deleted": false, "deleted_at": null, "created_at": "2024-01-31T06:00:28.019Z", "modified_at": "2024-01-31T06:00:28.019Z", "structure": "child", "parent": 9, "order": 0, "title_ir": null, "title_en": null, "slug": null, "short_slug": null, "upc": null, "description": null, "is_public": true, "meta_title": null, "meta_description": "", "product_class": null, "brand": null, "categories": []}}, {"model": "catalog.product", "pk": 11, "fields": {"is_deleted": false, "deleted_at": null, "created_at": "2024-01-31T06:01:09.660Z", "modified_at": "2024-02-07T18:52:00.082Z", "structure": "parent", "parent": null, "order": 0, "title_ir": "کفش نیوبالانس NewBalance 725", "title_en": "NewBalance 725", "slug": "newbalance-725", "short_slug": 36739, "upc": "725555", "description": null, "is_public": true, "meta_title": null, "meta_description": "", "product_class": 1, "brand": 11, "categories": [1, 3, 5, 6, 7]}}, {"model": "catalog.product", "pk": 12, "fields": {"is_deleted": false, "deleted_at": null, "created_at": "2024-01-31T06:01:45.616Z", "modified_at": "2024-01-31T06:01:45.616Z", "structure": "child", "parent": 11, "order": 0, "title_ir": null, "title_en": null, "slug": null, "short_slug": null, "upc": null, "description": null, "is_public": true, "meta_title": null, "meta_description": "", "product_class": null, "brand": null, "categories": []}}, {"model": "catalog.product", "pk": 13, "fields": {"is_deleted": false, "deleted_at": null, "created_at": "2024-01-31T06:03:00.915Z", "modified_at": "2024-02-08T12:29:39.275Z", "structure": "parent", "parent": null, "order": 0, "title_ir": "کفش سالومون اکس تی راش Salomon XT-RUSH", "title_en": "Salomon XT-RUSH", "slug": "salomon-xt-rush", "short_slug": 63479, "upc": "2131314151", "description": null, "is_public": true, "meta_title": "کفش سالومون اکس تی راش Salomon XT-RUSH", "meta_description": "کفش سالومون اکس تی راش Salomon XT-RUSH", "product_class": 1, "brand": 9, "categories": [1, 8, 6, 7]}}, {"model": "catalog.product", "pk": 15, "fields": {"is_deleted": false, "deleted_at": null, "created_at": "2024-01-31T06:24:54.617Z", "modified_at": "2024-02-08T11:56:42.201Z", "structure": "parent", "parent": null, "order": 0, "title_ir": "کفش آدیداس Adidas X_PLR", "title_en": "Adidas X_PLR", "slug": "adidas-x_plr", "short_slug": 27313, "upc": "2141413131", "description": null, "is_public": true, "meta_title": "کفش آدیداس Adidas X_PLR", "meta_description": "کفش آدیداس Adidas X_PLR", "product_class": 1, "brand": 2, "categories": [1, 5, 7]}}, {"model": "catalog.product", "pk": 16, "fields": {"is_deleted": false, "deleted_at": null, "created_at": "2024-01-31T06:25:25.476Z", "modified_at": "2024-02-26T09:51:16.072Z", "structure": "child", "parent": 15, "order": 0, "title_ir": null, "title_en": null, "slug": null, "short_slug": null, "upc": null, "description": "", "is_public": true, "meta_title": null, "meta_description": "", "product_class": null, "brand": null, "categories": []}}, {"model": "catalog.product", "pk": 17, "fields": {"is_deleted": false, "deleted_at": null, "created_at": "2024-02-07T10:38:39.915Z", "modified_at": "2024-02-08T12:30:07.463Z", "structure": "child", "parent": 13, "order": 0, "title_ir": null, "title_en": null, "slug": null, "short_slug": null, "upc": null, "description": null, "is_public": true, "meta_title": null, "meta_description": "", "product_class": null, "brand": null, "categories": []}}, {"model": "catalog.product", "pk": 18, "fields": {"is_deleted": false, "deleted_at": null, "created_at": "2024-02-08T12:30:36.068Z", "modified_at": "2024-02-08T12:30:36.068Z", "structure": "child", "parent": 13, "order": 0, "title_ir": null, "title_en": null, "slug": null, "short_slug": null, "upc": null, "description": null, "is_public": true, "meta_title": null, "meta_description": "", "product_class": null, "brand": null, "categories": []}}, {"model": "catalog.product", "pk": 19, "fields": {"is_deleted": false, "deleted_at": null, "created_at": "2024-02-08T12:31:12.036Z", "modified_at": "2024-02-08T12:31:12.036Z", "structure": "child", "parent": 13, "order": 0, "title_ir": null, "title_en": null, "slug": null, "short_slug": null, "upc": null, "description": null, "is_public": true, "meta_title": null, "meta_description": "", "product_class": null, "brand": null, "categories": []}}, {"model": "catalog.product", "pk": 21, "fields": {"is_deleted": false, "deleted_at": null, "created_at": "2024-02-08T13:31:51.293Z", "modified_at": "2024-02-08T13:31:51.293Z", "structure": "child", "parent": 15, "order": 0, "title_ir": null, "title_en": null, "slug": null, "short_slug": null, "upc": null, "description": null, "is_public": true, "meta_title": null, "meta_description": "", "product_class": null, "brand": null, "categories": []}}, {"model": "catalog.product", "pk": 22, "fields": {"is_deleted": false, "deleted_at": null, "created_at": "2024-02-08T19:58:05.273Z", "modified_at": "2024-02-25T16:55:40.843Z", "structure": "standalone", "parent": null, "order": 0, "title_ir": "محصول تک", "title_en": "stand alone", "slug": "stand-alone", "short_slug": 31284, "upc": "STAND-ALONE-1000", "description": "", "is_public": true, "meta_title": null, "meta_description": "", "product_class": 1, "brand": 11, "categories": [1, 7]}}, {"model": "catalog.product", "pk": 23, "fields": {"is_deleted": false, "deleted_at": null, "created_at": "2024-02-09T14:18:34.858Z", "modified_at": "2024-02-28T15:53:33.709Z", "structure": "parent", "parent": null, "order": 0, "title_ir": "تست مولتی چویس", "title_en": "Test Multi Option", "slug": "test-multi-option", "short_slug": 53558, "upc": "MULTIOPTIONTEST", "description": "# کفش مولتی چویس\r\n\r\n\r\n\r\n\r\n### ویژگی های محصول\r\n\r\n - نرم\r\n - راحت\r\n - ارزان\r\n\r\n![Image](http://127.0.0.1:8000/media/images/2024/01/31/fkvJC2AdDo3Rlx3AnJJOqakNZIdpxS.webp)", "is_public": true, "meta_title": null, "meta_description": "", "product_class": 1, "brand": 11, "categories": [1, 7]}}, {"model": "catalog.product", "pk": 24, "fields": {"is_deleted": false, "deleted_at": null, "created_at": "2024-02-09T14:19:21.312Z", "modified_at": "2024-02-09T14:46:58.893Z", "structure": "child", "parent": 23, "order": 0, "title_ir": null, "title_en": null, "slug": null, "short_slug": null, "upc": null, "description": null, "is_public": true, "meta_title": null, "meta_description": "", "product_class": null, "brand": null, "categories": []}}, {"model": "catalog.product", "pk": 25, "fields": {"is_deleted": false, "deleted_at": null, "created_at": "2024-02-09T14:19:55.286Z", "modified_at": "2024-02-23T11:43:44.655Z", "structure": "child", "parent": 23, "order": 0, "title_ir": null, "title_en": null, "slug": null, "short_slug": null, "upc": null, "description": "# کفش مولتی چویس\r\n\r\n\r\n\r\n\r\n### ویژگی های محصول\r\n\r\n - نرم\r\n - راحت\r\n - ارزان\r\n>\r\n\r\n------------\r\n\r\n\r\n\r\n![image](http://127.0.0.1:8000/media/images/2024/01/31/fkvJC2AdDo3Rlx3AnJJOqakNZIdpxS.webp)", "is_public": true, "meta_title": null, "meta_description": "", "product_class": null, "brand": null, "categories": []}}, {"model": "catalog.product", "pk": 26, "fields": {"is_deleted": false, "deleted_at": null, "created_at": "2024-02-09T14:20:30.422Z", "modified_at": "2024-02-23T11:45:35.442Z", "structure": "child", "parent": 23, "order": 0, "title_ir": null, "title_en": null, "slug": null, "short_slug": null, "upc": null, "description": "# کفش مولتی چویس\r\n\r\n\r\n\r\n\r\n### ویژگی های محصول\r\n\r\n - نرم\r\n - راحت\r\n - ارزان\r\n![image](http://127.0.0.1:8000/media/images/2024/01/31/fkvJC2AdDo3Rlx3AnJJOqakNZIdpxS.webp)", "is_public": true, "meta_title": null, "meta_description": "", "product_class": null, "brand": null, "categories": []}}, {"model": "catalog.product", "pk": 27, "fields": {"is_deleted": false, "deleted_at": null, "created_at": "2024-03-04T09:09:07.146Z", "modified_at": "2024-03-04T13:40:59.082Z", "structure": "standalone", "parent": null, "order": 0, "title_ir": "کلاس جدا", "title_en": "new class", "slug": "new-class", "short_slug": 82777, "upc": null, "description": "", "is_public": true, "meta_title": null, "meta_description": "", "product_class": 2, "brand": 11, "categories": [1, 4]}}, {"model": "catalog.productattributevalue", "pk": 1, "fields": {"product": 2, "attribute": 1, "value_text": "", "value_integer": null, "value_float": null, "value_option": 5, "value_multi_option": []}}, {"model": "catalog.productattributevalue", "pk": 2, "fields": {"product": 3, "attribute": 1, "value_text": "", "value_integer": null, "value_float": null, "value_option": 4, "value_multi_option": []}}, {"model": "catalog.productattributevalue", "pk": 3, "fields": {"product": 5, "attribute": 1, "value_text": "", "value_integer": null, "value_float": null, "value_option": 5, "value_multi_option": []}}, {"model": "catalog.productattributevalue", "pk": 4, "fields": {"product": 6, "attribute": 1, "value_text": "", "value_integer": null, "value_float": null, "value_option": 1, "value_multi_option": []}}, {"model": "catalog.productattributevalue", "pk": 5, "fields": {"product": 7, "attribute": 1, "value_text": "", "value_integer": null, "value_float": null, "value_option": 1, "value_multi_option": []}}, {"model": "catalog.productattributevalue", "pk": 6, "fields": {"product": 8, "attribute": 1, "value_text": "", "value_integer": null, "value_float": null, "value_option": 2, "value_multi_option": []}}, {"model": "catalog.productattributevalue", "pk": 7, "fields": {"product": 10, "attribute": 1, "value_text": "", "value_integer": null, "value_float": null, "value_option": 5, "value_multi_option": []}}, {"model": "catalog.productattributevalue", "pk": 8, "fields": {"product": 12, "attribute": 1, "value_text": "", "value_integer": null, "value_float": null, "value_option": 4, "value_multi_option": []}}, {"model": "catalog.productattributevalue", "pk": 9, "fields": {"product": 14, "attribute": 1, "value_text": "", "value_integer": null, "value_float": null, "value_option": 2, "value_multi_option": []}}, {"model": "catalog.productattributevalue", "pk": 10, "fields": {"product": 16, "attribute": 2, "value_text": "", "value_integer": null, "value_float": null, "value_option": 9, "value_multi_option": []}}, {"model": "catalog.productattributevalue", "pk": 11, "fields": {"product": 17, "attribute": 1, "value_text": "", "value_integer": null, "value_float": null, "value_option": 1, "value_multi_option": []}}, {"model": "catalog.productattributevalue", "pk": 12, "fields": {"product": 18, "attribute": 1, "value_text": "", "value_integer": null, "value_float": null, "value_option": 2, "value_multi_option": []}}, {"model": "catalog.productattributevalue", "pk": 13, "fields": {"product": 19, "attribute": 1, "value_text": "", "value_integer": null, "value_float": null, "value_option": 3, "value_multi_option": []}}, {"model": "catalog.productattributevalue", "pk": 15, "fields": {"product": 21, "attribute": 2, "value_text": "", "value_integer": null, "value_float": null, "value_option": 7, "value_multi_option": []}}, {"model": "catalog.productattributevalue", "pk": 16, "fields": {"product": 24, "attribute": 3, "value_text": "", "value_integer": null, "value_float": null, "value_option": null, "value_multi_option": [1, 8]}}, {"model": "catalog.productattributevalue", "pk": 17, "fields": {"product": 25, "attribute": 3, "value_text": "", "value_integer": null, "value_float": null, "value_option": null, "value_multi_option": [1, 7]}}, {"model": "catalog.productattributevalue", "pk": 18, "fields": {"product": 26, "attribute": 3, "value_text": "", "value_integer": null, "value_float": null, "value_option": null, "value_multi_option": [2, 6]}}, {"model": "catalog.productrecommendation", "pk": 1, "fields": {"primary": 23, "recommendation": 9, "rank": 0}}, {"model": "catalog.productrecommendation", "pk": 3, "fields": {"primary": 23, "recommendation": 11, "rank": 2}}, {"model": "catalog.productrecommendation", "pk": 4, "fields": {"primary": 23, "recommendation": 4, "rank": 3}}, {"model": "catalog.productrecommendation", "pk": 5, "fields": {"primary": 23, "recommendation": 15, "rank": 4}}, {"model": "catalog.productrecommendation", "pk": 6, "fields": {"primary": 23, "recommendation": 13, "rank": 5}}, {"model": "catalog.productimage", "pk": 1, "fields": {"product": 1, "image": 6, "order": 0}}, {"model": "catalog.productimage", "pk": 2, "fields": {"product": 4, "image": 6, "order": 0}}, {"model": "catalog.productimage", "pk": 3, "fields": {"product": 9, "image": 7, "order": 0}}, {"model": "catalog.productimage", "pk": 4, "fields": {"product": 11, "image": 7, "order": 0}}, {"model": "catalog.productimage", "pk": 5, "fields": {"product": 13, "image": 8, "order": 0}}, {"model": "catalog.productimage", "pk": 6, "fields": {"product": 15, "image": 9, "order": 0}}, {"model": "catalog.productimage", "pk": 7, "fields": {"product": 13, "image": 8, "order": 0}}, {"model": "catalog.productimage", "pk": 8, "fields": {"product": 13, "image": 8, "order": 0}}, {"model": "catalog.productimage", "pk": 9, "fields": {"product": 13, "image": 8, "order": 0}}, {"model": "catalog.productimage", "pk": 10, "fields": {"product": 13, "image": 9, "order": 0}}, {"model": "catalog.productimage", "pk": 11, "fields": {"product": 13, "image": 6, "order": 0}}, {"model": "catalog.productimage", "pk": 12, "fields": {"product": 13, "image": 8, "order": 0}}, {"model": "catalog.productimage", "pk": 13, "fields": {"product": 17, "image": 6, "order": 0}}, {"model": "catalog.productimage", "pk": 14, "fields": {"product": 17, "image": 9, "order": 0}}, {"model": "catalog.productimage", "pk": 15, "fields": {"product": 22, "image": 7, "order": 0}}, {"model": "catalog.productimage", "pk": 16, "fields": {"product": 23, "image": 9, "order": 0}}, {"model": "catalog.productimage", "pk": 17, "fields": {"product": 27, "image": 9, "order": 0}}, {"model": "catalog.productproperty", "pk": 1, "fields": {"name": "جنس"}}, {"model": "catalog.productproperty", "pk": 2, "fields": {"name": "جنس زیره"}}, {"model": "catalog.productproperty", "pk": 3, "fields": {"name": "نحوه بسته شدن کفش"}}, {"model": "catalog.productpropertyvalue", "pk": 1, "fields": {"product": 15, "property": 1, "value": "پارچه"}}, {"model": "catalog.productpropertyvalue", "pk": 2, "fields": {"product": 15, "property": 2, "value": "تیتانیوم"}}, {"model": "catalog.productpropertyvalue", "pk": 3, "fields": {"product": 15, "property": 3, "value": "بند"}}, {"model": "catalog.productpropertyvalue", "pk": 4, "fields": {"product": 13, "property": 1, "value": "پارچه"}}, {"model": "catalog.productpropertyvalue", "pk": 5, "fields": {"product": 13, "property": 2, "value": "تیتانیوم"}}, {"model": "catalog.productpropertyvalue", "pk": 6, "fields": {"product": 13, "property": 3, "value": "بند"}}, {"model": "catalog.productpropertyvalue", "pk": 7, "fields": {"product": 22, "property": 1, "value": "آهن"}}, {"model": "catalog.productpropertyvalue", "pk": 8, "fields": {"product": 23, "property": 1, "value": "پیاز"}}, {"model": "catalog.productpropertyvalue", "pk": 9, "fields": {"product": 23, "property": 2, "value": "سیب زمینی"}}, {"model": "catalog.productcomment", "pk": 1, "fields": {"is_deleted": false, "deleted_at": null, "created_at": "2024-03-03T18:08:24.199Z", "modified_at": "2024-03-03T18:08:53.111Z", "product": 23, "user": 1, "title": "راحت", "comment": "با این قیمت فوق العادس", "suggestion": "پیشنهاد میکنم", "accept_by_admin": true}}, {"model": "catalog.productcomment", "pk": 2, "fields": {"is_deleted": false, "deleted_at": null, "created_at": "2024-03-03T18:10:57.645Z", "modified_at": "2024-03-03T18:10:57.645Z", "product": 9, "user": 1, "title": "wafwaf", "comment": "wafwfawa", "suggestion": "پیشنهاد میکنم", "accept_by_admin": true}}, {"model": "catalog.productcomment", "pk": 3, "fields": {"is_deleted": false, "deleted_at": null, "created_at": "2024-03-03T18:11:26.443Z", "modified_at": "2024-03-03T21:03:19.704Z", "product": 11, "user": 1, "title": "new balance", "comment": "awfafwaf", "suggestion": "پیشنهاد میکنم", "accept_by_admin": true}}, {"model": "catalog.productcomment", "pk": 4, "fields": {"is_deleted": false, "deleted_at": null, "created_at": "2024-03-03T21:01:28.286Z", "modified_at": "2024-03-03T21:01:49.777Z", "product": 23, "user": 1, "title": "صشصش", "comment": "صش", "suggestion": "پیشنهاد میکنم", "accept_by_admin": true}}, {"model": "inventory.stockrecord", "pk": 1, "fields": {"product": 5, "sku": null, "buy_price": 1500000, "sale_price": 1900000, "special_sale_price": 1800000, "special_sale_price_start_at": "2024-01-31T10:55:47Z", "special_sale_price_end_at": "2024-02-02T10:56:02Z", "num_stock": 220, "in_order_limit": null, "threshold_low_stack": null}}, {"model": "inventory.stockrecord", "pk": 2, "fields": {"product": 2, "sku": null, "buy_price": 500000, "sale_price": 900000, "special_sale_price": null, "special_sale_price_start_at": null, "special_sale_price_end_at": null, "num_stock": 18, "in_order_limit": null, "threshold_low_stack": null}}, {"model": "inventory.stockrecord", "pk": 3, "fields": {"product": 3, "sku": null, "buy_price": 500000, "sale_price": 700000, "special_sale_price": 610000, "special_sale_price_start_at": "2024-01-31T09:53:22Z", "special_sale_price_end_at": "2024-01-31T13:52:50Z", "num_stock": 19, "in_order_limit": null, "threshold_low_stack": null}}, {"model": "inventory.stockrecord", "pk": 4, "fields": {"product": 4, "sku": null, "buy_price": null, "sale_price": 1000, "special_sale_price": 1800000, "special_sale_price_start_at": "2024-01-31T10:55:47Z", "special_sale_price_end_at": "2024-02-02T10:56:02Z", "num_stock": 10, "in_order_limit": null, "threshold_low_stack": null}}, {"model": "inventory.stockrecord", "pk": 6, "fields": {"product": 6, "sku": null, "buy_price": 500, "sale_price": 1000, "special_sale_price": null, "special_sale_price_start_at": null, "special_sale_price_end_at": null, "num_stock": 10, "in_order_limit": null, "threshold_low_stack": null}}, {"model": "inventory.stockrecord", "pk": 7, "fields": {"product": 1, "sku": null, "buy_price": null, "sale_price": 700000, "special_sale_price": 610000, "special_sale_price_start_at": null, "special_sale_price_end_at": null, "num_stock": 19, "in_order_limit": null, "threshold_low_stack": null}}, {"model": "inventory.stockrecord", "pk": 8, "fields": {"product": 7, "sku": null, "buy_price": 2121, "sale_price": 212, "special_sale_price": 12121, "special_sale_price_start_at": null, "special_sale_price_end_at": null, "num_stock": 10, "in_order_limit": null, "threshold_low_stack": null}}, {"model": "inventory.stockrecord", "pk": 9, "fields": {"product": 8, "sku": null, "buy_price": 2121, "sale_price": 212, "special_sale_price": 1212121, "special_sale_price_start_at": null, "special_sale_price_end_at": null, "num_stock": 20, "in_order_limit": null, "threshold_low_stack": null}}, {"model": "inventory.stockrecord", "pk": 10, "fields": {"product": 10, "sku": null, "buy_price": 120000, "sale_price": 150000, "special_sale_price": 130000, "special_sale_price_start_at": null, "special_sale_price_end_at": null, "num_stock": 20, "in_order_limit": null, "threshold_low_stack": null}}, {"model": "inventory.stockrecord", "pk": 11, "fields": {"product": 9, "sku": null, "buy_price": null, "sale_price": 150000, "special_sale_price": 130000, "special_sale_price_start_at": null, "special_sale_price_end_at": null, "num_stock": 20, "in_order_limit": null, "threshold_low_stack": null}}, {"model": "inventory.stockrecord", "pk": 12, "fields": {"product": 12, "sku": null, "buy_price": 9000000, "sale_price": 10000000, "special_sale_price": null, "special_sale_price_start_at": null, "special_sale_price_end_at": null, "num_stock": 16, "in_order_limit": null, "threshold_low_stack": null}}, {"model": "inventory.stockrecord", "pk": 13, "fields": {"product": 11, "sku": null, "buy_price": null, "sale_price": 10000000, "special_sale_price": null, "special_sale_price_start_at": null, "special_sale_price_end_at": null, "num_stock": 16, "in_order_limit": null, "threshold_low_stack": null}}, {"model": "inventory.stockrecord", "pk": 14, "fields": {"product": 14, "sku": null, "buy_price": 55000000, "sale_price": 65000000, "special_sale_price": 63000000, "special_sale_price_start_at": "2024-02-09T10:20:53Z", "special_sale_price_end_at": "2024-02-11T10:20:55Z", "num_stock": 7, "in_order_limit": null, "threshold_low_stack": null}}, {"model": "inventory.stockrecord", "pk": 15, "fields": {"product": 13, "sku": null, "buy_price": null, "sale_price": 500000, "special_sale_price": 400000, "special_sale_price_start_at": null, "special_sale_price_end_at": null, "num_stock": 5, "in_order_limit": null, "threshold_low_stack": null}}, {"model": "inventory.stockrecord", "pk": 16, "fields": {"product": 16, "sku": "TKU-20000", "buy_price": 4200000, "sale_price": 5000000, "special_sale_price": 4500000, "special_sale_price_start_at": null, "special_sale_price_end_at": null, "num_stock": 10, "in_order_limit": null, "threshold_low_stack": null}}, {"model": "inventory.stockrecord", "pk": 17, "fields": {"product": 15, "sku": null, "buy_price": null, "sale_price": 4000000, "special_sale_price": null, "special_sale_price_start_at": null, "special_sale_price_end_at": null, "num_stock": 4, "in_order_limit": null, "threshold_low_stack": null}}, {"model": "inventory.stockrecord", "pk": 18, "fields": {"product": 17, "sku": "TKU-10002", "buy_price": 1000000, "sale_price": 2000000, "special_sale_price": null, "special_sale_price_start_at": null, "special_sale_price_end_at": null, "num_stock": 5, "in_order_limit": null, "threshold_low_stack": null}}, {"model": "inventory.stockrecord", "pk": 19, "fields": {"product": 18, "sku": "TKU-1000", "buy_price": 200000, "sale_price": 500000, "special_sale_price": 400000, "special_sale_price_start_at": "2024-02-09T10:31:17Z", "special_sale_price_end_at": "2024-02-15T10:31:22Z", "num_stock": 5, "in_order_limit": null, "threshold_low_stack": null}}, {"model": "inventory.stockrecord", "pk": 20, "fields": {"product": 19, "sku": "TKU-1003", "buy_price": 5000000, "sale_price": 10000000, "special_sale_price": 8000000, "special_sale_price_start_at": "2024-02-09T10:31:11Z", "special_sale_price_end_at": "2024-02-10T10:31:12Z", "num_stock": 4, "in_order_limit": null, "threshold_low_stack": null}}, {"model": "inventory.stockrecord", "pk": 22, "fields": {"product": 21, "sku": "TKU-20003", "buy_price": 3000000, "sale_price": 4000000, "special_sale_price": null, "special_sale_price_start_at": null, "special_sale_price_end_at": null, "num_stock": 4, "in_order_limit": null, "threshold_low_stack": null}}, {"model": "inventory.stockrecord", "pk": 23, "fields": {"product": 22, "sku": "TKU-standalone-1000", "buy_price": 9000000, "sale_price": 10000000, "special_sale_price": 9500000, "special_sale_price_start_at": "2024-02-08T19:55:24Z", "special_sale_price_end_at": "2024-02-10T19:55:25Z", "num_stock": 0, "in_order_limit": null, "threshold_low_stack": null}}, {"model": "inventory.stockrecord", "pk": 24, "fields": {"product": 24, "sku": "TKU-1234", "buy_price": 1000000, "sale_price": 4000000, "special_sale_price": 3500000, "special_sale_price_start_at": null, "special_sale_price_end_at": null, "num_stock": 20, "in_order_limit": null, "threshold_low_stack": null}}, {"model": "inventory.stockrecord", "pk": 25, "fields": {"product": 23, "sku": null, "buy_price": null, "sale_price": 1000000, "special_sale_price": 700000, "special_sale_price_start_at": null, "special_sale_price_end_at": null, "num_stock": 19, "in_order_limit": null, "threshold_low_stack": null}}, {"model": "inventory.stockrecord", "pk": 26, "fields": {"product": 25, "sku": "TKU-1445", "buy_price": 3000000, "sale_price": 4000000, "special_sale_price": 3200000, "special_sale_price_start_at": null, "special_sale_price_end_at": null, "num_stock": 21, "in_order_limit": null, "threshold_low_stack": null}}, {"model": "inventory.stockrecord", "pk": 27, "fields": {"product": 26, "sku": "TKU-21212121", "buy_price": 600000, "sale_price": 1000000, "special_sale_price": 700000, "special_sale_price_start_at": null, "special_sale_price_end_at": null, "num_stock": 19, "in_order_limit": 2, "threshold_low_stack": null}}, {"model": "inventory.stockrecord", "pk": 28, "fields": {"product": 27, "sku": "TKU-121212121", "buy_price": 1000000, "sale_price": 5000000, "special_sale_price": 3100000, "special_sale_price_start_at": null, "special_sale_price_end_at": "2024-03-05T09:08:57Z", "num_stock": 10, "in_order_limit": 2, "threshold_low_stack": null}}, {"model": "order.order", "pk": 6, "fields": {"is_deleted": false, "deleted_at": null, "created_at": "2024-02-12T17:03:19.005Z", "modified_at": "2024-02-16T20:17:41.467Z", "user": 1, "slug": "27226", "payment_status": "در انتظار پرداخت", "lock": false, "repayment_expire_at": "2024-02-16T21:17:41.461Z", "delivery_status": null, "delivery_canceled_reason": null, "shipping_rate": 6, "address": 1, "coupon": null, "tracking_code": null, "delivery_status_modified_at": null, "ordered_at": null, "shipped_at": null, "delivered_at": null, "final_paid_price": 0, "final_profit_price": 0, "final_total_items_final_price": 0, "final_total_items_before_discount_price": 0, "final_coupon_effect_price": 0, "final_shipping_effect_price": 23000}}, {"model": "order.order", "pk": 9, "fields": {"is_deleted": false, "deleted_at": null, "created_at": "2024-02-17T16:59:50.620Z", "modified_at": "2024-02-17T17:19:12.301Z", "user": 1, "slug": "77518", "payment_status": "در انتظار پرداخت", "lock": false, "repayment_expire_at": "2024-02-17T18:19:12.296Z", "delivery_status": null, "delivery_canceled_reason": null, "shipping_rate": 6, "address": 2, "coupon": null, "tracking_code": null, "delivery_status_modified_at": null, "ordered_at": null, "shipped_at": null, "delivered_at": null, "final_paid_price": 0, "final_profit_price": 0, "final_total_items_final_price": 0, "final_total_items_before_discount_price": 0, "final_coupon_effect_price": 0, "final_shipping_effect_price": 23000}}, {"model": "order.order", "pk": 37, "fields": {"is_deleted": false, "deleted_at": null, "created_at": "2024-02-17T17:54:05.312Z", "modified_at": "2024-02-17T18:43:58.852Z", "user": 1, "slug": "93807", "payment_status": "در انتظار پرداخت", "lock": false, "repayment_expire_at": "2024-02-17T19:37:26Z", "delivery_status": null, "delivery_canceled_reason": null, "shipping_rate": 6, "address": 3, "coupon": null, "tracking_code": null, "delivery_status_modified_at": null, "ordered_at": null, "shipped_at": null, "delivered_at": null, "final_paid_price": 0, "final_profit_price": 0, "final_total_items_final_price": 0, "final_total_items_before_discount_price": 0, "final_coupon_effect_price": 0, "final_shipping_effect_price": 23000}}, {"model": "order.order", "pk": 38, "fields": {"is_deleted": false, "deleted_at": null, "created_at": "2024-02-17T18:20:01.977Z", "modified_at": "2024-02-17T18:44:50.321Z", "user": 1, "slug": "45387", "payment_status": "در انتظار پرداخت", "lock": false, "repayment_expire_at": null, "delivery_status": null, "delivery_canceled_reason": null, "shipping_rate": 6, "address": 4, "coupon": null, "tracking_code": null, "delivery_status_modified_at": null, "ordered_at": null, "shipped_at": null, "delivered_at": null, "final_paid_price": 0, "final_profit_price": 0, "final_total_items_final_price": 0, "final_total_items_before_discount_price": 0, "final_coupon_effect_price": 0, "final_shipping_effect_price": 23000}}, {"model": "order.order", "pk": 39, "fields": {"is_deleted": false, "deleted_at": null, "created_at": "2024-02-17T18:44:58.801Z", "modified_at": "2024-02-17T18:45:40.311Z", "user": 1, "slug": "71352", "payment_status": "پرداخت شده", "lock": false, "repayment_expire_at": null, "delivery_status": "در انتظار تایید", "delivery_canceled_reason": null, "shipping_rate": 6, "address": 5, "coupon": null, "tracking_code": null, "delivery_status_modified_at": "2024-02-17T18:45:40.311Z", "ordered_at": "2024-02-17T18:45:40.170Z", "shipped_at": null, "delivered_at": null, "final_paid_price": 0, "final_profit_price": 0, "final_total_items_final_price": 0, "final_total_items_before_discount_price": 0, "final_coupon_effect_price": 0, "final_shipping_effect_price": 23000}}, {"model": "order.order", "pk": 40, "fields": {"is_deleted": false, "deleted_at": null, "created_at": "2024-02-17T18:45:45.788Z", "modified_at": "2024-02-23T19:30:19.941Z", "user": 1, "slug": "14493", "payment_status": "در انتظار پرداخت", "lock": false, "repayment_expire_at": null, "delivery_status": null, "delivery_canceled_reason": null, "shipping_rate": 6, "address": 6, "coupon": null, "tracking_code": null, "delivery_status_modified_at": null, "ordered_at": null, "shipped_at": null, "delivered_at": null, "final_paid_price": 0, "final_profit_price": 0, "final_total_items_final_price": 0, "final_total_items_before_discount_price": 0, "final_coupon_effect_price": 0, "final_shipping_effect_price": 23000}}, {"model": "order.order", "pk": 41, "fields": {"is_deleted": false, "deleted_at": null, "created_at": "2024-02-23T19:30:32.364Z", "modified_at": "2024-02-27T10:58:55.691Z", "user": 1, "slug": "78348", "payment_status": "در انتظار پرداخت", "lock": false, "repayment_expire_at": null, "delivery_status": null, "delivery_canceled_reason": null, "shipping_rate": 6, "address": 7, "coupon": null, "tracking_code": null, "delivery_status_modified_at": null, "ordered_at": null, "shipped_at": null, "delivered_at": null, "final_paid_price": 0, "final_profit_price": 0, "final_total_items_final_price": 0, "final_total_items_before_discount_price": 0, "final_coupon_effect_price": 0, "final_shipping_effect_price": 23000}}, {"model": "order.order", "pk": 42, "fields": {"is_deleted": false, "deleted_at": null, "created_at": "2024-02-27T10:59:09.378Z", "modified_at": "2024-02-27T20:39:48.328Z", "user": 1, "slug": "31788", "payment_status": "در انتظار پرداخت", "lock": false, "repayment_expire_at": "2024-02-27T21:37:27.448Z", "delivery_status": null, "delivery_canceled_reason": null, "shipping_rate": 6, "address": 8, "coupon": null, "tracking_code": null, "delivery_status_modified_at": null, "ordered_at": null, "shipped_at": null, "delivered_at": null, "final_paid_price": 0, "final_profit_price": 0, "final_total_items_final_price": 0, "final_total_items_before_discount_price": 0, "final_coupon_effect_price": 0, "final_shipping_effect_price": 23000}}, {"model": "order.order", "pk": 43, "fields": {"is_deleted": false, "deleted_at": null, "created_at": "2024-02-27T20:35:57.043Z", "modified_at": "2024-02-28T06:23:20.553Z", "user": 1, "slug": "90721", "payment_status": "در انتظار پرداخت", "lock": false, "repayment_expire_at": "2024-02-28T07:23:20.553Z", "delivery_status": null, "delivery_canceled_reason": null, "shipping_rate": 6, "address": 9, "coupon": null, "tracking_code": null, "delivery_status_modified_at": null, "ordered_at": null, "shipped_at": null, "delivered_at": null, "final_paid_price": 0, "final_profit_price": 0, "final_total_items_final_price": 0, "final_total_items_before_discount_price": 0, "final_coupon_effect_price": 0, "final_shipping_effect_price": 23000}}, {"model": "order.order", "pk": 44, "fields": {"is_deleted": false, "deleted_at": null, "created_at": "2024-02-28T06:23:24.231Z", "modified_at": "2024-02-28T07:53:05.260Z", "user": 1, "slug": "68976", "payment_status": "در انتظار پرداخت", "lock": false, "repayment_expire_at": "2024-02-28T08:53:05.260Z", "delivery_status": null, "delivery_canceled_reason": null, "shipping_rate": 12, "address": 10, "coupon": null, "tracking_code": null, "delivery_status_modified_at": null, "ordered_at": null, "shipped_at": null, "delivered_at": null, "final_paid_price": 0, "final_profit_price": 0, "final_total_items_final_price": 0, "final_total_items_before_discount_price": 0, "final_coupon_effect_price": 0, "final_shipping_effect_price": 0}}, {"model": "order.order", "pk": 45, "fields": {"is_deleted": false, "deleted_at": null, "created_at": "2024-02-28T07:53:09.155Z", "modified_at": "2024-02-28T07:59:11.501Z", "user": 1, "slug": "63281", "payment_status": "در انتظار پرداخت", "lock": false, "repayment_expire_at": "2024-02-28T08:59:11.501Z", "delivery_status": null, "delivery_canceled_reason": null, "shipping_rate": 12, "address": 11, "coupon": null, "tracking_code": null, "delivery_status_modified_at": null, "ordered_at": null, "shipped_at": null, "delivered_at": null, "final_paid_price": 0, "final_profit_price": 0, "final_total_items_final_price": 0, "final_total_items_before_discount_price": 0, "final_coupon_effect_price": 0, "final_shipping_effect_price": 0}}, {"model": "order.order", "pk": 46, "fields": {"is_deleted": false, "deleted_at": null, "created_at": "2024-02-28T07:59:16.887Z", "modified_at": "2024-02-28T08:00:37.452Z", "user": 1, "slug": "16350", "payment_status": "در انتظار پرداخت", "lock": false, "repayment_expire_at": "2024-02-28T09:00:37.451Z", "delivery_status": null, "delivery_canceled_reason": null, "shipping_rate": 12, "address": 12, "coupon": null, "tracking_code": null, "delivery_status_modified_at": null, "ordered_at": null, "shipped_at": null, "delivered_at": null, "final_paid_price": 0, "final_profit_price": 0, "final_total_items_final_price": 0, "final_total_items_before_discount_price": 0, "final_coupon_effect_price": 0, "final_shipping_effect_price": 0}}, {"model": "order.order", "pk": 47, "fields": {"is_deleted": false, "deleted_at": null, "created_at": "2024-02-28T08:00:42.489Z", "modified_at": "2024-02-28T08:10:05.903Z", "user": 1, "slug": "61918", "payment_status": "پرداخت شده", "lock": false, "repayment_expire_at": null, "delivery_status": "در انتظار تایید", "delivery_canceled_reason": null, "shipping_rate": 12, "address": 13, "coupon": null, "tracking_code": null, "delivery_status_modified_at": "2024-02-28T08:10:05.903Z", "ordered_at": "2024-02-28T08:10:05.725Z", "shipped_at": null, "delivered_at": null, "final_paid_price": 0, "final_profit_price": 0, "final_total_items_final_price": 0, "final_total_items_before_discount_price": 0, "final_coupon_effect_price": 1600000, "final_shipping_effect_price": 0}}, {"model": "order.order", "pk": 48, "fields": {"is_deleted": false, "deleted_at": null, "created_at": "2024-02-28T08:11:07.425Z", "modified_at": "2024-02-28T08:11:19.515Z", "user": 1, "slug": "98862", "payment_status": "پرداخت شده", "lock": false, "repayment_expire_at": null, "delivery_status": "در انتظار تایید", "delivery_canceled_reason": null, "shipping_rate": 12, "address": 14, "coupon": null, "tracking_code": null, "delivery_status_modified_at": "2024-02-28T08:11:19.515Z", "ordered_at": "2024-02-28T08:11:19.416Z", "shipped_at": null, "delivered_at": null, "final_paid_price": 0, "final_profit_price": 0, "final_total_items_final_price": 0, "final_total_items_before_discount_price": 0, "final_coupon_effect_price": 10000000, "final_shipping_effect_price": 0}}, {"model": "order.order", "pk": 49, "fields": {"is_deleted": false, "deleted_at": null, "created_at": "2024-02-28T08:12:36.192Z", "modified_at": "2024-02-28T08:13:13.103Z", "user": 1, "slug": "72408", "payment_status": "پرداخت شده", "lock": false, "repayment_expire_at": null, "delivery_status": "در انتظار تایید", "delivery_canceled_reason": null, "shipping_rate": 12, "address": 15, "coupon": null, "tracking_code": null, "delivery_status_modified_at": "2024-02-28T08:13:13.102Z", "ordered_at": "2024-02-28T08:13:12.963Z", "shipped_at": null, "delivered_at": null, "final_paid_price": 0, "final_profit_price": 0, "final_total_items_final_price": 0, "final_total_items_before_discount_price": 0, "final_coupon_effect_price": 900000, "final_shipping_effect_price": 0}}, {"model": "order.order", "pk": 50, "fields": {"is_deleted": false, "deleted_at": null, "created_at": "2024-02-28T08:13:59.814Z", "modified_at": "2024-02-28T08:14:45.556Z", "user": 1, "slug": "61601", "payment_status": "پرداخت شده", "lock": false, "repayment_expire_at": null, "delivery_status": "در انتظار تایید", "delivery_canceled_reason": null, "shipping_rate": 12, "address": 16, "coupon": null, "tracking_code": null, "delivery_status_modified_at": "2024-02-28T08:14:45.556Z", "ordered_at": "2024-02-28T08:14:45.485Z", "shipped_at": null, "delivered_at": null, "final_paid_price": 0, "final_profit_price": 0, "final_total_items_final_price": 0, "final_total_items_before_discount_price": 0, "final_coupon_effect_price": 10000000, "final_shipping_effect_price": 0}}, {"model": "order.order", "pk": 51, "fields": {"is_deleted": false, "deleted_at": null, "created_at": "2024-02-28T08:15:01.681Z", "modified_at": "2024-02-28T08:15:23.194Z", "user": 1, "slug": "75444", "payment_status": "پرداخت شده", "lock": false, "repayment_expire_at": null, "delivery_status": "در انتظار تایید", "delivery_canceled_reason": null, "shipping_rate": 12, "address": 17, "coupon": null, "tracking_code": null, "delivery_status_modified_at": "2024-02-28T08:15:23.193Z", "ordered_at": "2024-02-28T08:15:23.121Z", "shipped_at": null, "delivered_at": null, "final_paid_price": 0, "final_profit_price": 0, "final_total_items_final_price": 0, "final_total_items_before_discount_price": 0, "final_coupon_effect_price": 10000000, "final_shipping_effect_price": 0}}, {"model": "order.order", "pk": 52, "fields": {"is_deleted": false, "deleted_at": null, "created_at": "2024-02-28T08:17:47.565Z", "modified_at": "2024-02-28T08:18:43.454Z", "user": 1, "slug": "83271", "payment_status": "در انتظار پرداخت", "lock": false, "repayment_expire_at": "2024-02-28T09:18:43.454Z", "delivery_status": null, "delivery_canceled_reason": null, "shipping_rate": 12, "address": 18, "coupon": null, "tracking_code": null, "delivery_status_modified_at": null, "ordered_at": null, "shipped_at": null, "delivered_at": null, "final_paid_price": 0, "final_profit_price": 0, "final_total_items_final_price": 0, "final_total_items_before_discount_price": 0, "final_coupon_effect_price": 0, "final_shipping_effect_price": 0}}, {"model": "order.order", "pk": 53, "fields": {"is_deleted": false, "deleted_at": null, "created_at": "2024-02-28T08:18:47.900Z", "modified_at": "2024-02-28T09:15:37.734Z", "user": 1, "slug": "18047", "payment_status": "پرداخت شده", "lock": false, "repayment_expire_at": null, "delivery_status": "درحال پردازش", "delivery_canceled_reason": null, "shipping_rate": 12, "address": 19, "coupon": null, "tracking_code": null, "delivery_status_modified_at": "2024-02-28T09:15:37.733Z", "ordered_at": "2024-02-28T08:18:59Z", "shipped_at": null, "delivered_at": null, "final_paid_price": 0, "final_profit_price": 0, "final_total_items_final_price": 0, "final_total_items_before_discount_price": 0, "final_coupon_effect_price": 10000000, "final_shipping_effect_price": 0}}, {"model": "order.order", "pk": 54, "fields": {"is_deleted": false, "deleted_at": null, "created_at": "2024-02-28T08:19:09.012Z", "modified_at": "2024-02-28T09:24:51.011Z", "user": 1, "slug": "87518", "payment_status": "در انتظار پرداخت", "lock": false, "repayment_expire_at": "2024-02-28T10:24:51.010Z", "delivery_status": null, "delivery_canceled_reason": null, "shipping_rate": 12, "address": 20, "coupon": null, "tracking_code": null, "delivery_status_modified_at": null, "ordered_at": null, "shipped_at": null, "delivered_at": null, "final_paid_price": 0, "final_profit_price": 0, "final_total_items_final_price": 0, "final_total_items_before_discount_price": 0, "final_coupon_effect_price": 0, "final_shipping_effect_price": 0}}, {"model": "order.order", "pk": 55, "fields": {"is_deleted": false, "deleted_at": null, "created_at": "2024-02-28T09:24:54.909Z", "modified_at": "2024-02-28T15:50:17.561Z", "user": 1, "slug": "60932", "payment_status": "در انتظار پرداخت", "lock": false, "repayment_expire_at": null, "delivery_status": "در انتظار تایید", "delivery_canceled_reason": null, "shipping_rate": 12, "address": 21, "coupon": null, "tracking_code": null, "delivery_status_modified_at": "2024-02-28T15:50:17.561Z", "ordered_at": null, "shipped_at": null, "delivered_at": null, "final_paid_price": 0, "final_profit_price": 1600000, "final_total_items_final_price": 0, "final_total_items_before_discount_price": 0, "final_coupon_effect_price": 23400000, "final_shipping_effect_price": 0}}, {"model": "order.order", "pk": 56, "fields": {"is_deleted": false, "deleted_at": null, "created_at": "2024-02-28T15:50:36.469Z", "modified_at": "2024-02-28T15:58:41.989Z", "user": 1, "slug": "40783", "payment_status": "پرداخت شده", "lock": false, "repayment_expire_at": null, "delivery_status": "در انتظار تایید", "delivery_canceled_reason": null, "shipping_rate": 12, "address": 22, "coupon": null, "tracking_code": null, "delivery_status_modified_at": "2024-02-28T15:58:41.988Z", "ordered_at": "2024-02-28T15:58:41.610Z", "shipped_at": null, "delivered_at": null, "final_paid_price": 0, "final_profit_price": 1600000, "final_total_items_final_price": 13400000, "final_total_items_before_discount_price": 15000000, "final_coupon_effect_price": 13400000, "final_shipping_effect_price": 0}}, {"model": "order.order", "pk": 57, "fields": {"is_deleted": false, "deleted_at": null, "created_at": "2024-02-28T15:59:22.822Z", "modified_at": "2024-02-28T19:42:46.360Z", "user": 1, "slug": "76968", "payment_status": "در انتظار پرداخت", "lock": false, "repayment_expire_at": "2024-02-28T20:20:36.351Z", "delivery_status": null, "delivery_canceled_reason": null, "shipping_rate": 12, "address": 23, "coupon": null, "tracking_code": null, "delivery_status_modified_at": null, "ordered_at": null, "shipped_at": null, "delivered_at": null, "final_paid_price": 0, "final_profit_price": 0, "final_total_items_final_price": 0, "final_total_items_before_discount_price": 0, "final_coupon_effect_price": 0, "final_shipping_effect_price": 0}}, {"model": "order.order", "pk": 58, "fields": {"is_deleted": false, "deleted_at": null, "created_at": "2024-02-28T19:20:40.542Z", "modified_at": "2024-02-29T19:06:14.611Z", "user": 1, "slug": "24344", "payment_status": "در انتظار پرداخت", "lock": false, "repayment_expire_at": "2024-02-29T20:06:14.611Z", "delivery_status": null, "delivery_canceled_reason": null, "shipping_rate": 12, "address": 24, "coupon": null, "tracking_code": null, "delivery_status_modified_at": null, "ordered_at": null, "shipped_at": null, "delivered_at": null, "final_paid_price": 0, "final_profit_price": 0, "final_total_items_final_price": 0, "final_total_items_before_discount_price": 0, "final_coupon_effect_price": 0, "final_shipping_effect_price": 0}}, {"model": "order.order", "pk": 59, "fields": {"is_deleted": false, "deleted_at": null, "created_at": "2024-02-29T19:06:19.227Z", "modified_at": "2024-03-04T14:59:07.046Z", "user": 1, "slug": "45824", "payment_status": "در انتظار پرداخت", "lock": false, "repayment_expire_at": null, "delivery_status": null, "delivery_canceled_reason": null, "shipping_rate": 6, "address": 25, "coupon": null, "tracking_code": null, "delivery_status_modified_at": null, "ordered_at": null, "shipped_at": null, "delivered_at": null, "final_paid_price": 0, "final_profit_price": 0, "final_total_items_final_price": 0, "final_total_items_before_discount_price": 0, "final_coupon_effect_price": 0, "final_shipping_effect_price": 23000}}, {"model": "order.order", "pk": 60, "fields": {"is_deleted": false, "deleted_at": null, "created_at": "2024-03-04T15:13:37.742Z", "modified_at": "2024-03-04T15:13:37.742Z", "user": 1, "slug": "78453", "payment_status": "باز", "lock": false, "repayment_expire_at": null, "delivery_status": null, "delivery_canceled_reason": null, "shipping_rate": null, "address": null, "coupon": null, "tracking_code": null, "delivery_status_modified_at": null, "ordered_at": null, "shipped_at": null, "delivered_at": null, "final_paid_price": 0, "final_profit_price": 0, "final_total_items_final_price": 0, "final_total_items_before_discount_price": 0, "final_coupon_effect_price": 0, "final_shipping_effect_price": 0}}, {"model": "order.order", "pk": 61, "fields": {"is_deleted": false, "deleted_at": null, "created_at": "2024-03-04T16:15:32.958Z", "modified_at": "2024-03-04T16:15:32.958Z", "user": 2, "slug": "68846", "payment_status": "باز", "lock": false, "repayment_expire_at": null, "delivery_status": null, "delivery_canceled_reason": null, "shipping_rate": null, "address": null, "coupon": null, "tracking_code": null, "delivery_status_modified_at": null, "ordered_at": null, "shipped_at": null, "delivered_at": null, "final_paid_price": 0, "final_profit_price": 0, "final_total_items_final_price": 0, "final_total_items_before_discount_price": 0, "final_coupon_effect_price": 0, "final_shipping_effect_price": 0}}, {"model": "order.order", "pk": 62, "fields": {"is_deleted": false, "deleted_at": null, "created_at": "2024-03-04T16:52:25.974Z", "modified_at": "2024-03-04T16:52:25.974Z", "user": 3, "slug": "67026", "payment_status": "باز", "lock": false, "repayment_expire_at": null, "delivery_status": null, "delivery_canceled_reason": null, "shipping_rate": null, "address": null, "coupon": null, "tracking_code": null, "delivery_status_modified_at": null, "ordered_at": null, "shipped_at": null, "delivered_at": null, "final_paid_price": 0, "final_profit_price": 0, "final_total_items_final_price": 0, "final_total_items_before_discount_price": 0, "final_coupon_effect_price": 0, "final_shipping_effect_price": 0}}, {"model": "order.order", "pk": 63, "fields": {"is_deleted": false, "deleted_at": null, "created_at": "2024-03-04T16:58:16.266Z", "modified_at": "2024-03-04T16:58:16.266Z", "user": 4, "slug": "88683", "payment_status": "باز", "lock": false, "repayment_expire_at": null, "delivery_status": null, "delivery_canceled_reason": null, "shipping_rate": null, "address": null, "coupon": null, "tracking_code": null, "delivery_status_modified_at": null, "ordered_at": null, "shipped_at": null, "delivered_at": null, "final_paid_price": 0, "final_profit_price": 0, "final_total_items_final_price": 0, "final_total_items_before_discount_price": 0, "final_coupon_effect_price": 0, "final_shipping_effect_price": 0}}, {"model": "order.orderitem", "pk": 96, "fields": {"order": 6, "product": 26, "count": 2, "final_price": null, "final_price_before_discount": null, "final_discount": null, "final_profit": null}}, {"model": "order.orderitem", "pk": 104, "fields": {"order": 9, "product": 24, "count": 1, "final_price": null, "final_price_before_discount": null, "final_discount": null, "final_profit": null}}, {"model": "order.orderitem", "pk": 105, "fields": {"order": 37, "product": 24, "count": 1, "final_price": null, "final_price_before_discount": null, "final_discount": null, "final_profit": null}}, {"model": "order.orderitem", "pk": 106, "fields": {"order": 38, "product": 24, "count": 1, "final_price": null, "final_price_before_discount": null, "final_discount": null, "final_profit": null}}, {"model": "order.orderitem", "pk": 107, "fields": {"order": 39, "product": 24, "count": 1, "final_price": 3500000, "final_price_before_discount": 4000000, "final_discount": 4000000, "final_profit": 500000}}, {"model": "order.orderitem", "pk": 109, "fields": {"order": 40, "product": 24, "count": 1, "final_price": null, "final_price_before_discount": null, "final_discount": null, "final_profit": null}}, {"model": "order.orderitem", "pk": 110, "fields": {"order": 40, "product": 25, "count": 2, "final_price": null, "final_price_before_discount": null, "final_discount": null, "final_profit": null}}, {"model": "order.orderitem", "pk": 111, "fields": {"order": 40, "product": 26, "count": 1, "final_price": null, "final_price_before_discount": null, "final_discount": null, "final_profit": null}}, {"model": "order.orderitem", "pk": 112, "fields": {"order": 41, "product": 21, "count": 1, "final_price": null, "final_price_before_discount": null, "final_discount": null, "final_profit": null}}, {"model": "order.orderitem", "pk": 113, "fields": {"order": 42, "product": 24, "count": 1, "final_price": null, "final_price_before_discount": null, "final_discount": null, "final_profit": null}}, {"model": "order.orderitem", "pk": 114, "fields": {"order": 43, "product": 10, "count": 1, "final_price": null, "final_price_before_discount": null, "final_discount": null, "final_profit": null}}, {"model": "order.orderitem", "pk": 115, "fields": {"order": 44, "product": 10, "count": 1, "final_price": null, "final_price_before_discount": null, "final_discount": null, "final_profit": null}}, {"model": "order.orderitem", "pk": 116, "fields": {"order": 44, "product": 24, "count": 1, "final_price": null, "final_price_before_discount": null, "final_discount": null, "final_profit": null}}, {"model": "order.orderitem", "pk": 117, "fields": {"order": 45, "product": 2, "count": 1, "final_price": null, "final_price_before_discount": null, "final_discount": null, "final_profit": null}}, {"model": "order.orderitem", "pk": 118, "fields": {"order": 45, "product": 3, "count": 1, "final_price": null, "final_price_before_discount": null, "final_discount": null, "final_profit": null}}, {"model": "order.orderitem", "pk": 119, "fields": {"order": 46, "product": 10, "count": 7, "final_price": null, "final_price_before_discount": null, "final_discount": null, "final_profit": null}}, {"model": "order.orderitem", "pk": 120, "fields": {"order": 47, "product": 2, "count": 1, "final_price": 900000, "final_price_before_discount": 900000, "final_discount": 0, "final_profit": 0}}, {"model": "order.orderitem", "pk": 121, "fields": {"order": 47, "product": 3, "count": 1, "final_price": 700000, "final_price_before_discount": 700000, "final_discount": 700000, "final_profit": 90000}}, {"model": "order.orderitem", "pk": 122, "fields": {"order": 48, "product": 12, "count": 1, "final_price": 10000000, "final_price_before_discount": 10000000, "final_discount": 0, "final_profit": 0}}, {"model": "order.orderitem", "pk": 123, "fields": {"order": 49, "product": 2, "count": 1, "final_price": 900000, "final_price_before_discount": 900000, "final_discount": 0, "final_profit": 0}}, {"model": "order.orderitem", "pk": 124, "fields": {"order": 50, "product": 12, "count": 1, "final_price": 10000000, "final_price_before_discount": 10000000, "final_discount": 0, "final_profit": 0}}, {"model": "order.orderitem", "pk": 125, "fields": {"order": 51, "product": 12, "count": 1, "final_price": 10000000, "final_price_before_discount": 10000000, "final_discount": 0, "final_profit": 0}}, {"model": "order.orderitem", "pk": 126, "fields": {"order": 52, "product": 12, "count": 1, "final_price": null, "final_price_before_discount": null, "final_discount": null, "final_profit": null}}, {"model": "order.orderitem", "pk": 127, "fields": {"order": 53, "product": 12, "count": 1, "final_price": 10000000, "final_price_before_discount": 10000000, "final_discount": 0, "final_profit": 0}}, {"model": "order.orderitem", "pk": 128, "fields": {"order": 54, "product": 12, "count": 1, "final_price": null, "final_price_before_discount": null, "final_discount": null, "final_profit": null}}, {"model": "order.orderitem", "pk": 129, "fields": {"order": 55, "product": 12, "count": 1, "final_price": null, "final_price_before_discount": null, "final_discount": null, "final_profit": null}}, {"model": "order.orderitem", "pk": 130, "fields": {"order": 55, "product": 24, "count": 1, "final_price": null, "final_price_before_discount": null, "final_discount": null, "final_profit": null}}, {"model": "order.orderitem", "pk": 131, "fields": {"order": 55, "product": 25, "count": 1, "final_price": null, "final_price_before_discount": null, "final_discount": null, "final_profit": null}}, {"model": "order.orderitem", "pk": 132, "fields": {"order": 55, "product": 26, "count": 1, "final_price": null, "final_price_before_discount": null, "final_discount": null, "final_profit": null}}, {"model": "order.orderitem", "pk": 133, "fields": {"order": 55, "product": 21, "count": 1, "final_price": null, "final_price_before_discount": null, "final_discount": null, "final_profit": null}}, {"model": "order.orderitem", "pk": 134, "fields": {"order": 55, "product": 17, "count": 1, "final_price": null, "final_price_before_discount": null, "final_discount": null, "final_profit": null}}, {"model": "order.orderitem", "pk": 135, "fields": {"order": 56, "product": 24, "count": 1, "final_price": 3500000, "final_price_before_discount": 4000000, "final_discount": 4000000, "final_profit": 500000}}, {"model": "order.orderitem", "pk": 136, "fields": {"order": 56, "product": 25, "count": 1, "final_price": 3200000, "final_price_before_discount": 4000000, "final_discount": 4000000, "final_profit": 800000}}, {"model": "order.orderitem", "pk": 137, "fields": {"order": 56, "product": 26, "count": 1, "final_price": 700000, "final_price_before_discount": 1000000, "final_discount": 1000000, "final_profit": 300000}}, {"model": "order.orderitem", "pk": 138, "fields": {"order": 56, "product": 17, "count": 1, "final_price": 2000000, "final_price_before_discount": 2000000, "final_discount": 0, "final_profit": 0}}, {"model": "order.orderitem", "pk": 139, "fields": {"order": 56, "product": 21, "count": 1, "final_price": 4000000, "final_price_before_discount": 4000000, "final_discount": 0, "final_profit": 0}}, {"model": "order.orderitem", "pk": 140, "fields": {"order": 57, "product": 10, "count": 1, "final_price": null, "final_price_before_discount": null, "final_discount": null, "final_profit": null}}, {"model": "order.orderitem", "pk": 141, "fields": {"order": 58, "product": 10, "count": 1, "final_price": null, "final_price_before_discount": null, "final_discount": null, "final_profit": null}}, {"model": "order.orderitem", "pk": 142, "fields": {"order": 58, "product": 12, "count": 1, "final_price": null, "final_price_before_discount": null, "final_discount": null, "final_profit": null}}, {"model": "order.orderitem", "pk": 144, "fields": {"order": 59, "product": 24, "count": 1, "final_price": null, "final_price_before_discount": null, "final_discount": null, "final_profit": null}}, {"model": "order.orderitem", "pk": 145, "fields": {"order": 59, "product": 25, "count": 1, "final_price": null, "final_price_before_discount": null, "final_discount": null, "final_profit": null}}, {"model": "order.orderaddress", "pk": 1, "fields": {"receiver_name": "تایماز", "receiver_family": "اکبری", "receiver_phone": "09981879975", "receiver_city": "مشگین شهر", "receiver_province": "اردبیل", "receiver_postal_code": "3166946324", "receiver_address": "wwwwwwwwwwwwwwwwww", "receiver_building_number": "21", "receiver_unit": "6", "receiver_national_code": ""}}, {"model": "order.orderaddress", "pk": 2, "fields": {"receiver_name": "تایماز", "receiver_family": "", "receiver_phone": "09981879975", "receiver_city": "مشگین شهر", "receiver_province": "اردبیل", "receiver_postal_code": "3166946324", "receiver_address": "wwwwwwwwwwwwwwwwww", "receiver_building_number": "21", "receiver_unit": "6", "receiver_national_code": ""}}, {"model": "order.orderaddress", "pk": 3, "fields": {"receiver_name": "تایماز", "receiver_family": "", "receiver_phone": "09981879975", "receiver_city": "مشگین شهر", "receiver_province": "اردبیل", "receiver_postal_code": "3166946324", "receiver_address": "wwwwwwwwwwwwwwwwww", "receiver_building_number": "21", "receiver_unit": "6", "receiver_national_code": ""}}, {"model": "order.orderaddress", "pk": 4, "fields": {"receiver_name": "تایماز", "receiver_family": "", "receiver_phone": "09981879975", "receiver_city": "مشگین شهر", "receiver_province": "اردبیل", "receiver_postal_code": "3166946324", "receiver_address": "wwwwwwwwwwwwwwwwww", "receiver_building_number": "21", "receiver_unit": "6", "receiver_national_code": ""}}, {"model": "order.orderaddress", "pk": 5, "fields": {"receiver_name": "تایماز", "receiver_family": "", "receiver_phone": "09981879975", "receiver_city": "مشگین شهر", "receiver_province": "اردبیل", "receiver_postal_code": "3166946324", "receiver_address": "wwwwwwwwwwwwwwwwww", "receiver_building_number": "21", "receiver_unit": "6", "receiver_national_code": ""}}, {"model": "order.orderaddress", "pk": 6, "fields": {"receiver_name": "تایماز", "receiver_family": "", "receiver_phone": "09981879975", "receiver_city": "مشگین شهر", "receiver_province": "اردبیل", "receiver_postal_code": "3166946324", "receiver_address": "wwwwwwwwwwwwwwwwww", "receiver_building_number": "21", "receiver_unit": "6", "receiver_national_code": ""}}, {"model": "order.orderaddress", "pk": 7, "fields": {"receiver_name": "تایماز", "receiver_family": "", "receiver_phone": "09981879975", "receiver_city": "مشگین شهر", "receiver_province": "اردبیل", "receiver_postal_code": "3166946324", "receiver_address": "wwwwwwwwwwwwwwwwww", "receiver_building_number": "21", "receiver_unit": "6", "receiver_national_code": ""}}, {"model": "order.orderaddress", "pk": 8, "fields": {"receiver_name": "تایماز", "receiver_family": "", "receiver_phone": "09981879975", "receiver_city": "مشگین شهر", "receiver_province": "اردبیل", "receiver_postal_code": "3166946324", "receiver_address": "wwwwwwwwwwwwwwwwww", "receiver_building_number": "21", "receiver_unit": "6", "receiver_national_code": ""}}, {"model": "order.orderaddress", "pk": 9, "fields": {"receiver_name": "تایماز", "receiver_family": "", "receiver_phone": "09981879975", "receiver_city": "مشگین شهر", "receiver_province": "اردبیل", "receiver_postal_code": "3166946324", "receiver_address": "wwwwwwwwwwwwwwwwww", "receiver_building_number": "21", "receiver_unit": "6", "receiver_national_code": ""}}, {"model": "order.orderaddress", "pk": 10, "fields": {"receiver_name": "تایماز", "receiver_family": "", "receiver_phone": "09981879975", "receiver_city": "آسارا", "receiver_province": "البرز", "receiver_postal_code": "3166946324", "receiver_address": "wwwwwwwwwwwwwwwwww", "receiver_building_number": "21", "receiver_unit": "6", "receiver_national_code": ""}}, {"model": "order.orderaddress", "pk": 11, "fields": {"receiver_name": "تایماز", "receiver_family": "", "receiver_phone": "09981879975", "receiver_city": "آسارا", "receiver_province": "البرز", "receiver_postal_code": "3166946324", "receiver_address": "wwwwwwwwwwwwwwwwww", "receiver_building_number": "21", "receiver_unit": "6", "receiver_national_code": ""}}, {"model": "order.orderaddress", "pk": 12, "fields": {"receiver_name": "تایماز", "receiver_family": "", "receiver_phone": "09981879975", "receiver_city": "آسارا", "receiver_province": "البرز", "receiver_postal_code": "3166946324", "receiver_address": "wwwwwwwwwwwwwwwwww", "receiver_building_number": "21", "receiver_unit": "6", "receiver_national_code": ""}}, {"model": "order.orderaddress", "pk": 13, "fields": {"receiver_name": "تایماز", "receiver_family": "اکبری", "receiver_phone": "09981879975", "receiver_city": "آسارا", "receiver_province": "البرز", "receiver_postal_code": "3166946324", "receiver_address": "wwwwwwwwwwwwwwwwww", "receiver_building_number": "21", "receiver_unit": "6", "receiver_national_code": ""}}, {"model": "order.orderaddress", "pk": 14, "fields": {"receiver_name": "تایماز", "receiver_family": "", "receiver_phone": "09981879975", "receiver_city": "آسارا", "receiver_province": "البرز", "receiver_postal_code": "3166946324", "receiver_address": "wwwwwwwwwwwwwwwwww", "receiver_building_number": "21", "receiver_unit": "6", "receiver_national_code": ""}}, {"model": "order.orderaddress", "pk": 15, "fields": {"receiver_name": "تایماز", "receiver_family": "", "receiver_phone": "09981879975", "receiver_city": "آسارا", "receiver_province": "البرز", "receiver_postal_code": "3166946324", "receiver_address": "wwwwwwwwwwwwwwwwww", "receiver_building_number": "21", "receiver_unit": "6", "receiver_national_code": ""}}, {"model": "order.orderaddress", "pk": 16, "fields": {"receiver_name": "تایماز", "receiver_family": "", "receiver_phone": "09981879975", "receiver_city": "آسارا", "receiver_province": "البرز", "receiver_postal_code": "3166946324", "receiver_address": "wwwwwwwwwwwwwwwwww", "receiver_building_number": "21", "receiver_unit": "6", "receiver_national_code": ""}}, {"model": "order.orderaddress", "pk": 17, "fields": {"receiver_name": "تایماز", "receiver_family": "", "receiver_phone": "09981879975", "receiver_city": "آسارا", "receiver_province": "البرز", "receiver_postal_code": "3166946324", "receiver_address": "wwwwwwwwwwwwwwwwww", "receiver_building_number": "21", "receiver_unit": "6", "receiver_national_code": ""}}, {"model": "order.orderaddress", "pk": 18, "fields": {"receiver_name": "تایماز", "receiver_family": "", "receiver_phone": "09981879975", "receiver_city": "آسارا", "receiver_province": "البرز", "receiver_postal_code": "3166946324", "receiver_address": "wwwwwwwwwwwwwwwwww", "receiver_building_number": "21", "receiver_unit": "6", "receiver_national_code": ""}}, {"model": "order.orderaddress", "pk": 19, "fields": {"receiver_name": "تایماز", "receiver_family": "", "receiver_phone": "09981879975", "receiver_city": "آسارا", "receiver_province": "البرز", "receiver_postal_code": "3166946324", "receiver_address": "wwwwwwwwwwwwwwwwww", "receiver_building_number": "21", "receiver_unit": "6", "receiver_national_code": ""}}, {"model": "order.orderaddress", "pk": 20, "fields": {"receiver_name": "تایماز", "receiver_family": "", "receiver_phone": "09981879975", "receiver_city": "آسارا", "receiver_province": "البرز", "receiver_postal_code": "3166946324", "receiver_address": "wwwwwwwwwwwwwwwwww", "receiver_building_number": "21", "receiver_unit": "6", "receiver_national_code": ""}}, {"model": "order.orderaddress", "pk": 21, "fields": {"receiver_name": "تایماز", "receiver_family": "اکبری", "receiver_phone": "09981879975", "receiver_city": "آسارا", "receiver_province": "البرز", "receiver_postal_code": "3166946324", "receiver_address": "wwwwwwwwwwwwwwwwww", "receiver_building_number": "21", "receiver_unit": "6", "receiver_national_code": ""}}, {"model": "order.orderaddress", "pk": 22, "fields": {"receiver_name": "تایماز", "receiver_family": "اکبری", "receiver_phone": "09981879975", "receiver_city": "آسارا", "receiver_province": "البرز", "receiver_postal_code": "3166946324", "receiver_address": "wwwwwwwwwwwwwwwwww", "receiver_building_number": "21", "receiver_unit": "6", "receiver_national_code": ""}}, {"model": "order.orderaddress", "pk": 23, "fields": {"receiver_name": "تایماز", "receiver_family": "", "receiver_phone": "09981879975", "receiver_city": "آسارا", "receiver_province": "البرز", "receiver_postal_code": "3166946324", "receiver_address": "wwwwwwwwwwwwwwwwafsafwaf", "receiver_building_number": "21", "receiver_unit": "6", "receiver_national_code": ""}}, {"model": "order.orderaddress", "pk": 24, "fields": {"receiver_name": "تایماز", "receiver_family": "", "receiver_phone": "09981879975", "receiver_city": "آسارا", "receiver_province": "البرز", "receiver_postal_code": "3166946324", "receiver_address": "wwwwwwwwwwwwwwwwafsafwaf", "receiver_building_number": "21", "receiver_unit": "6", "receiver_national_code": ""}}, {"model": "order.orderaddress", "pk": 25, "fields": {"receiver_name": "تایماز", "receiver_family": "", "receiver_phone": "09981879975", "receiver_city": "اردبیل", "receiver_province": "اردبیل", "receiver_postal_code": "3166946324", "receiver_address": "سلااااااااااااام", "receiver_building_number": "21", "receiver_unit": "6", "receiver_national_code": ""}}, {"model": "order.coupon", "pk": 1, "fields": {"is_deleted": false, "deleted_at": null, "created_at": "2024-02-15T18:10:52.233Z", "modified_at": "2024-02-15T18:10:52.233Z", "title": "جشن", "code": "taymaz", "discount_type": "%", "discount_amount": 50, "max_usage": null, "usage_count": 0, "max_usage_per_user": null, "min_order_total": null, "max_order_total": null, "only_first_order": false, "start_at": null, "expire_at": null}}, {"model": "order.coupon", "pk": 2, "fields": {"is_deleted": false, "deleted_at": null, "created_at": "2024-02-15T18:11:29.041Z", "modified_at": "2024-02-15T18:12:26.743Z", "title": "جشن 2", "code": "tt", "discount_type": "$", "discount_amount": 120000, "max_usage": null, "usage_count": 0, "max_usage_per_user": null, "min_order_total": 10000000, "max_order_total": 20000000, "only_first_order": false, "start_at": null, "expire_at": null}}, {"model": "order.coupon", "pk": 3, "fields": {"is_deleted": false, "deleted_at": null, "created_at": "2024-02-15T18:12:01.668Z", "modified_at": "2024-02-28T07:52:07.692Z", "title": "زمان دار", "code": "time", "discount_type": "%", "discount_amount": 100, "max_usage": null, "usage_count": 0, "max_usage_per_user": null, "min_order_total": 600000, "max_order_total": null, "only_first_order": false, "start_at": "2024-02-28T07:51:09Z", "expire_at": "2024-02-29T07:51:11Z"}}, {"model": "order.shippingservice", "pk": 1, "fields": {"is_deleted": false, "deleted_at": null, "created_at": "2024-02-14T14:46:53.860Z", "modified_at": "2024-02-14T14:46:53.860Z", "image": 10, "name": "تیپاکس", "url": null, "is_public": true}}, {"model": "order.shippingservice", "pk": 2, "fields": {"is_deleted": false, "deleted_at": null, "created_at": "2024-02-14T14:48:23.120Z", "modified_at": "2024-02-14T14:48:26.767Z", "image": 11, "name": "پست پیشتاز", "url": null, "is_public": true}}, {"model": "order.shippingrate", "pk": 6, "fields": {"is_deleted": false, "deleted_at": null, "created_at": "2024-02-14T15:03:24.244Z", "modified_at": "2024-02-14T15:03:24.244Z", "service": 2, "all_area": true, "area": null, "pay_at_destination": false, "price": 23000, "free_shipping_threshold": 0, "is_public": true, "order": 0}}, {"model": "order.shippingrate", "pk": 12, "fields": {"is_deleted": false, "deleted_at": null, "created_at": "2024-02-14T15:16:09.686Z", "modified_at": "2024-02-14T15:19:20.193Z", "service": 1, "all_area": false, "area": "البرز", "pay_at_destination": true, "price": 0, "free_shipping_threshold": 0, "is_public": true, "order": 0}}, {"model": "order.shippingrate", "pk": 13, "fields": {"is_deleted": false, "deleted_at": null, "created_at": "2024-02-14T15:19:49.501Z", "modified_at": "2024-02-14T15:19:49.501Z", "service": 1, "all_area": false, "area": "تهران", "pay_at_destination": true, "price": 0, "free_shipping_threshold": 0, "is_public": true, "order": 2}}, {"model": "order.shippingrate", "pk": 14, "fields": {"is_deleted": false, "deleted_at": null, "created_at": "2024-02-14T15:21:45.254Z", "modified_at": "2024-02-14T15:21:45.254Z", "service": 2, "all_area": false, "area": "البرز", "pay_at_destination": false, "price": 44000, "free_shipping_threshold": 1000000, "is_public": true, "order": 0}}, {"model": "transaction.transaction", "pk": 1, "fields": {"is_deleted": false, "deleted_at": null, "created_at": "2024-02-16T19:53:24.159Z", "modified_at": "2024-02-16T19:53:24.159Z", "user": 1, "order": 6, "status": "در انتظار برای انتقال کاربر به درگاه بانک", "failed_reason": null, "transaction_number": "56006564", "slug": "zsDqkV", "ref_id": null}}, {"model": "transaction.transaction", "pk": 2, "fields": {"is_deleted": false, "deleted_at": null, "created_at": "2024-02-16T20:17:40.079Z", "modified_at": "2024-02-16T20:18:14.753Z", "user": 1, "order": 6, "status": "پرداخت ناموفق", "failed_reason": "Status: False,کد: -21, پیام: هيچ نوع عمليات مالي براي اين تراكنش يافت نشد.", "transaction_number": "57723408", "slug": "gIUtnv", "ref_id": null}}, {"model": "transaction.transaction", "pk": 3, "fields": {"is_deleted": false, "deleted_at": null, "created_at": "2024-02-17T17:19:10.925Z", "modified_at": "2024-02-17T17:19:17.117Z", "user": 1, "order": 9, "status": "پرداخت ناموفق", "failed_reason": "Status: False,کد: -21, پیام: هيچ نوع عمليات مالي براي اين تراكنش يافت نشد.", "transaction_number": "52388463", "slug": "fc3wkM", "ref_id": null}}, {"model": "transaction.transaction", "pk": 4, "fields": {"is_deleted": false, "deleted_at": null, "created_at": "2024-02-17T18:19:53.367Z", "modified_at": "2024-02-17T18:20:00.100Z", "user": 1, "order": 37, "status": "پرداخت ناموفق", "failed_reason": "Status: False,کد: -21, پیام: هيچ نوع عمليات مالي براي اين تراكنش يافت نشد.", "transaction_number": "40646997", "slug": "zWFOFJ", "ref_id": null}}, {"model": "transaction.transaction", "pk": 5, "fields": {"is_deleted": false, "deleted_at": null, "created_at": "2024-02-17T18:43:57.499Z", "modified_at": "2024-02-17T18:43:58.858Z", "user": 1, "order": 37, "status": "کاربر به درگاه انتقال یافت", "failed_reason": null, "transaction_number": "81188906", "slug": "t7ZaO7", "ref_id": null}}, {"model": "transaction.transaction", "pk": 6, "fields": {"is_deleted": false, "deleted_at": null, "created_at": "2024-02-17T18:44:49.192Z", "modified_at": "2024-02-17T18:44:54.965Z", "user": 1, "order": 38, "status": "پرداخت ناموفق", "failed_reason": "Status: False,کد: -21, پیام: هيچ نوع عمليات مالي براي اين تراكنش يافت نشد.", "transaction_number": "69122035", "slug": "m7pBPs", "ref_id": null}}, {"model": "transaction.transaction", "pk": 7, "fields": {"is_deleted": false, "deleted_at": null, "created_at": "2024-02-17T18:45:35.114Z", "modified_at": "2024-02-17T18:45:40.316Z", "user": 1, "order": 39, "status": "پرداخت موفق", "failed_reason": null, "transaction_number": "12613513", "slug": "XAo7AA", "ref_id": "12345678"}}, {"model": "transaction.transaction", "pk": 8, "fields": {"is_deleted": false, "deleted_at": null, "created_at": "2024-02-23T19:30:18.535Z", "modified_at": "2024-02-23T19:30:27.363Z", "user": 1, "order": 40, "status": "پرداخت ناموفق", "failed_reason": "Status: False,کد: -21, پیام: هيچ نوع عمليات مالي براي اين تراكنش يافت نشد.", "transaction_number": "66815059", "slug": "3UkUf4", "ref_id": null}}, {"model": "transaction.transaction", "pk": 9, "fields": {"is_deleted": false, "deleted_at": null, "created_at": "2024-02-27T10:58:54.212Z", "modified_at": "2024-02-27T10:59:04.226Z", "user": 1, "order": 41, "status": "پرداخت ناموفق", "failed_reason": "Status: False,کد: -21, پیام: هيچ نوع عمليات مالي براي اين تراكنش يافت نشد.", "transaction_number": "40001432", "slug": "7ChEyj", "ref_id": null}}, {"model": "transaction.transaction", "pk": 10, "fields": {"is_deleted": false, "deleted_at": null, "created_at": "2024-02-27T20:35:42.077Z", "modified_at": "2024-02-27T20:35:52.584Z", "user": 1, "order": 42, "status": "پرداخت توسط کاربر کنسل شده است", "failed_reason": "Status: False,کد: -51, پیام: لغو توسط کاربر", "transaction_number": "74590497", "slug": "Dim4Jb", "ref_id": null}}, {"model": "transaction.transaction", "pk": 11, "fields": {"is_deleted": false, "deleted_at": null, "created_at": "2024-02-27T20:36:16.320Z", "modified_at": "2024-02-27T20:36:21.666Z", "user": 1, "order": 42, "status": "پرداخت توسط کاربر کنسل شده است", "failed_reason": "Status: False,کد: -51, پیام: لغو توسط کاربر", "transaction_number": "35946882", "slug": "FOUWrP", "ref_id": null}}, {"model": "transaction.transaction", "pk": 12, "fields": {"is_deleted": false, "deleted_at": null, "created_at": "2024-02-27T20:37:23.330Z", "modified_at": "2024-02-27T20:37:27.456Z", "user": 1, "order": 42, "status": "پرداخت توسط کاربر کنسل شده است", "failed_reason": "Status: False,کد: -51, پیام: لغو توسط کاربر", "transaction_number": "36850494", "slug": "hYetkm", "ref_id": null}}, {"model": "transaction.transaction", "pk": 13, "fields": {"is_deleted": false, "deleted_at": null, "created_at": "2024-02-27T20:39:47.746Z", "modified_at": "2024-02-27T20:39:53.180Z", "user": 1, "order": 42, "status": "پرداخت توسط کاربر کنسل شده است", "failed_reason": "Status: False,کد: -51, پیام: لغو توسط کاربر", "transaction_number": "32955958", "slug": "JaFJx3", "ref_id": null}}, {"model": "transaction.transaction", "pk": 14, "fields": {"is_deleted": false, "deleted_at": null, "created_at": "2024-02-28T06:23:16.156Z", "modified_at": "2024-02-28T06:23:20.562Z", "user": 1, "order": 43, "status": "پرداخت توسط کاربر کنسل شده است", "failed_reason": "Status: False,کد: -51, پیام: لغو توسط کاربر", "transaction_number": "51397453", "slug": "lSAacL", "ref_id": null}}, {"model": "transaction.transaction", "pk": 15, "fields": {"is_deleted": false, "deleted_at": null, "created_at": "2024-02-28T07:52:54.389Z", "modified_at": "2024-02-28T07:53:05.268Z", "user": 1, "order": 44, "status": "پرداخت توسط کاربر کنسل شده است", "failed_reason": "Status: False,کد: -51, پیام: لغو توسط کاربر", "transaction_number": "68381601", "slug": "rk0yYf", "ref_id": null}}, {"model": "transaction.transaction", "pk": 16, "fields": {"is_deleted": false, "deleted_at": null, "created_at": "2024-02-28T07:56:59.378Z", "modified_at": "2024-02-28T07:59:11.518Z", "user": 1, "order": 45, "status": "پرداخت توسط کاربر کنسل شده است", "failed_reason": "Status: False,کد: -51, پیام: لغو توسط کاربر", "transaction_number": "66838587", "slug": "1QMjqF", "ref_id": null}}, {"model": "transaction.transaction", "pk": 17, "fields": {"is_deleted": false, "deleted_at": null, "created_at": "2024-02-28T07:59:47.001Z", "modified_at": "2024-02-28T08:00:37.470Z", "user": 1, "order": 46, "status": "پرداخت توسط کاربر کنسل شده است", "failed_reason": "Status: False,کد: -51, پیام: لغو توسط کاربر", "transaction_number": "49796096", "slug": "RSMkP1", "ref_id": null}}, {"model": "transaction.transaction", "pk": 18, "fields": {"is_deleted": false, "deleted_at": null, "created_at": "2024-02-28T08:10:05.840Z", "modified_at": "2024-02-28T08:10:05.840Z", "user": 1, "order": 47, "status": "پرداخت موفق", "failed_reason": null, "transaction_number": "28143809", "slug": "tSCIzr", "ref_id": null}}, {"model": "transaction.transaction", "pk": 19, "fields": {"is_deleted": false, "deleted_at": null, "created_at": "2024-02-28T08:11:19.487Z", "modified_at": "2024-02-28T08:11:19.487Z", "user": 1, "order": 48, "status": "پرداخت موفق", "failed_reason": null, "transaction_number": "32880516", "slug": "MjIoaM", "ref_id": null}}, {"model": "transaction.transaction", "pk": 20, "fields": {"is_deleted": false, "deleted_at": null, "created_at": "2024-02-28T08:13:13.036Z", "modified_at": "2024-02-28T08:13:13.036Z", "user": 1, "order": 49, "status": "پرداخت موفق", "failed_reason": null, "transaction_number": "41263890", "slug": "LWPnz2", "ref_id": null}}, {"model": "transaction.transaction", "pk": 21, "fields": {"is_deleted": false, "deleted_at": null, "created_at": "2024-02-28T08:14:45.539Z", "modified_at": "2024-02-28T08:14:45.539Z", "user": 1, "order": 50, "status": "پرداخت موفق", "failed_reason": null, "transaction_number": "96101525", "slug": "xbiqoy", "ref_id": null}}, {"model": "transaction.transaction", "pk": 22, "fields": {"is_deleted": false, "deleted_at": null, "created_at": "2024-02-28T08:15:23.175Z", "modified_at": "2024-02-28T08:15:23.175Z", "user": 1, "order": 51, "status": "پرداخت موفق", "failed_reason": null, "transaction_number": "37191538", "slug": "qM2vxg", "ref_id": null}}, {"model": "transaction.transaction", "pk": 23, "fields": {"is_deleted": false, "deleted_at": null, "created_at": "2024-02-28T08:18:36.340Z", "modified_at": "2024-02-28T08:18:43.461Z", "user": 1, "order": 52, "status": "پرداخت توسط کاربر کنسل شده است", "failed_reason": "Status: False,کد: -51, پیام: لغو توسط کاربر", "transaction_number": "67028545", "slug": "0rSKs6", "ref_id": null}}, {"model": "transaction.transaction", "pk": 24, "fields": {"is_deleted": false, "deleted_at": null, "created_at": "2024-02-28T08:18:59.081Z", "modified_at": "2024-02-28T08:18:59.081Z", "user": 1, "order": 53, "status": "پرداخت موفق", "failed_reason": null, "transaction_number": "87398250", "slug": "dEy0cr", "ref_id": null}}, {"model": "transaction.transaction", "pk": 25, "fields": {"is_deleted": false, "deleted_at": null, "created_at": "2024-02-28T09:24:46.160Z", "modified_at": "2024-02-28T09:24:51.020Z", "user": 1, "order": 54, "status": "پرداخت توسط کاربر کنسل شده است", "failed_reason": "Status: False,کد: -51, پیام: لغو توسط کاربر", "transaction_number": "17655902", "slug": "LvbMSm", "ref_id": null}}, {"model": "transaction.transaction", "pk": 26, "fields": {"is_deleted": false, "deleted_at": null, "created_at": "2024-02-28T15:50:17.017Z", "modified_at": "2024-02-28T15:50:31.773Z", "user": 1, "order": 55, "status": "پرداخت ناموفق", "failed_reason": "Status: False,کد: -50, پیام: خطای ناشناخته لطفا با پشتیبانی تماس بگیرید", "transaction_number": "68741803", "slug": "SYMLX1", "ref_id": null}}, {"model": "transaction.transaction", "pk": 27, "fields": {"is_deleted": false, "deleted_at": null, "created_at": "2024-02-28T15:58:41.921Z", "modified_at": "2024-02-28T15:58:41.921Z", "user": 1, "order": 56, "status": "پرداخت موفق", "failed_reason": null, "transaction_number": "32068257", "slug": "pqHcgu", "ref_id": null}}, {"model": "transaction.transaction", "pk": 28, "fields": {"is_deleted": false, "deleted_at": null, "created_at": "2024-02-28T19:20:31.677Z", "modified_at": "2024-02-28T19:20:36.359Z", "user": 1, "order": 57, "status": "پرداخت توسط کاربر کنسل شده است", "failed_reason": "Status: False,کد: -51, پیام: لغو توسط کاربر", "transaction_number": "92640287", "slug": "VIMJhH", "ref_id": null}}, {"model": "transaction.transaction", "pk": 29, "fields": {"is_deleted": false, "deleted_at": null, "created_at": "2024-02-28T19:36:21.252Z", "modified_at": "2024-02-28T19:36:27.596Z", "user": 1, "order": 57, "status": "پرداخت توسط کاربر کنسل شده است", "failed_reason": "Status: False,کد: -51, پیام: لغو توسط کاربر", "transaction_number": "58739913", "slug": "HWa6ZF", "ref_id": null}}, {"model": "transaction.transaction", "pk": 30, "fields": {"is_deleted": false, "deleted_at": null, "created_at": "2024-02-28T19:42:45.806Z", "modified_at": "2024-02-28T19:44:17.504Z", "user": 1, "order": 57, "status": "پرداخت توسط کاربر کنسل شده است", "failed_reason": "Status: False,کد: -51, پیام: لغو توسط کاربر", "transaction_number": "49577018", "slug": "6Ugaah", "ref_id": null}}, {"model": "transaction.transaction", "pk": 31, "fields": {"is_deleted": false, "deleted_at": null, "created_at": "2024-02-29T19:06:07.799Z", "modified_at": "2024-02-29T19:06:14.618Z", "user": 1, "order": 58, "status": "پرداخت توسط کاربر کنسل شده است", "failed_reason": "Status: False,کد: -51, پیام: لغو توسط کاربر", "transaction_number": "16460264", "slug": "eiEcOq", "ref_id": null}}, {"model": "transaction.transaction", "pk": 32, "fields": {"is_deleted": false, "deleted_at": null, "created_at": "2024-03-04T14:59:06.547Z", "modified_at": "2024-03-04T14:59:07.050Z", "user": 1, "order": 59, "status": "کاربر به درگاه انتقال یافت", "failed_reason": null, "transaction_number": "84006858", "slug": "JHUXtK", "ref_id": null}}]