[{"model": "media.media", "pk": 1, "fields": {"is_deleted": false, "deleted_at": null, "created_at": "2024-01-25T19:03:14.161Z", "modified_at": "2024-01-25T19:03:14.161Z", "file": "images/2024/01/25/OkkpFPvop5vvMbYJfTICFmdcZF3M9Q.webp", "title": "دسته بندی", "resize_width": 0, "resize_height": 0, "width": 512, "height": 512, "file_hash": "db278e680f42afc1fa67c006083cbdcf24fc55fa", "file_size": 178325, "focal_point_x": null, "focal_point_y": null, "focal_point_width": null, "focal_point_height": null}}, {"model": "media.media", "pk": 2, "fields": {"is_deleted": false, "deleted_at": null, "created_at": "2024-01-26T15:34:13.147Z", "modified_at": "2024-01-26T15:34:13.147Z", "file": "images/2024/01/26/DWlVkMF61YYIzQQG1BaMriiYEjH962.webp", "title": "اسلایدر صفحه اصلی", "resize_width": 0, "resize_height": 0, "width": 1536, "height": 768, "file_hash": "796b373984564e82d45afe67f31bde25acbfd4f6", "file_size": 346352, "focal_point_x": null, "focal_point_y": null, "focal_point_width": null, "focal_point_height": null}}, {"model": "media.media", "pk": 3, "fields": {"is_deleted": false, "deleted_at": null, "created_at": "2024-01-26T15:35:17.193Z", "modified_at": "2024-01-26T15:35:17.193Z", "file": "images/2024/01/26/eMGrN9YItHuj0UfCuULYWCakPgGkP3.webp", "title": "بنر بالایی", "resize_width": 0, "resize_height": 0, "width": 856, "height": 428, "file_hash": "14187445b5091e544943ca52e110dd0e9dd8e821", "file_size": 375680, "focal_point_x": null, "focal_point_y": null, "focal_point_width": null, "focal_point_height": null}}, {"model": "media.media", "pk": 4, "fields": {"is_deleted": false, "deleted_at": null, "created_at": "2024-01-26T15:35:46.533Z", "modified_at": "2024-01-26T15:35:46.533Z", "file": "images/2024/01/26/0zKB68c1e3S2nVaPoZYbO3dDm1GLcA.webp", "title": "بنر پایینی", "resize_width": 0, "resize_height": 0, "width": 856, "height": 428, "file_hash": "549b53e2ae46959cc23ea257ec034c0b98cc19ad", "file_size": 499727, "focal_point_x": null, "focal_point_y": null, "focal_point_width": null, "focal_point_height": null}}, {"model": "media.media", "pk": 5, "fields": {"is_deleted": false, "deleted_at": null, "created_at": "2024-01-27T12:15:59.407Z", "modified_at": "2024-02-06T09:01:05.209Z", "file": "images/2024/02/06/yyMPi9XCdE8NTtQVzvMl2KtJtUs7gW.webp", "title": "برند نایک", "resize_width": 1000, "resize_height": 50, "width": 987, "height": 496, "file_hash": "7bf82a3b6eebc71a8b838a85d753197f06229915", "file_size": 19578, "focal_point_x": null, "focal_point_y": null, "focal_point_width": null, "focal_point_height": null}}, {"model": "media.media", "pk": 6, "fields": {"is_deleted": false, "deleted_at": null, "created_at": "2024-01-29T14:27:08.539Z", "modified_at": "2024-01-29T14:27:08.540Z", "file": "images/2024/01/29/yv4fK901CJkxRGjIFmsEZRuLTLjR70.webp", "title": "نایک زوم پگاسوس توربو مشکی", "resize_width": 0, "resize_height": 0, "width": 727, "height": 615, "file_hash": "c43c8cb2eea363ae8462bc2cf5e1d9a945da6338", "file_size": 69052, "focal_point_x": null, "focal_point_y": null, "focal_point_width": null, "focal_point_height": null}}, {"model": "media.media", "pk": 7, "fields": {"is_deleted": false, "deleted_at": null, "created_at": "2024-01-31T05:59:35.168Z", "modified_at": "2024-01-31T05:59:35.168Z", "file": "images/2024/01/31/wTL5doL7pN1u0dlDGBTf1zagFK3OhP.webp", "title": "کفش نیوبالانس NewBalance AM574", "resize_width": 0, "resize_height": 0, "width": 600, "height": 600, "file_hash": "c4c3b1098254e76de36070997ac586de7937c405", "file_size": 11660, "focal_point_x": null, "focal_point_y": null, "focal_point_width": null, "focal_point_height": null}}, {"model": "media.media", "pk": 8, "fields": {"is_deleted": false, "deleted_at": null, "created_at": "2024-01-31T06:02:57.849Z", "modified_at": "2024-01-31T06:02:57.849Z", "file": "images/2024/01/31/fkvJC2AdDo3Rlx3AnJJOqakNZIdpxS.webp", "title": "کفش سالومون اکس تی راش Salomon XT-RUSH", "resize_width": 0, "resize_height": 0, "width": 600, "height": 600, "file_hash": "ce8d2ee05ae822658a916ca40b699493d4414319", "file_size": 24010, "focal_point_x": null, "focal_point_y": null, "focal_point_width": null, "focal_point_height": null}}, {"model": "media.media", "pk": 9, "fields": {"is_deleted": false, "deleted_at": null, "created_at": "2024-01-31T06:24:52.946Z", "modified_at": "2024-01-31T06:24:52.946Z", "file": "images/2024/01/31/BP9AqbDTy1R4LC3Ymf5OoCRzXEXHeK.webp", "title": "کفش آدیداس Adidas X_PLR", "resize_width": 0, "resize_height": 0, "width": 600, "height": 600, "file_hash": "6598a8d7fa23b79fcdfb6092e9adf27c1cd4679a", "file_size": 26234, "focal_point_x": null, "focal_point_y": null, "focal_point_width": null, "focal_point_height": null}}, {"model": "media.media", "pk": 10, "fields": {"is_deleted": false, "deleted_at": null, "created_at": "2024-02-14T14:46:44.844Z", "modified_at": "2024-02-14T14:46:44.844Z", "file": "images/2024/02/14/38sE9byjRzGSvwaYgVx6jI7lngA3sY.webp", "title": "Tipax", "resize_width": 0, "resize_height": 0, "width": 160, "height": 43, "file_hash": "ce96fd205e6b5180a6fa8d73f9b5af84b9b304ad", "file_size": 19342, "focal_point_x": null, "focal_point_y": null, "focal_point_width": null, "focal_point_height": null}}, {"model": "media.media", "pk": 11, "fields": {"is_deleted": false, "deleted_at": null, "created_at": "2024-02-14T14:48:22.324Z", "modified_at": "2024-02-14T14:48:22.324Z", "file": "images/2024/02/14/RCGDDvIuhY1N4h534XoxwzkbH4jSN4.webp", "title": "post", "resize_width": 0, "resize_height": 0, "width": 200, "height": 183, "file_hash": "1966a093077e436b3389267ada13adf1937f59af", "file_size": 17948, "focal_point_x": null, "focal_point_y": null, "focal_point_width": null, "focal_point_height": null}}, {"model": "content.banner", "pk": 1, "fields": {"is_deleted": false, "deleted_at": null, "created_at": "2024-01-26T15:34:39.861Z", "modified_at": "2024-01-26T15:34:39.861Z", "image": 2, "position": "HOME_SLIDER_BANNER", "title": "تست", "order": 1, "description": null, "url": "http://localhost:3000/", "is_external": false, "is_public": true, "start_at": null, "expire_at": null}}, {"model": "content.banner", "pk": 2, "fields": {"is_deleted": false, "deleted_at": null, "created_at": "2024-01-26T15:34:55.510Z", "modified_at": "2024-01-26T15:34:55.510Z", "image": 2, "position": "HOME_SLIDER_BANNER", "title": "سلام", "order": 1, "description": null, "url": "https://fronthooks.ir/", "is_external": true, "is_public": true, "start_at": null, "expire_at": null}}, {"model": "content.banner", "pk": 3, "fields": {"is_deleted": false, "deleted_at": null, "created_at": "2024-01-26T15:35:34.428Z", "modified_at": "2024-01-26T15:35:34.428Z", "image": 3, "position": "HOME_SIDE_BANNER", "title": "بنر بالا", "order": 1, "description": "بنر بالا سمت چپ صفحه اصلی", "url": "https://lipak.com/", "is_external": true, "is_public": true, "start_at": null, "expire_at": null}}, {"model": "content.banner", "pk": 4, "fields": {"is_deleted": false, "deleted_at": null, "created_at": "2024-01-26T15:35:54.814Z", "modified_at": "2024-01-26T15:35:54.814Z", "image": 4, "position": "HOME_SIDE_BANNER", "title": "wawfa", "order": 1, "description": "wfawfa", "url": "https://fronthooks.ir/", "is_external": true, "is_public": true, "start_at": null, "expire_at": null}}, {"model": "content.banner", "pk": 5, "fields": {"is_deleted": false, "deleted_at": null, "created_at": "2024-01-26T18:52:53.956Z", "modified_at": "2024-01-26T18:52:53.956Z", "image": 2, "position": "HOME_SLIDER_BANNER", "title": "wawa", "order": 1, "description": "wawa", "url": "https://lipak.com/", "is_external": true, "is_public": true, "start_at": null, "expire_at": null}}, {"model": "catalog.category", "pk": 1, "fields": {"tn_ancestors_pks": "", "tn_ancestors_count": 0, "tn_children_pks": "4,7,8,6,3,5", "tn_children_count": 6, "tn_depth": 1, "tn_descendants_pks": "4,7,8,6,3,5", "tn_descendants_count": 6, "tn_index": 0, "tn_level": 1, "tn_parent": null, "tn_priority": 0, "tn_order": 0, "tn_siblings_pks": "2", "tn_siblings_count": 1, "is_deleted": false, "deleted_at": null, "created_at": "2024-01-25T19:04:32.269Z", "modified_at": "2024-02-09T17:07:58.291Z", "image": 1, "title_ir": "مردانه", "title_en": "men", "description": null, "is_public": true, "slug": "category-men-shoes", "order": 0}}, {"model": "catalog.category", "pk": 2, "fields": {"tn_ancestors_pks": "", "tn_ancestors_count": 0, "tn_children_pks": "9,10,11,12,13,14", "tn_children_count": 6, "tn_depth": 1, "tn_descendants_pks": "9,10,11,12,13,14", "tn_descendants_count": 6, "tn_index": 1, "tn_level": 1, "tn_parent": null, "tn_priority": 0, "tn_order": 7, "tn_siblings_pks": "1", "tn_siblings_count": 1, "is_deleted": false, "deleted_at": null, "created_at": "2024-01-25T19:04:45.319Z", "modified_at": "2024-02-09T17:08:00.544Z", "image": 1, "title_ir": "زنانه", "title_en": "women", "description": null, "is_public": true, "slug": "category-women-shoes", "order": 1}}, {"model": "catalog.category", "pk": 3, "fields": {"tn_ancestors_pks": "1", "tn_ancestors_count": 1, "tn_children_pks": "", "tn_children_count": 0, "tn_depth": 0, "tn_descendants_pks": "", "tn_descendants_count": 0, "tn_index": 4, "tn_level": 2, "tn_parent": 1, "tn_priority": 0, "tn_order": 5, "tn_siblings_pks": "4,7,8,6,5", "tn_siblings_count": 5, "is_deleted": false, "deleted_at": null, "created_at": "2024-01-25T19:06:39.734Z", "modified_at": "2024-02-02T14:15:48.192Z", "image": 1, "title_ir": "اسپرت", "title_en": "sport shoes", "description": null, "is_public": true, "slug": "category-men-sport-shoes", "order": 1}}, {"model": "catalog.category", "pk": 4, "fields": {"tn_ancestors_pks": "1", "tn_ancestors_count": 1, "tn_children_pks": "", "tn_children_count": 0, "tn_depth": 0, "tn_descendants_pks": "", "tn_descendants_count": 0, "tn_index": 0, "tn_level": 2, "tn_parent": 1, "tn_priority": 0, "tn_order": 1, "tn_siblings_pks": "7,8,6,3,5", "tn_siblings_count": 5, "is_deleted": false, "deleted_at": null, "created_at": "2024-01-25T19:06:54.002Z", "modified_at": "2024-02-02T14:15:32.192Z", "image": 1, "title_ir": "بسکتبال", "title_en": "basketball", "description": null, "is_public": true, "slug": "category-men-basketball-shoes", "order": 1}}, {"model": "catalog.category", "pk": 5, "fields": {"tn_ancestors_pks": "1", "tn_ancestors_count": 1, "tn_children_pks": "", "tn_children_count": 0, "tn_depth": 0, "tn_descendants_pks": "", "tn_descendants_count": 0, "tn_index": 5, "tn_level": 2, "tn_parent": 1, "tn_priority": 0, "tn_order": 6, "tn_siblings_pks": "4,7,8,6,3", "tn_siblings_count": 5, "is_deleted": false, "deleted_at": null, "created_at": "2024-01-25T19:07:09.482Z", "modified_at": "2024-02-02T14:15:32.304Z", "image": 1, "title_ir": "پیاده روی", "title_en": "walking", "description": null, "is_public": true, "slug": "category-men-walking-shoes", "order": 1}}, {"model": "catalog.category", "pk": 6, "fields": {"tn_ancestors_pks": "1", "tn_ancestors_count": 1, "tn_children_pks": "", "tn_children_count": 0, "tn_depth": 0, "tn_descendants_pks": "", "tn_descendants_count": 0, "tn_index": 3, "tn_level": 2, "tn_parent": 1, "tn_priority": 0, "tn_order": 4, "tn_siblings_pks": "4,7,8,3,5", "tn_siblings_count": 5, "is_deleted": false, "deleted_at": null, "created_at": "2024-01-25T19:07:23.725Z", "modified_at": "2024-02-02T14:15:32.255Z", "image": 1, "title_ir": "رانینگ", "title_en": "running", "description": null, "is_public": true, "slug": "category-men-running-shoes", "order": 1}}, {"model": "catalog.category", "pk": 7, "fields": {"tn_ancestors_pks": "1", "tn_ancestors_count": 1, "tn_children_pks": "", "tn_children_count": 0, "tn_depth": 0, "tn_descendants_pks": "", "tn_descendants_count": 0, "tn_index": 1, "tn_level": 2, "tn_parent": 1, "tn_priority": 0, "tn_order": 2, "tn_siblings_pks": "4,8,6,3,5", "tn_siblings_count": 5, "is_deleted": false, "deleted_at": null, "created_at": "2024-01-25T19:07:36.772Z", "modified_at": "2024-02-02T14:15:32.213Z", "image": 1, "title_ir": "روزمره", "title_en": "daily", "description": null, "is_public": true, "slug": "category-men-daily-shoes", "order": 1}}, {"model": "catalog.category", "pk": 8, "fields": {"tn_ancestors_pks": "1", "tn_ancestors_count": 1, "tn_children_pks": "", "tn_children_count": 0, "tn_depth": 0, "tn_descendants_pks": "", "tn_descendants_count": 0, "tn_index": 2, "tn_level": 2, "tn_parent": 1, "tn_priority": 0, "tn_order": 3, "tn_siblings_pks": "4,7,6,3,5", "tn_siblings_count": 5, "is_deleted": false, "deleted_at": null, "created_at": "2024-01-25T19:07:50.183Z", "modified_at": "2024-02-02T14:15:32.234Z", "image": 1, "title_ir": "کوهنوردی", "title_en": "hiking", "description": null, "is_public": true, "slug": "category-men-hiking-shoes", "order": 1}}, {"model": "catalog.category", "pk": 9, "fields": {"tn_ancestors_pks": "2", "tn_ancestors_count": 1, "tn_children_pks": "", "tn_children_count": 0, "tn_depth": 0, "tn_descendants_pks": "", "tn_descendants_count": 0, "tn_index": 0, "tn_level": 2, "tn_parent": 2, "tn_priority": 0, "tn_order": 8, "tn_siblings_pks": "10,11,12,13,14", "tn_siblings_count": 5, "is_deleted": false, "deleted_at": null, "created_at": "2024-01-25T19:22:58.437Z", "modified_at": "2024-02-02T14:15:32.365Z", "image": 1, "title_ir": "بسکتبال", "title_en": "basketball", "description": null, "is_public": true, "slug": "category-women-basketball-shoes", "order": 1}}, {"model": "catalog.category", "pk": 10, "fields": {"tn_ancestors_pks": "2", "tn_ancestors_count": 1, "tn_children_pks": "", "tn_children_count": 0, "tn_depth": 0, "tn_descendants_pks": "", "tn_descendants_count": 0, "tn_index": 1, "tn_level": 2, "tn_parent": 2, "tn_priority": 0, "tn_order": 9, "tn_siblings_pks": "9,11,12,13,14", "tn_siblings_count": 5, "is_deleted": false, "deleted_at": null, "created_at": "2024-01-25T19:22:58.461Z", "modified_at": "2024-02-02T14:15:32.391Z", "image": 1, "title_ir": "روزمره", "title_en": "daily", "description": null, "is_public": true, "slug": "category-women-daily-shoes", "order": 1}}, {"model": "catalog.category", "pk": 11, "fields": {"tn_ancestors_pks": "2", "tn_ancestors_count": 1, "tn_children_pks": "", "tn_children_count": 0, "tn_depth": 0, "tn_descendants_pks": "", "tn_descendants_count": 0, "tn_index": 2, "tn_level": 2, "tn_parent": 2, "tn_priority": 0, "tn_order": 10, "tn_siblings_pks": "9,10,12,13,14", "tn_siblings_count": 5, "is_deleted": false, "deleted_at": null, "created_at": "2024-01-25T19:22:58.485Z", "modified_at": "2024-02-02T14:15:32.414Z", "image": 1, "title_ir": "کوهنوردی", "title_en": "hiking", "description": null, "is_public": true, "slug": "category-women-hiking-shoes", "order": 1}}, {"model": "catalog.category", "pk": 12, "fields": {"tn_ancestors_pks": "2", "tn_ancestors_count": 1, "tn_children_pks": "", "tn_children_count": 0, "tn_depth": 0, "tn_descendants_pks": "", "tn_descendants_count": 0, "tn_index": 3, "tn_level": 2, "tn_parent": 2, "tn_priority": 0, "tn_order": 11, "tn_siblings_pks": "9,10,11,13,14", "tn_siblings_count": 5, "is_deleted": false, "deleted_at": null, "created_at": "2024-01-25T19:22:58.510Z", "modified_at": "2024-02-02T14:15:32.437Z", "image": 1, "title_ir": "رانینگ", "title_en": "running", "description": null, "is_public": true, "slug": "category-women-running-shoes", "order": 1}}, {"model": "catalog.category", "pk": 13, "fields": {"tn_ancestors_pks": "2", "tn_ancestors_count": 1, "tn_children_pks": "", "tn_children_count": 0, "tn_depth": 0, "tn_descendants_pks": "", "tn_descendants_count": 0, "tn_index": 4, "tn_level": 2, "tn_parent": 2, "tn_priority": 0, "tn_order": 12, "tn_siblings_pks": "9,10,11,12,14", "tn_siblings_count": 5, "is_deleted": false, "deleted_at": null, "created_at": "2024-01-25T19:22:58.535Z", "modified_at": "2024-02-02T14:15:48.221Z", "image": 1, "title_ir": "اسپرت", "title_en": "sport shoes", "description": null, "is_public": true, "slug": "category-women-sport-shoes", "order": 1}}, {"model": "catalog.category", "pk": 14, "fields": {"tn_ancestors_pks": "2", "tn_ancestors_count": 1, "tn_children_pks": "", "tn_children_count": 0, "tn_depth": 0, "tn_descendants_pks": "", "tn_descendants_count": 0, "tn_index": 5, "tn_level": 2, "tn_parent": 2, "tn_priority": 0, "tn_order": 13, "tn_siblings_pks": "9,10,11,12,13", "tn_siblings_count": 5, "is_deleted": false, "deleted_at": null, "created_at": "2024-01-25T19:22:58.560Z", "modified_at": "2024-02-02T14:15:32.490Z", "image": 1, "title_ir": "پیاده روی", "title_en": "walking", "description": null, "is_public": true, "slug": "category-women-walking-shoes", "order": 1}}, {"model": "catalog.brand", "pk": 1, "fields": {"is_deleted": false, "deleted_at": null, "created_at": "2024-01-25T19:44:35.542Z", "modified_at": "2024-02-02T14:55:28.420Z", "image": 5, "title_ir": "نایک", "title_en": "nike", "slug": "brand-nike", "order": 1}}, {"model": "catalog.brand", "pk": 2, "fields": {"is_deleted": false, "deleted_at": null, "created_at": "2024-01-25T19:44:43.365Z", "modified_at": "2024-02-02T14:55:28.364Z", "image": 5, "title_ir": "آدیداس", "title_en": "adidas", "slug": "brand-adidas", "order": 1}}, {"model": "catalog.brand", "pk": 3, "fields": {"is_deleted": false, "deleted_at": null, "created_at": "2024-01-25T19:44:54.004Z", "modified_at": "2024-02-02T14:55:28.281Z", "image": 5, "title_ir": "اسکچرز", "title_en": "skechers", "slug": "brand-skechers", "order": 1}}, {"model": "catalog.brand", "pk": 4, "fields": {"is_deleted": false, "deleted_at": null, "created_at": "2024-01-25T19:45:03.460Z", "modified_at": "2024-02-02T14:55:28.224Z", "image": 5, "title_ir": "اسیکس", "title_en": "asics", "slug": "brand-asics", "order": 1}}, {"model": "catalog.brand", "pk": 5, "fields": {"is_deleted": false, "deleted_at": null, "created_at": "2024-01-25T19:45:19.178Z", "modified_at": "2024-02-02T14:55:28.154Z", "image": 5, "title_ir": "بالنسیاگا", "title_en": "balenciaga", "slug": "brand-balenciaga", "order": 1}}, {"model": "catalog.brand", "pk": 6, "fields": {"is_deleted": false, "deleted_at": null, "created_at": "2024-01-25T19:45:27.190Z", "modified_at": "2024-02-02T14:55:28.091Z", "image": 5, "title_ir": "پوما", "title_en": "puma", "slug": "brand-puma", "order": 1}}, {"model": "catalog.brand", "pk": 7, "fields": {"is_deleted": false, "deleted_at": null, "created_at": "2024-01-25T19:45:35.140Z", "modified_at": "2024-02-02T14:55:28.031Z", "image": 5, "title_ir": "تیمبرلند", "title_en": "timberland", "slug": "brand-timberland", "order": 1}}, {"model": "catalog.brand", "pk": 8, "fields": {"is_deleted": false, "deleted_at": null, "created_at": "2024-01-25T19:45:42.163Z", "modified_at": "2024-02-02T14:55:27.970Z", "image": 5, "title_ir": "ریباک", "title_en": "reebok", "slug": "brand-reebok", "order": 1}}, {"model": "catalog.brand", "pk": 9, "fields": {"is_deleted": false, "deleted_at": null, "created_at": "2024-01-25T19:45:51.509Z", "modified_at": "2024-02-02T14:55:27.905Z", "image": 5, "title_ir": "سالومون", "title_en": "salomon", "slug": "brand-salomon", "order": 1}}, {"model": "catalog.brand", "pk": 10, "fields": {"is_deleted": false, "deleted_at": null, "created_at": "2024-01-25T19:46:04.118Z", "modified_at": "2024-02-02T14:55:27.855Z", "image": 5, "title_ir": "کاترپیلار", "title_en": "caterpillar", "slug": "brand-caterpillar", "order": 1}}, {"model": "catalog.brand", "pk": 11, "fields": {"is_deleted": false, "deleted_at": null, "created_at": "2024-01-25T19:46:13.776Z", "modified_at": "2024-02-06T09:01:19.643Z", "image": 5, "title_ir": "نیوبالانس", "title_en": "newbalance", "slug": "brand-newbalance", "order": 1}}, {"model": "catalog.brand", "pk": 12, "fields": {"is_deleted": false, "deleted_at": null, "created_at": "2024-01-25T19:46:17.982Z", "modified_at": "2024-02-02T14:55:28.466Z", "image": 5, "title_ir": "ونس", "title_en": "vans", "slug": "brand-vans", "order": 2}}, {"model": "catalog.optiongroup", "pk": 1, "fields": {"title": "سایز", "filter_contain": true, "filter_param_name": "size"}}, {"model": "catalog.optiongroup", "pk": 2, "fields": {"title": "رنگ", "filter_contain": true, "filter_param_name": "color"}}, {"model": "catalog.optiongroup", "pk": 3, "fields": {"title": "سایز و رنگ", "filter_contain": false, "filter_param_name": null}}, {"model": "catalog.optiongroupvalue", "pk": 1, "fields": {"title": "40", "group": 1, "color_code": null}}, {"model": "catalog.optiongroupvalue", "pk": 2, "fields": {"title": "41", "group": 1, "color_code": null}}, {"model": "catalog.optiongroupvalue", "pk": 3, "fields": {"title": "42", "group": 1, "color_code": null}}, {"model": "catalog.optiongroupvalue", "pk": 4, "fields": {"title": "43", "group": 1, "color_code": null}}, {"model": "catalog.optiongroupvalue", "pk": 5, "fields": {"title": "44", "group": 1, "color_code": null}}, {"model": "catalog.optiongroupvalue", "pk": 6, "fields": {"title": "قرمز", "group": 2, "color_code": "red"}}, {"model": "catalog.optiongroupvalue", "pk": 7, "fields": {"title": "آبی", "group": 2, "color_code": "#38bdf8"}}, {"model": "catalog.optiongroupvalue", "pk": 8, "fields": {"title": "سبز", "group": 2, "color_code": "green"}}, {"model": "catalog.optiongroupvalue", "pk": 9, "fields": {"title": "سفید", "group": 2, "color_code": "white"}}, {"model": "catalog.productclass", "pk": 1, "fields": {"title_ir": "کفش", "title_en": "shoe", "description": null, "slug": "shoe", "track_stock": true, "require_shipping": true, "properties": [1, 2, 3]}}, {"model": "catalog.productclass", "pk": 2, "fields": {"title_ir": "جدید", "title_en": "new", "description": null, "slug": "new", "track_stock": true, "require_shipping": true, "properties": []}}, {"model": "catalog.productattribute", "pk": 1, "fields": {"product_class": 1, "title": "سایز", "type": "option", "option_group": 1, "required": true}}, {"model": "catalog.productattribute", "pk": 2, "fields": {"product_class": 1, "title": "رنگ", "type": "option", "option_group": 2, "required": true}}, {"model": "catalog.productattribute", "pk": 3, "fields": {"product_class": 1, "title": "سایز و رنگ", "type": "multi_option", "option_group": 3, "required": true}}, {"model": "catalog.product", "pk": 1, "fields": {"is_deleted": false, "deleted_at": null, "created_at": "2024-01-29T14:27:12.786Z", "modified_at": "2024-02-07T18:52:00.120Z", "structure": "parent", "parent": null, "order": 1, "title_ir": "نایک زوم پگاسوس توربو مشکی", "title_en": "Nike Zoom Pegasus Turbo Xx", "slug": "nike-zoom-pegasus-turbo-xx", "short_slug": 25515, "upc": "2000", "description": null, "is_public": true, "meta_title": "نایک زوم پگاسوس توربو مشکی", "meta_description": "نایک زوم پگاسوس توربو مشکی", "product_class": 1, "brand": 1, "categories": [1, 2, 10, 7]}}, {"model": "catalog.product", "pk": 2, "fields": {"is_deleted": false, "deleted_at": null, "created_at": "2024-01-30T09:50:50.566Z", "modified_at": "2024-01-30T19:31:44.986Z", "structure": "child", "parent": 1, "order": 0, "title_ir": null, "title_en": null, "slug": null, "short_slug": null, "upc": "2002", "description": null, "is_public": true, "meta_title": null, "meta_description": "", "product_class": null, "brand": null, "categories": []}}, {"model": "catalog.product", "pk": 3, "fields": {"is_deleted": false, "deleted_at": null, "created_at": "2024-01-30T09:51:18.513Z", "modified_at": "2024-01-31T11:53:27.117Z", "structure": "child", "parent": 1, "order": 1, "title_ir": null, "title_en": null, "slug": null, "short_slug": null, "upc": "2001", "description": null, "is_public": true, "meta_title": null, "meta_description": "", "product_class": null, "brand": null, "categories": []}}, {"model": "catalog.product", "pk": 4, "fields": {"is_deleted": false, "deleted_at": null, "created_at": "2024-01-30T14:46:46.427Z", "modified_at": "2024-02-07T18:52:00.107Z", "structure": "parent", "parent": null, "order": 0, "title_ir": "ایرجردن وان فیرلس مشکی", "title_en": "CLOT x Air Jordan 1 Mid Fearless", "slug": "clot-x-air-jordan-1-mid-fearless", "short_slug": 24531, "upc": "100", "description": null, "is_public": true, "meta_title": "ایرجردن وان فیرلس مشکی", "meta_description": "ایرجردن وان فیرلس مشکی", "product_class": 1, "brand": 1, "categories": [1, 7]}}, {"model": "catalog.product", "pk": 5, "fields": {"is_deleted": false, "deleted_at": null, "created_at": "2024-01-30T14:47:44.871Z", "modified_at": "2024-02-09T14:13:18.908Z", "structure": "child", "parent": 4, "order": 1, "title_ir": null, "title_en": null, "slug": null, "short_slug": null, "upc": "101", "description": null, "is_public": true, "meta_title": null, "meta_description": "", "product_class": null, "brand": null, "categories": []}}, {"model": "catalog.product", "pk": 6, "fields": {"is_deleted": false, "deleted_at": null, "created_at": "2024-01-30T15:58:47.835Z", "modified_at": "2024-02-09T14:13:18.929Z", "structure": "child", "parent": 4, "order": 0, "title_ir": null, "title_en": null, "slug": null, "short_slug": null, "upc": "7575", "description": null, "is_public": true, "meta_title": null, "meta_description": "", "product_class": null, "brand": null, "categories": []}}, {"model": "catalog.product", "pk": 9, "fields": {"is_deleted": false, "deleted_at": null, "created_at": "2024-01-31T05:59:37.349Z", "modified_at": "2024-02-07T18:52:00.095Z", "structure": "parent", "parent": null, "order": 0, "title_ir": "کفش نیوبالانس NewBalance AM574", "title_en": "NewBalance AM574", "slug": "newbalance-am574", "short_slug": 86318, "upc": "4372141412", "description": null, "is_public": true, "meta_title": "کفش نیوبالانس NewBalance AM574", "meta_description": "کفش نیوبالانس NewBalance AM574", "product_class": 1, "brand": 11, "categories": [1, 3, 5, 7]}}, {"model": "catalog.product", "pk": 10, "fields": {"is_deleted": false, "deleted_at": null, "created_at": "2024-01-31T06:00:28.019Z", "modified_at": "2024-01-31T06:00:28.019Z", "structure": "child", "parent": 9, "order": 0, "title_ir": null, "title_en": null, "slug": null, "short_slug": null, "upc": null, "description": null, "is_public": true, "meta_title": null, "meta_description": "", "product_class": null, "brand": null, "categories": []}}, {"model": "catalog.product", "pk": 11, "fields": {"is_deleted": false, "deleted_at": null, "created_at": "2024-01-31T06:01:09.660Z", "modified_at": "2024-02-07T18:52:00.082Z", "structure": "parent", "parent": null, "order": 0, "title_ir": "کفش نیوبالانس NewBalance 725", "title_en": "NewBalance 725", "slug": "newbalance-725", "short_slug": 36739, "upc": "725555", "description": null, "is_public": true, "meta_title": null, "meta_description": "", "product_class": 1, "brand": 11, "categories": [1, 3, 5, 6, 7]}}, {"model": "catalog.product", "pk": 12, "fields": {"is_deleted": false, "deleted_at": null, "created_at": "2024-01-31T06:01:45.616Z", "modified_at": "2024-01-31T06:01:45.616Z", "structure": "child", "parent": 11, "order": 0, "title_ir": null, "title_en": null, "slug": null, "short_slug": null, "upc": null, "description": null, "is_public": true, "meta_title": null, "meta_description": "", "product_class": null, "brand": null, "categories": []}}, {"model": "catalog.product", "pk": 13, "fields": {"is_deleted": false, "deleted_at": null, "created_at": "2024-01-31T06:03:00.915Z", "modified_at": "2024-02-08T12:29:39.275Z", "structure": "parent", "parent": null, "order": 0, "title_ir": "کفش سالومون اکس تی راش Salomon XT-RUSH", "title_en": "Salomon XT-RUSH", "slug": "salomon-xt-rush", "short_slug": 63479, "upc": "2131314151", "description": null, "is_public": true, "meta_title": "کفش سالومون اکس تی راش Salomon XT-RUSH", "meta_description": "کفش سالومون اکس تی راش Salomon XT-RUSH", "product_class": 1, "brand": 9, "categories": [1, 8, 6, 7]}}, {"model": "catalog.product", "pk": 15, "fields": {"is_deleted": false, "deleted_at": null, "created_at": "2024-01-31T06:24:54.617Z", "modified_at": "2024-02-08T11:56:42.201Z", "structure": "parent", "parent": null, "order": 0, "title_ir": "کفش آدیداس Adidas X_PLR", "title_en": "Adidas X_PLR", "slug": "adidas-x_plr", "short_slug": 27313, "upc": "2141413131", "description": null, "is_public": true, "meta_title": "کفش آدیداس Adidas X_PLR", "meta_description": "کفش آدیداس Adidas X_PLR", "product_class": 1, "brand": 2, "categories": [1, 5, 7]}}, {"model": "catalog.product", "pk": 16, "fields": {"is_deleted": false, "deleted_at": null, "created_at": "2024-01-31T06:25:25.476Z", "modified_at": "2024-02-26T09:51:16.072Z", "structure": "child", "parent": 15, "order": 0, "title_ir": null, "title_en": null, "slug": null, "short_slug": null, "upc": null, "description": "", "is_public": true, "meta_title": null, "meta_description": "", "product_class": null, "brand": null, "categories": []}}, {"model": "catalog.product", "pk": 17, "fields": {"is_deleted": false, "deleted_at": null, "created_at": "2024-02-07T10:38:39.915Z", "modified_at": "2024-02-08T12:30:07.463Z", "structure": "child", "parent": 13, "order": 0, "title_ir": null, "title_en": null, "slug": null, "short_slug": null, "upc": null, "description": null, "is_public": true, "meta_title": null, "meta_description": "", "product_class": null, "brand": null, "categories": []}}, {"model": "catalog.product", "pk": 18, "fields": {"is_deleted": false, "deleted_at": null, "created_at": "2024-02-08T12:30:36.068Z", "modified_at": "2024-02-08T12:30:36.068Z", "structure": "child", "parent": 13, "order": 0, "title_ir": null, "title_en": null, "slug": null, "short_slug": null, "upc": null, "description": null, "is_public": true, "meta_title": null, "meta_description": "", "product_class": null, "brand": null, "categories": []}}, {"model": "catalog.product", "pk": 19, "fields": {"is_deleted": false, "deleted_at": null, "created_at": "2024-02-08T12:31:12.036Z", "modified_at": "2024-02-08T12:31:12.036Z", "structure": "child", "parent": 13, "order": 0, "title_ir": null, "title_en": null, "slug": null, "short_slug": null, "upc": null, "description": null, "is_public": true, "meta_title": null, "meta_description": "", "product_class": null, "brand": null, "categories": []}}, {"model": "catalog.product", "pk": 21, "fields": {"is_deleted": false, "deleted_at": null, "created_at": "2024-02-08T13:31:51.293Z", "modified_at": "2024-02-08T13:31:51.293Z", "structure": "child", "parent": 15, "order": 0, "title_ir": null, "title_en": null, "slug": null, "short_slug": null, "upc": null, "description": null, "is_public": true, "meta_title": null, "meta_description": "", "product_class": null, "brand": null, "categories": []}}, {"model": "catalog.product", "pk": 22, "fields": {"is_deleted": false, "deleted_at": null, "created_at": "2024-02-08T19:58:05.273Z", "modified_at": "2024-02-25T16:55:40.843Z", "structure": "standalone", "parent": null, "order": 0, "title_ir": "محصول تک", "title_en": "stand alone", "slug": "stand-alone", "short_slug": 31284, "upc": "STAND-ALONE-1000", "description": "", "is_public": true, "meta_title": null, "meta_description": "", "product_class": 1, "brand": 11, "categories": [1, 7]}}, {"model": "catalog.product", "pk": 23, "fields": {"is_deleted": false, "deleted_at": null, "created_at": "2024-02-09T14:18:34.858Z", "modified_at": "2024-02-28T15:53:33.709Z", "structure": "parent", "parent": null, "order": 0, "title_ir": "تست مولتی چویس", "title_en": "Test Multi Option", "slug": "test-multi-option", "short_slug": 53558, "upc": "MULTIOPTIONTEST", "description": "# کفش مولتی چویس\r\n\r\n\r\n\r\n\r\n### ویژگی های محصول\r\n\r\n - نرم\r\n - راحت\r\n - ارزان\r\n\r\n![Image](http://127.0.0.1:8000/media/images/2024/01/31/fkvJC2AdDo3Rlx3AnJJOqakNZIdpxS.webp)", "is_public": true, "meta_title": null, "meta_description": "", "product_class": 1, "brand": 11, "categories": [1, 7]}}, {"model": "catalog.product", "pk": 24, "fields": {"is_deleted": false, "deleted_at": null, "created_at": "2024-02-09T14:19:21.312Z", "modified_at": "2024-02-09T14:46:58.893Z", "structure": "child", "parent": 23, "order": 0, "title_ir": null, "title_en": null, "slug": null, "short_slug": null, "upc": null, "description": null, "is_public": true, "meta_title": null, "meta_description": "", "product_class": null, "brand": null, "categories": []}}, {"model": "catalog.product", "pk": 25, "fields": {"is_deleted": false, "deleted_at": null, "created_at": "2024-02-09T14:19:55.286Z", "modified_at": "2024-02-23T11:43:44.655Z", "structure": "child", "parent": 23, "order": 0, "title_ir": null, "title_en": null, "slug": null, "short_slug": null, "upc": null, "description": "# کفش مولتی چویس\r\n\r\n\r\n\r\n\r\n### ویژگی های محصول\r\n\r\n - نرم\r\n - راحت\r\n - ارزان\r\n>\r\n\r\n------------\r\n\r\n\r\n\r\n![image](http://127.0.0.1:8000/media/images/2024/01/31/fkvJC2AdDo3Rlx3AnJJOqakNZIdpxS.webp)", "is_public": true, "meta_title": null, "meta_description": "", "product_class": null, "brand": null, "categories": []}}, {"model": "catalog.product", "pk": 26, "fields": {"is_deleted": false, "deleted_at": null, "created_at": "2024-02-09T14:20:30.422Z", "modified_at": "2024-02-23T11:45:35.442Z", "structure": "child", "parent": 23, "order": 0, "title_ir": null, "title_en": null, "slug": null, "short_slug": null, "upc": null, "description": "# کفش مولتی چویس\r\n\r\n\r\n\r\n\r\n### ویژگی های محصول\r\n\r\n - نرم\r\n - راحت\r\n - ارزان\r\n![image](http://127.0.0.1:8000/media/images/2024/01/31/fkvJC2AdDo3Rlx3AnJJOqakNZIdpxS.webp)", "is_public": true, "meta_title": null, "meta_description": "", "product_class": null, "brand": null, "categories": []}}, {"model": "catalog.product", "pk": 27, "fields": {"is_deleted": false, "deleted_at": null, "created_at": "2024-03-04T09:09:07.146Z", "modified_at": "2024-03-04T13:40:59.082Z", "structure": "standalone", "parent": null, "order": 0, "title_ir": "کلاس جدا", "title_en": "new class", "slug": "new-class", "short_slug": 82777, "upc": null, "description": "", "is_public": true, "meta_title": null, "meta_description": "", "product_class": 2, "brand": 11, "categories": [1, 4]}}, {"model": "catalog.productattributevalue", "pk": 1, "fields": {"product": 2, "attribute": 1, "value_text": "", "value_integer": null, "value_float": null, "value_option": 5, "value_multi_option": []}}, {"model": "catalog.productattributevalue", "pk": 2, "fields": {"product": 3, "attribute": 1, "value_text": "", "value_integer": null, "value_float": null, "value_option": 4, "value_multi_option": []}}, {"model": "catalog.productattributevalue", "pk": 3, "fields": {"product": 5, "attribute": 1, "value_text": "", "value_integer": null, "value_float": null, "value_option": 5, "value_multi_option": []}}, {"model": "catalog.productattributevalue", "pk": 4, "fields": {"product": 6, "attribute": 1, "value_text": "", "value_integer": null, "value_float": null, "value_option": 1, "value_multi_option": []}}, {"model": "catalog.productattributevalue", "pk": 7, "fields": {"product": 10, "attribute": 1, "value_text": "", "value_integer": null, "value_float": null, "value_option": 5, "value_multi_option": []}}, {"model": "catalog.productattributevalue", "pk": 8, "fields": {"product": 12, "attribute": 1, "value_text": "", "value_integer": null, "value_float": null, "value_option": 4, "value_multi_option": []}}, {"model": "catalog.productattributevalue", "pk": 10, "fields": {"product": 16, "attribute": 2, "value_text": "", "value_integer": null, "value_float": null, "value_option": 9, "value_multi_option": []}}, {"model": "catalog.productattributevalue", "pk": 11, "fields": {"product": 17, "attribute": 1, "value_text": "", "value_integer": null, "value_float": null, "value_option": 1, "value_multi_option": []}}, {"model": "catalog.productattributevalue", "pk": 12, "fields": {"product": 18, "attribute": 1, "value_text": "", "value_integer": null, "value_float": null, "value_option": 2, "value_multi_option": []}}, {"model": "catalog.productattributevalue", "pk": 13, "fields": {"product": 19, "attribute": 1, "value_text": "", "value_integer": null, "value_float": null, "value_option": 3, "value_multi_option": []}}, {"model": "catalog.productattributevalue", "pk": 15, "fields": {"product": 21, "attribute": 2, "value_text": "", "value_integer": null, "value_float": null, "value_option": 7, "value_multi_option": []}}, {"model": "catalog.productattributevalue", "pk": 16, "fields": {"product": 24, "attribute": 3, "value_text": "", "value_integer": null, "value_float": null, "value_option": null, "value_multi_option": [1, 8]}}, {"model": "catalog.productattributevalue", "pk": 17, "fields": {"product": 25, "attribute": 3, "value_text": "", "value_integer": null, "value_float": null, "value_option": null, "value_multi_option": [1, 7]}}, {"model": "catalog.productattributevalue", "pk": 18, "fields": {"product": 26, "attribute": 3, "value_text": "", "value_integer": null, "value_float": null, "value_option": null, "value_multi_option": [2, 6]}}, {"model": "catalog.productrecommendation", "pk": 1, "fields": {"primary": 23, "recommendation": 9, "rank": 0}}, {"model": "catalog.productrecommendation", "pk": 3, "fields": {"primary": 23, "recommendation": 11, "rank": 2}}, {"model": "catalog.productrecommendation", "pk": 4, "fields": {"primary": 23, "recommendation": 4, "rank": 3}}, {"model": "catalog.productrecommendation", "pk": 5, "fields": {"primary": 23, "recommendation": 15, "rank": 4}}, {"model": "catalog.productrecommendation", "pk": 6, "fields": {"primary": 23, "recommendation": 13, "rank": 5}}, {"model": "catalog.productimage", "pk": 1, "fields": {"product": 1, "image": 6, "order": 0}}, {"model": "catalog.productimage", "pk": 2, "fields": {"product": 4, "image": 6, "order": 0}}, {"model": "catalog.productimage", "pk": 3, "fields": {"product": 9, "image": 7, "order": 0}}, {"model": "catalog.productimage", "pk": 4, "fields": {"product": 11, "image": 7, "order": 0}}, {"model": "catalog.productimage", "pk": 5, "fields": {"product": 13, "image": 8, "order": 0}}, {"model": "catalog.productimage", "pk": 6, "fields": {"product": 15, "image": 9, "order": 0}}, {"model": "catalog.productimage", "pk": 7, "fields": {"product": 13, "image": 8, "order": 0}}, {"model": "catalog.productimage", "pk": 8, "fields": {"product": 13, "image": 8, "order": 0}}, {"model": "catalog.productimage", "pk": 9, "fields": {"product": 13, "image": 8, "order": 0}}, {"model": "catalog.productimage", "pk": 10, "fields": {"product": 13, "image": 9, "order": 0}}, {"model": "catalog.productimage", "pk": 11, "fields": {"product": 13, "image": 6, "order": 0}}, {"model": "catalog.productimage", "pk": 12, "fields": {"product": 13, "image": 8, "order": 0}}, {"model": "catalog.productimage", "pk": 13, "fields": {"product": 17, "image": 6, "order": 0}}, {"model": "catalog.productimage", "pk": 14, "fields": {"product": 17, "image": 9, "order": 0}}, {"model": "catalog.productimage", "pk": 15, "fields": {"product": 22, "image": 7, "order": 0}}, {"model": "catalog.productimage", "pk": 16, "fields": {"product": 23, "image": 9, "order": 0}}, {"model": "catalog.productimage", "pk": 17, "fields": {"product": 27, "image": 9, "order": 0}}, {"model": "catalog.productproperty", "pk": 1, "fields": {"name": "جنس"}}, {"model": "catalog.productproperty", "pk": 2, "fields": {"name": "جنس زیره"}}, {"model": "catalog.productproperty", "pk": 3, "fields": {"name": "نحوه بسته شدن کفش"}}, {"model": "catalog.productpropertyvalue", "pk": 1, "fields": {"product": 15, "property": 1, "value": "پارچه"}}, {"model": "catalog.productpropertyvalue", "pk": 2, "fields": {"product": 15, "property": 2, "value": "تیتانیوم"}}, {"model": "catalog.productpropertyvalue", "pk": 3, "fields": {"product": 15, "property": 3, "value": "بند"}}, {"model": "catalog.productpropertyvalue", "pk": 4, "fields": {"product": 13, "property": 1, "value": "پارچه"}}, {"model": "catalog.productpropertyvalue", "pk": 5, "fields": {"product": 13, "property": 2, "value": "تیتانیوم"}}, {"model": "catalog.productpropertyvalue", "pk": 6, "fields": {"product": 13, "property": 3, "value": "بند"}}, {"model": "catalog.productpropertyvalue", "pk": 7, "fields": {"product": 22, "property": 1, "value": "آهن"}}, {"model": "catalog.productpropertyvalue", "pk": 8, "fields": {"product": 23, "property": 1, "value": "پیاز"}}, {"model": "catalog.productpropertyvalue", "pk": 9, "fields": {"product": 23, "property": 2, "value": "سیب زمینی"}}, {"model": "inventory.stockrecord", "pk": 1, "fields": {"product": 5, "sku": null, "buy_price": 1500000, "sale_price": 1900000, "special_sale_price": 1800000, "special_sale_price_start_at": "2024-01-31T10:55:47Z", "special_sale_price_end_at": "2024-02-02T10:56:02Z", "num_stock": 220, "in_order_limit": null, "threshold_low_stack": null}}, {"model": "inventory.stockrecord", "pk": 2, "fields": {"product": 2, "sku": null, "buy_price": 500000, "sale_price": 900000, "special_sale_price": null, "special_sale_price_start_at": null, "special_sale_price_end_at": null, "num_stock": 18, "in_order_limit": null, "threshold_low_stack": null}}, {"model": "inventory.stockrecord", "pk": 3, "fields": {"product": 3, "sku": null, "buy_price": 500000, "sale_price": 700000, "special_sale_price": 610000, "special_sale_price_start_at": "2024-01-31T09:53:22Z", "special_sale_price_end_at": "2024-01-31T13:52:50Z", "num_stock": 19, "in_order_limit": null, "threshold_low_stack": null}}, {"model": "inventory.stockrecord", "pk": 4, "fields": {"product": 4, "sku": null, "buy_price": null, "sale_price": 1000, "special_sale_price": 1800000, "special_sale_price_start_at": "2024-01-31T10:55:47Z", "special_sale_price_end_at": "2024-02-02T10:56:02Z", "num_stock": 10, "in_order_limit": null, "threshold_low_stack": null}}, {"model": "inventory.stockrecord", "pk": 6, "fields": {"product": 6, "sku": null, "buy_price": 500, "sale_price": 1000, "special_sale_price": null, "special_sale_price_start_at": null, "special_sale_price_end_at": null, "num_stock": 10, "in_order_limit": null, "threshold_low_stack": null}}, {"model": "inventory.stockrecord", "pk": 7, "fields": {"product": 1, "sku": null, "buy_price": null, "sale_price": 700000, "special_sale_price": 610000, "special_sale_price_start_at": null, "special_sale_price_end_at": null, "num_stock": 19, "in_order_limit": null, "threshold_low_stack": null}}, {"model": "inventory.stockrecord", "pk": 10, "fields": {"product": 10, "sku": null, "buy_price": 120000, "sale_price": 150000, "special_sale_price": 130000, "special_sale_price_start_at": null, "special_sale_price_end_at": null, "num_stock": 20, "in_order_limit": null, "threshold_low_stack": null}}, {"model": "inventory.stockrecord", "pk": 11, "fields": {"product": 9, "sku": null, "buy_price": null, "sale_price": 150000, "special_sale_price": 130000, "special_sale_price_start_at": null, "special_sale_price_end_at": null, "num_stock": 20, "in_order_limit": null, "threshold_low_stack": null}}, {"model": "inventory.stockrecord", "pk": 12, "fields": {"product": 12, "sku": null, "buy_price": 9000000, "sale_price": 10000000, "special_sale_price": null, "special_sale_price_start_at": null, "special_sale_price_end_at": null, "num_stock": 16, "in_order_limit": null, "threshold_low_stack": null}}, {"model": "inventory.stockrecord", "pk": 13, "fields": {"product": 11, "sku": null, "buy_price": null, "sale_price": 10000000, "special_sale_price": null, "special_sale_price_start_at": null, "special_sale_price_end_at": null, "num_stock": 16, "in_order_limit": null, "threshold_low_stack": null}}, {"model": "inventory.stockrecord", "pk": 15, "fields": {"product": 13, "sku": null, "buy_price": null, "sale_price": 500000, "special_sale_price": 400000, "special_sale_price_start_at": null, "special_sale_price_end_at": null, "num_stock": 5, "in_order_limit": null, "threshold_low_stack": null}}, {"model": "inventory.stockrecord", "pk": 16, "fields": {"product": 16, "sku": "TKU-20000", "buy_price": 4200000, "sale_price": 5000000, "special_sale_price": 4500000, "special_sale_price_start_at": null, "special_sale_price_end_at": null, "num_stock": 10, "in_order_limit": null, "threshold_low_stack": null}}, {"model": "inventory.stockrecord", "pk": 17, "fields": {"product": 15, "sku": null, "buy_price": null, "sale_price": 4000000, "special_sale_price": null, "special_sale_price_start_at": null, "special_sale_price_end_at": null, "num_stock": 4, "in_order_limit": null, "threshold_low_stack": null}}, {"model": "inventory.stockrecord", "pk": 18, "fields": {"product": 17, "sku": "TKU-10002", "buy_price": 1000000, "sale_price": 2000000, "special_sale_price": null, "special_sale_price_start_at": null, "special_sale_price_end_at": null, "num_stock": 5, "in_order_limit": null, "threshold_low_stack": null}}, {"model": "inventory.stockrecord", "pk": 19, "fields": {"product": 18, "sku": "TKU-1000", "buy_price": 200000, "sale_price": 500000, "special_sale_price": 400000, "special_sale_price_start_at": "2024-02-09T10:31:17Z", "special_sale_price_end_at": "2024-02-15T10:31:22Z", "num_stock": 5, "in_order_limit": null, "threshold_low_stack": null}}, {"model": "inventory.stockrecord", "pk": 20, "fields": {"product": 19, "sku": "TKU-1003", "buy_price": 5000000, "sale_price": 10000000, "special_sale_price": 8000000, "special_sale_price_start_at": "2024-02-09T10:31:11Z", "special_sale_price_end_at": "2024-02-10T10:31:12Z", "num_stock": 4, "in_order_limit": null, "threshold_low_stack": null}}, {"model": "inventory.stockrecord", "pk": 22, "fields": {"product": 21, "sku": "TKU-20003", "buy_price": 3000000, "sale_price": 4000000, "special_sale_price": null, "special_sale_price_start_at": null, "special_sale_price_end_at": null, "num_stock": 4, "in_order_limit": null, "threshold_low_stack": null}}, {"model": "inventory.stockrecord", "pk": 23, "fields": {"product": 22, "sku": "TKU-standalone-1000", "buy_price": 9000000, "sale_price": 10000000, "special_sale_price": 9500000, "special_sale_price_start_at": "2024-02-08T19:55:24Z", "special_sale_price_end_at": "2024-02-10T19:55:25Z", "num_stock": 0, "in_order_limit": null, "threshold_low_stack": null}}, {"model": "inventory.stockrecord", "pk": 24, "fields": {"product": 24, "sku": "TKU-1234", "buy_price": 1000000, "sale_price": 4000000, "special_sale_price": 3500000, "special_sale_price_start_at": null, "special_sale_price_end_at": null, "num_stock": 20, "in_order_limit": null, "threshold_low_stack": null}}, {"model": "inventory.stockrecord", "pk": 25, "fields": {"product": 23, "sku": null, "buy_price": null, "sale_price": 1000000, "special_sale_price": 700000, "special_sale_price_start_at": null, "special_sale_price_end_at": null, "num_stock": 19, "in_order_limit": null, "threshold_low_stack": null}}, {"model": "inventory.stockrecord", "pk": 26, "fields": {"product": 25, "sku": "TKU-1445", "buy_price": 3000000, "sale_price": 4000000, "special_sale_price": 3200000, "special_sale_price_start_at": null, "special_sale_price_end_at": null, "num_stock": 21, "in_order_limit": null, "threshold_low_stack": null}}, {"model": "inventory.stockrecord", "pk": 27, "fields": {"product": 26, "sku": "TKU-21212121", "buy_price": 600000, "sale_price": 1000000, "special_sale_price": 700000, "special_sale_price_start_at": null, "special_sale_price_end_at": null, "num_stock": 19, "in_order_limit": 2, "threshold_low_stack": null}}, {"model": "inventory.stockrecord", "pk": 28, "fields": {"product": 27, "sku": "TKU-121212121", "buy_price": 1000000, "sale_price": 5000000, "special_sale_price": 3100000, "special_sale_price_start_at": null, "special_sale_price_end_at": "2024-03-05T09:08:57Z", "num_stock": 10, "in_order_limit": 2, "threshold_low_stack": null}}]